3.699030316973228594e+01,3.594315775657406675e+01,3.671728021323912827e+01
7.483084383120542782e+01,8.597646851564469728e+01,8.314705931542519579e+01
8.630426539814402531e+01,8.755356472337250295e+01,8.560691111274734055e+01
9.543572304847722876e+01,8.005634418304420308e+01,8.523836241796237800e+01
7.615011570460710288e+01,8.396750699498099380e+01,9.735418837201960685e+01
8.055100592847678342e+01,8.755232973073071889e+01,9.291775170057496780e+01
6.384185292992673766e+01,5.489148753894525612e+01,8.047956895207643413e+01
5.777132135607870822e+01,6.226359212719598446e+01,6.929755316785305297e+01
5.533422777613479582e+01,5.956422057108744639e+01,6.362640774929026577e+01
5.045028309215442874e+01,4.896803525533042034e+01,3.915214560008970324e+01
4.270784490951226076e+01,5.175656556609207826e+01,3.539984242836468553e+01
6.961320701985277992e+01,6.789180358470841270e+01,6.582531587979369192e+01
5.274001306937837086e+01,4.239078435550715085e+01,3.819622372239809494e+01
3.141038069825759038e+01,2.618714655100977495e+01,3.363456926663531021e+01
5.211450988482080504e+01,6.430657286131119577e+01,4.988578580122248241e+01
3.255517156248389909e+01,3.785989982467793169e+01,5.283527996828283335e+01
3.309451470124578520e+01,5.034807974767495864e+01,2.919920705498863356e+01
3.920035017183288062e+01,5.825163146208394238e+01,4.961791224640490583e+01
4.520474230259760873e+01,4.594603336962753559e+01,4.434523414644156247e+01
3.002564872072093749e+01,4.309883238395534022e+01,3.595509837909739304e+01
7.328656854881413096e+01,5.922717343310694105e+01,5.082892470508250682e+01
2.647998585643093605e+01,4.615749213298174425e+01,4.692645771946219924e+01
2.898551199247625476e+01,2.908676912989047736e+01,4.687811251836863846e+01
3.594079538879660163e+01,3.755104761232036736e+01,3.607822279968979728e+01
5.891269216153985866e+01,5.869282619055051242e+01,7.842663080369561612e+01
7.617625099903479224e+01,6.417677462947223432e+01,7.681181924733377286e+01
4.840903404141235455e+01,6.641427509876659485e+01,7.064530043784588997e+01
5.634577159798158874e+01,5.920493935387262496e+01,7.180083277517709917e+01
5.730972469910444289e+01,5.563057155016213784e+01,6.419115253195796811e+01
6.250433432100584952e+01,4.909951493769855801e+01,6.133870491392861624e+01
8.943875989107642965e+01,8.442138447938630463e+01,8.810364138625732267e+01
7.358258949864107024e+01,4.919282491900048626e+01,6.703719917883078949e+01
5.679267972028870304e+01,6.632552996189760108e+01,6.845301600703400879e+01
3.571976436553300260e+01,4.741781188551032500e+01,5.088721269981642337e+01
5.696898918298008141e+01,6.618147562735641998e+01,6.624816375064273188e+01
6.635724095075416074e+01,6.406627317331469840e+01,7.562721863241641529e+01
8.500199580556790124e+01,7.087312503133433950e+01,8.918265276812361719e+01
9.650095129871529309e+01,8.620313914418923673e+01,7.636694566962054864e+01
5.090114111842672884e+01,3.167531157990053714e+01,2.069775735256407856e+01
5.668124719691418534e+01,5.003919223980575737e+01,6.378412588164163566e+01
5.085206507552758382e+01,6.895754506836205167e+01,7.529969811078777298e+01
8.272317276138605280e+01,7.901340609024060768e+01,9.418810800567092656e+01
2.421836620644931770e+01,3.967402913746245474e+01,4.694383947478608121e+01
6.820176191416418021e+01,6.439506916175926676e+01,5.965518592338995063e+01
4.062583051485469809e+01,4.440210456752106438e+01,5.408721908902086284e+01
6.046386435934751091e+01,7.718475932988037869e+01,5.372730727573206622e+01
6.338316888656338932e+01,6.739454098790743330e+01,6.661520070605389776e+01
3.390141233577877955e+01,3.312635185139544092e+01,3.569869938477582139e+01
4.262694378265230455e+01,4.142992770629061994e+01,3.506965529446313923e+01
5.562710308532888348e+01,6.427647882405108248e+01,8.006849010695955826e+01
5.333388769420060527e+01,6.044377929812227990e+01,7.019464889823625242e+01
4.906944383005361487e+01,3.710983659997243933e+01,4.281627577442339572e+01
5.480283382151500149e+01,6.622454379641418143e+01,7.338586332312013383e+01
8.375952499836195386e+01,8.469742501386376432e+01,8.724809522576096299e+01
7.076058538567541234e+01,6.612761897949923195e+01,6.603832735511656438e+01
7.218711979313896165e+01,7.129318935988517580e+01,5.680521067791895007e+01
5.888681154462945244e+01,5.157070758250192455e+01,8.103585349500076518e+01
2.942170883279852589e+01,5.026234284882171011e+01,3.368195135900175785e+01
6.564229232805901404e+01,6.309265596914409002e+01,6.057888535853960121e+01
5.559515993351458008e+01,6.892527676331192765e+01,6.640228166915140662e+01
7.378999260827050932e+01,9.268077035686663123e+01,8.423115335492175859e+01
4.231589812329001887e+01,4.155072635528407687e+01,4.080267431869692984e+01
4.041243650659967557e+01,3.082429817386856286e+01,4.343042574267128231e+01
7.801193861665694840e+01,5.660718248575101796e+01,7.606216729134214916e+01
4.059394907753618753e+01,3.313775998406521950e+01,3.562841553961607133e+01
5.755805291994322204e+01,6.125847658741617607e+01,7.898843101703768355e+01
4.341157932958620336e+01,3.551280727324939335e+01,4.887539351353645145e+01
6.224419797854043424e+01,7.452633459077301836e+01,5.528456976867892081e+01
7.589409505528874433e+01,8.661564249488395717e+01,8.927759032626640590e+01
7.300005630269588153e+01,6.690560019827671567e+01,8.811323195365015692e+01
4.908219785322550877e+01,4.619112944727892511e+01,2.714994545363694201e+01
7.224862058700935563e+01,7.112023583767496859e+01,7.290617868733718865e+01
4.079227856805760410e+01,4.744670581080423233e+01,5.438075617947451690e+01
5.479985840356717119e+01,6.825520617359927655e+01,7.339265628934610675e+01
7.413911839110619439e+01,7.061378905938983053e+01,8.336379445898860752e+01
1.000000000000000000e+02,9.909958638356727079e+01,8.900941246703274601e+01
5.148795214214171523e+01,4.444192059423539121e+01,2.630821472215632895e+01
3.109117734708097913e+01,3.912415272314346026e+01,4.871309747130689516e+01
3.993676387701410846e+01,4.219073918646765264e+01,3.759388332122612297e+01
6.238767845207233620e+01,5.966006396831649283e+01,7.495584120359832525e+01
9.612050180605942273e+01,7.757059628428945075e+01,8.373968612224565788e+01
5.107925550116200952e+01,3.671322455920628869e+01,4.338804612742275424e+01
8.445491896322030811e+01,8.267121350474124597e+01,8.812717145494559645e+01
3.407579670999762556e+01,3.819421445584291774e+01,3.072717525305918684e+01
4.075861487784300863e+01,3.017667559446525161e+01,2.255707033009448992e+01
6.137410703805348078e+01,3.789218199856771463e+01,2.834411663374985579e+01
3.974768974321786175e+01,3.092745088461337843e+01,2.910350258732435691e+01
9.744394056841717600e+01,6.973087624825936359e+01,9.528474578240179937e+01
7.224362179100421599e+01,9.031356208168081423e+01,8.678565595396503340e+01
4.920179006797962984e+01,2.278202348301091007e+01,5.614612435033748739e+01
2.537283750846798114e+01,4.583863031212423778e+01,5.447131633666216999e+01
7.386989341014898969e+01,5.611032057598013978e+01,8.498568961790640230e+01
7.009665680231196916e+01,8.248020675662657197e+01,6.258782719298165631e+01
6.234516471140672422e+01,7.504925994985421767e+01,7.287618378395909247e+01
8.020543351339861715e+01,7.859915930433882636e+01,8.994060526449601412e+01
3.793343714183106385e+01,3.899139570904072372e+01,3.473851112966025312e+01
5.170642312975649446e+01,3.048989556541719281e+01,3.488198773800201735e+01
8.229156328011083588e+01,8.239678644954213382e+01,7.407792434583245722e+01
8.044180595966250280e+01,5.429243777800267878e+01,6.896089743336695221e+01
6.584430045764025863e+01,6.716585487168369184e+01,6.004864681979972119e+01
6.046176160409389411e+01,7.996722236357777547e+01,6.253848987648829905e+01
8.398952518897735331e+01,8.431256580449837656e+01,9.152236382782031399e+01
4.199684504811953900e+01,2.470547872198796213e+01,3.962917037935387299e+01
7.606191462051552321e+01,8.523410737203369081e+01,8.232699447093051504e+01
3.968234974122417924e+01,4.353963683975769072e+01,3.756458589714666374e+01
6.586063047653414060e+01,8.588860982727409521e+01,7.816804261590229430e+01
9.387071601093143158e+01,8.964046234333187613e+01,7.980981732261668071e+01
4.032964853425296070e+01,3.950787456316290047e+01,4.563318513311827473e+01
9.340194436527447408e+01,7.372720501510707436e+01,7.231819300560668751e+01
6.031369426554158508e+01,7.229244895958157713e+01,4.313184317561507441e+01
5.585708421767705545e+01,6.302153195513956518e+01,7.580837844507449574e+01
3.031681017773769327e+01,4.783073072989759567e+01,4.062894135625430181e+01
8.572150909863923118e+01,9.525801809611802184e+01,7.611950990277919971e+01
8.036266910757377957e+01,8.370482264594868127e+01,9.814478868527855582e+01
6.998037122039248459e+01,6.331136149056376183e+01,4.855432856978012524e+01
5.652887845507768816e+01,6.749738895081223689e+01,7.266247404398865228e+01
7.086713830275182602e+01,9.184397919690952961e+01,8.897711534871730521e+01
6.613458540095685123e+01,6.786644351356740401e+01,6.992360998365987257e+01
6.160947325574201017e+01,5.810340818184118916e+01,5.886546986658174774e+01
3.725119124479696353e+01,2.748948246942460116e+01,4.496958047562321781e+01
4.195001984321318389e+01,3.879001882602899087e+01,4.346075561380921926e+01
3.855433122887991004e+01,3.440017852448617930e+01,3.219661983698129148e+01
8.704650461411331719e+01,8.008769707211334321e+01,8.229653168065188140e+01
6.323430585640191026e+01,7.348150055374236445e+01,5.768189448907566685e+01
4.613740003680034363e+01,6.794128794621819623e+01,4.676534620192890657e+01
2.542919726460289098e+01,5.402118043640751210e+01,4.660570913140247740e+01
4.657549760886941215e+01,4.461031353374568198e+01,3.197346087710652540e+01
5.631883154807970726e+01,5.423352241822005482e+01,5.899012544421576365e+01
6.433359575281730258e+01,6.241422392810479636e+01,7.067627504575661135e+01
8.531223364823433997e+01,8.535742585764548096e+01,9.093413388186797874e+01
2.997355790123869568e+01,4.202563608236280146e+01,4.716174721780944168e+01
4.330394272138202894e+01,2.493337279018540897e+01,4.904382274230057703e+01
3.268355962564862693e+01,4.240571633454182887e+01,3.114734004969697523e+01
7.781087958086408207e+01,7.927779137041503077e+01,7.796300570096744309e+01
7.129896133155430960e+01,6.161225516625225396e+01,5.844813177559412765e+01
8.331615113457623067e+01,8.859829255545395199e+01,7.783275679257148738e+01
4.959643575860661713e+01,5.564389235171030634e+01,4.607467017166774781e+01
1.000000000000000000e+02,8.168920871843418752e+01,9.021354021609657536e+01
5.758782532304388013e+01,6.251320876293527817e+01,6.921963712369991129e+01
3.362433877375035252e+01,4.693745451289610315e+01,1.494476145004655265e+01
3.985977401374258022e+01,2.965892158401686984e+01,3.664332925879198655e+01
8.521678716726803771e+01,8.337993854296708207e+01,8.576817027078496380e+01
3.689314312839042032e+01,6.059218900218697712e+01,4.622346531288353333e+01
3.401000300815265831e+01,3.823475141406974132e+01,4.240890533680554597e+01
4.480596130307806391e+01,3.283128953779376502e+01,5.449014145247295460e+01
3.227634657670508744e+01,2.671206488794382494e+01,4.655524896691836290e+01
5.417206742821583987e+01,6.298089657835225808e+01,7.022343397422214650e+01
6.676019203956209935e+01,7.781236387508431562e+01,6.805266961250222835e+01
4.300086531003352519e+01,2.518061668008836307e+01,3.243794758501299214e+01
6.135917430510914983e+01,7.520889632757132404e+01,6.918123848691536182e+01
6.818142372036572851e+01,6.581675482459748139e+01,6.897935595805232367e+01
4.378146473790890525e+01,6.027994196879865285e+01,4.151805248930121905e+01
4.685435186053221202e+01,4.673456053512049380e+01,4.443293201059274367e+01
6.307986278546582071e+01,6.200994436944711907e+01,6.066691083609768498e+01
6.416162987904426984e+01,5.877835098535222613e+01,5.102631450127043422e+01
4.988798786210714553e+01,4.249127477960540489e+01,4.293642821344710825e+01
6.566609379180411565e+01,6.003594231844279250e+01,5.698638348501792450e+01
4.860508321023089451e+01,5.477151880729152111e+01,3.793045616606514159e+01
7.566493031140171865e+01,6.964067334054834646e+01,5.786221635742396074e+01
6.022993026380225956e+01,7.796611735020020717e+01,5.620111108944068690e+01
8.659614336977105609e+01,8.684030171923198793e+01,8.717561197707526333e+01
6.936218532389771951e+01,6.720458319170036532e+01,7.132066169956571855e+01
5.598631186673067361e+01,4.949513075679264773e+01,4.020539562926399668e+01
4.021268273060879039e+01,4.456429628910788665e+01,4.494552571732240409e+01
6.717551802708871378e+01,5.377842697096231461e+01,6.050143142409046959e+01
9.983966936525260394e+01,1.000000000000000000e+02,8.334186649381774714e+01
4.636184174914970413e+01,3.697329572380878204e+01,3.820214596629342907e+01
4.815048994565394480e+01,3.249164362152613705e+01,3.460281425454140702e+01
7.362203823645393186e+01,6.523917766454080436e+01,6.568213652194729946e+01
8.927037251480544455e+01,8.971952937200003930e+01,6.609348679109713487e+01
6.746792339654736281e+01,7.591508011734080696e+01,6.892331228144105637e+01
3.943989712949759507e+01,3.702865811134345364e+01,4.865881543833388179e+01
7.477262070734666111e+01,9.751017792906009163e+01,8.011435509612284989e+01
5.716782584240568355e+01,8.437748757573426417e+01,6.699620720504687199e+01
6.835231159764656184e+01,6.410316277476999858e+01,6.950394533627724059e+01
6.188185736418276406e+01,7.532306448618427908e+01,7.367324818728691582e+01
6.719390922158062551e+01,5.581065307275987664e+01,5.734267723800677885e+01
4.155283286439065904e+01,4.301123657189782534e+01,3.494086594520516087e+01
7.296584735795056531e+01,8.477055623919011396e+01,8.776216371808443739e+01
6.230059158182237411e+01,4.879338592670893604e+01,6.921746032505541280e+01
3.111255123827423574e+01,4.951027291483099191e+01,4.500540457276922979e+01
8.078475628910975104e+01,5.705527200552996447e+01,5.908950464154680304e+01
5.207909003661682590e+01,4.455309153494017238e+01,4.846864842987502442e+01
8.379133378129323262e+01,9.372729040522048649e+01,8.293906049185216034e+01
6.237340761189706484e+01,6.571950716656793645e+01,7.110292960618843949e+01
3.623701876565763769e+01,3.488897721405326280e+01,3.779886199018653059e+01
7.163655689483914557e+01,5.938459104361071184e+01,5.877255858262459753e+01
8.268275547379451496e+01,8.942143072371708001e+01,8.587146296350169905e+01
4.674227059605090773e+01,2.698233754759657899e+01,3.894981219930890859e+01
3.657337742269514536e+01,3.718293159609416421e+01,4.425847348442678708e+01
8.891364228818125071e+01,9.451750028566743822e+01,1.000000000000000000e+02
8.411606461707496862e+01,1.000000000000000000e+02,7.762186488465096090e+01
7.172787418472526610e+01,7.470695562998329819e+01,9.699819814961948339e+01
3.159862304255431553e+01,4.214219357994009130e+01,3.029824960765927955e+01
6.201075777290613189e+01,7.122357287716197050e+01,6.885340049820575814e+01
5.218210873729437083e+01,5.281133503323194134e+01,6.996882407174489060e+01
8.152549057677263988e+01,8.693060996005289098e+01,9.905877980168239105e+01
9.722321709502463705e+01,1.000000000000000000e+02,8.106372154553551468e+01
1.000000000000000000e+02,8.839562150626079529e+01,9.218400293537186485e+01
5.558741243280917388e+01,3.950426229572413916e+01,3.574097720560613567e+01
3.071270434890608669e+01,4.025896080581624403e+01,4.117857864389176115e+01
6.618910707570138641e+01,7.175676575708072846e+01,6.291054483871182157e+01
8.788784808386664338e+01,9.168556718448752463e+01,8.728724359694344059e+01
3.565953743910539941e+01,4.369769991208499960e+01,2.503025507151210149e+01
2.950557467378230925e+01,4.536982409290958884e+01,3.380278514990349947e+01
6.020896927486153061e+01,6.612426043738233261e+01,6.753181101744127091e+01
4.023287957261335634e+01,4.024733822426158980e+01,3.905911315659903238e+01
6.813008124187302883e+01,5.879812234932732196e+01,6.975441745179011832e+01
3.681777668847833240e+01,4.297860448048243853e+01,4.668491942308995846e+01
7.502898359728276034e+01,7.620593129235120955e+01,7.073176047787487164e+01
9.328307669636592436e+01,9.323352315444466853e+01,8.409519171048194153e+01
7.226614151991972790e+01,6.626977800449991207e+01,6.878175701895020211e+01
6.654302951220179807e+01,5.608737123839956951e+01,6.494308998957298229e+01
6.031571027361423631e+01,5.695086449546347040e+01,5.221175419387262195e+01
9.026777618492427280e+01,8.317329567655369260e+01,9.539074648075512641e+01
3.367572440221664465e+01,4.784858238953466270e+01,2.610062456750311455e+01
3.584182439397120135e+01,5.106508111889696266e+01,3.917193081256218790e+01
5.595546834594922103e+01,5.121773502836528991e+01,6.224426258340147200e+01
5.374589793161105433e+01,4.629058934633263789e+01,4.971645484763155309e+01
6.746430353119720280e+01,7.741341808763934296e+01,5.840083121594683746e+01
9.615547845735746080e+01,8.564415107313071474e+01,9.147794018106837655e+01
9.404975338024192411e+01,8.316972180589192476e+01,7.243580992645463823e+01
8.912804467351614335e+01,8.428252587046522137e+01,8.436600125417514562e+01
6.359220673544417934e+01,6.413981695304309483e+01,5.631133500844939022e+01
6.022170083283947406e+01,7.051245453579048217e+01,5.708376491944301989e+01
5.710432075098552218e+01,6.809758684562920905e+01,5.560103890740777643e+01
4.414323350542506574e+01,3.671634727168788714e+01,4.028962111407861357e+01
5.837151971887636392e+01,5.873258489567389518e+01,7.694163685820780074e+01
7.197097849795197533e+01,9.493322733640528099e+01,7.463219271706915947e+01
6.818608203416076208e+01,7.935452692194054691e+01,5.935587542373801284e+01
6.919605425242446017e+01,7.643799694725510108e+01,7.362617811605298357e+01
3.124235613691001134e+01,4.451913125507714142e+01,4.490476552620066286e+01
8.142214070387095148e+01,9.073546496988861065e+01,9.050635931305892257e+01
3.573289715778420828e+01,4.116876628585918496e+01,2.925338850430188131e+01
9.284949563443214515e+01,7.984387302802389286e+01,8.525237784096559324e+01
6.322798810888924237e+01,6.848601954867262975e+01,6.496520320524788872e+01
6.791027956519963027e+01,7.518026507189300389e+01,5.820983927561617577e+01
5.208292657663250935e+01,6.290091171067265208e+01,7.193217376673572971e+01
4.876123265050077293e+01,3.415430019839023856e+01,4.024942758931702969e+01
7.085450800469683941e+01,8.400700615109496994e+01,9.197923349262623560e+01
6.025190990343782715e+01,5.564947982954858219e+01,6.471653908218252127e+01
5.337990626394464044e+01,7.272273033851250545e+01,5.994564261658326387e+01
6.236018028159720927e+01,6.060794118231319771e+01,6.217117826994045515e+01
3.533055714555055005e+01,3.577259095107579867e+01,4.485032924886966299e+01
6.485150943791002476e+01,6.082141738624297034e+01,6.692800237131740460e+01
4.373194253399606168e+01,4.457916086423482227e+01,4.706719655145941772e+01
7.601781802738871363e+01,8.380815896400514475e+01,9.367237639944275429e+01
3.836382768661441389e+01,2.990739950081761123e+01,2.521703904155666720e+01
7.149933001313577563e+01,8.237942691619643654e+01,5.489733016172429814e+01
6.988014060789211612e+01,7.080062226519100932e+01,5.933552671975542836e+01
6.412569671923134251e+01,7.345577812144748009e+01,6.852330950191837644e+01
6.191065462374032080e+01,5.691885156652060118e+01,6.882911453327847084e+01
7.567379869171136875e+01,8.492364938222230819e+01,7.913580502106262315e+01
6.175999076482396077e+01,5.989524425860783197e+01,5.711217853264601985e+01
4.491575893843553757e+01,4.755961220135370127e+01,4.732214709317236156e+01
3.317528002211874139e+01,3.603801103845075460e+01,5.450988856251775161e+01
3.975333988732652557e+01,3.828499912235908909e+01,2.846417011487989868e+01
8.822359666618363860e+01,8.941413501851440060e+01,8.764236946266338180e+01
4.819805387000617714e+01,3.665385287708952688e+01,3.541064247313264701e+01
7.046590524785152354e+01,7.044321080095896548e+01,7.870793244611185457e+01
5.336534055790006192e+01,6.569582488114346575e+01,6.006043785598784268e+01
7.061713481843325724e+01,6.229916999458818339e+01,6.091502728848498549e+01
8.376776393498857942e+01,7.592616970295121348e+01,9.720469491624353964e+01
5.986958804577346172e+01,7.506479198975365819e+01,7.068950236539112097e+01
5.924896005900171048e+01,6.226025512786749516e+01,6.595652732496026260e+01
4.163334293962018506e+01,4.559607845166995332e+01,2.574180738074206687e+01
3.323743628017945184e+01,4.687236846542188573e+01,4.166200478091299431e+01
8.464869125728635879e+01,9.535062274819505035e+01,9.616014831710701571e+01
2.992042639157885020e+01,2.691405369444784412e+01,4.210326562106412496e+01
3.163431944537310159e+01,3.400780080590765664e+01,4.010554924785152053e+01
3.873190087546821303e+01,4.984446380745360727e+01,2.989397905749841300e+01
6.965406642416768079e+01,7.125752563169062626e+01,8.591927359669065822e+01
9.403349222596499146e+01,9.209784271526986288e+01,7.188657671560683582e+01
5.228725639394105684e+01,3.707254618362281917e+01,3.115836127345985318e+01
3.920132335603639717e+01,4.457487346109368076e+01,3.016394082112321939e+01
7.090312280973324732e+01,7.616624766949765046e+01,7.828048586301048317e+01
6.242587619597207294e+01,5.012258807341876832e+01,6.975500868455888792e+01
3.592380635781788101e+01,3.176299942114072294e+01,4.403850744323266753e+01
8.908540914125802601e+01,9.905186831111768697e+01,7.597889317461168446e+01
5.768769525941298326e+01,6.850871540431710116e+01,5.180622529393015441e+01
3.370076485360490182e+01,4.197483143304972941e+01,3.623908595384899911e+01
3.565239738157261229e+01,4.917902145439848027e+01,2.931634519712102005e+01
4.375228709396871096e+01,3.298182047087546209e+01,3.700674724488632705e+01
6.213722904647173806e+01,6.278584719112297563e+01,6.562203890412769169e+01
4.387714809049361975e+01,4.563212059457323022e+01,3.192827217929397676e+01
8.402055090515418101e+01,8.500791114700032836e+01,8.899260733965704162e+01
4.380102453878406976e+01,3.446453043060311927e+01,3.865078597279637762e+01
4.866546331876141096e+01,4.476728837409858386e+01,3.666663857059146636e+01
8.244423648834560936e+01,7.229496583074872262e+01,5.725224860822639528e+01
5.408842822670036554e+01,7.801068561772541443e+01,7.768866393376960389e+01
6.426781546514231991e+01,5.758820034582983283e+01,7.732671750563054047e+01
7.903017352815058416e+01,9.323284866577628804e+01,8.278540733087693582e+01
6.868440875707449322e+01,6.494870597697799042e+01,5.693411606011159165e+01
3.568821193376724921e+01,3.265660955926134790e+01,3.994147093844041763e+01
9.216692285036637600e+01,9.067837715278395194e+01,8.738992988232621428e+01
8.099522438223719689e+01,5.097416154562235846e+01,7.673673714513451216e+01
5.408988953736024996e+01,7.182970197702213966e+01,6.167540889777534119e+01
6.598070852479395398e+01,8.713172867535166688e+01,7.228900675235482254e+01
5.081345098288085893e+01,5.459903214245692027e+01,3.027474905222430834e+01
7.759203142115639196e+01,7.893511681109220035e+01,8.368915822372066771e+01
8.204142248827888295e+01,7.688349852965760078e+01,1.000000000000000000e+02
4.041465679194277527e+01,3.501117992296512682e+01,3.578794642787107705e+01
3.796829857561775157e+01,3.697754773793382554e+01,4.733049152859653219e+01
7.571712784136698815e+01,5.480054275764881311e+01,7.424421032839606482e+01
4.783585222510355095e+01,6.238169670895555186e+01,6.324670158000273545e+01
5.876586431168806257e+01,4.847294928166547834e+01,4.218475284505240808e+01
6.239555309909778913e+01,6.497072648398135186e+01,6.142247651674389175e+01
6.476539354922081770e+01,5.682664028750374996e+01,7.171135643443871288e+01
3.957300124457191259e+01,4.869060733498425719e+01,3.506416396996178264e+01
5.169884210778688782e+01,4.647355785482537982e+01,4.076351230790189106e+01
5.222848651435091938e+01,4.817235092785188755e+01,4.461866193427744065e+01
7.938927103244502348e+01,9.269084759333836132e+01,9.170105048392953506e+01
7.932214943834920007e+01,8.643483269951403258e+01,8.454939357507554121e+01
4.716484194651476258e+01,2.402026645688112438e+01,2.654138814567178528e+01
3.919661033745721568e+01,4.609173132151192220e+01,3.091363130488081623e+01
7.390906488930706075e+01,7.895792388782825810e+01,7.489085534461842997e+01
4.093174732041137531e+01,3.253419559448531828e+01,3.646021645719991255e+01
4.292355251491262891e+01,4.330186089276790540e+01,4.344656802406306184e+01
9.199210202412429283e+01,9.044291937353962396e+01,8.795628506736285601e+01
5.269226923970410326e+01,6.031710156317593885e+01,5.790109622515833365e+01
9.202621668483398309e+01,8.747888925224002321e+01,8.543546602809593082e+01
7.874242805437758363e+01,5.348441970639494514e+01,6.944590641279523879e+01
7.539594357376391542e+01,6.480594864365424712e+01,7.779392927262296098e+01
3.933333898402708684e+01,4.037301474235214727e+01,5.083440372404497509e+01
9.486743805386171857e+01,7.846579987338658668e+01,8.212096206310573621e+01
7.905263550193500066e+01,8.491920846613426477e+01,9.026415475491101859e+01
9.845281701903685700e+01,7.076992971288289880e+01,8.385515617658195708e+01
3.750185444314677596e+01,2.731517300319795538e+01,3.263635395000559924e+01
4.968545527170846299e+01,4.243134417779709366e+01,4.684663838484792109e+01
4.198338403615204584e+01,4.354644193004806141e+01,4.346261523834749596e+01
4.437697844351472298e+01,3.353095624101955963e+01,3.512994461083739139e+01
6.444365597973535387e+01,6.345697632087925655e+01,7.440480270584680511e+01
7.254584217648302058e+01,6.035061125060525455e+01,5.665877134162629147e+01
3.539204878212981242e+01,4.260415042271414876e+01,5.622916669939673540e+01
6.321040733426687552e+01,7.543698895884199374e+01,7.395812278601837875e+01
2.919559961003284343e+01,4.690095225439137749e+01,4.407233574874793192e+01
3.663077613874276039e+01,4.094931335779196502e+01,4.789797882386727679e+01
6.479383363499582060e+01,6.936062923585124906e+01,6.649852418504933382e+01
3.392653290032444602e+01,3.993000482594725042e+01,3.072008448245406598e+01
6.218578107161665969e+01,6.495423855862433982e+01,6.083466428312642904e+01
3.815891045510689850e+01,3.862719521299943892e+01,4.683967802531751090e+01
7.217933755945055907e+01,4.924009164881907452e+01,6.310379322447224837e+01
8.141388919025411042e+01,7.473262019072012663e+01,7.578545336754429229e+01
8.334198487668324162e+01,8.862457203060731104e+01,9.630158491328012360e+01
7.903376868445243986e+01,8.677555394751703943e+01,8.652197030525519494e+01
4.829707950940228756e+01,5.007822285522858152e+01,4.867172995090474785e+01
5.397900609753031631e+01,6.790895038058020816e+01,5.945756132540147121e+01
9.617886891118726567e+01,8.604390959787245663e+01,7.554983635462467362e+01
3.435847032856538874e+01,5.001684339606873664e+01,5.189992462337995960e+01
5.178252988471655271e+01,6.769239172128092719e+01,5.717768544488662030e+01
4.444991307978624206e+01,2.514090533028068108e+01,5.029412803165644164e+01
6.356291643269128144e+01,7.830825589506966367e+01,7.718316855495993423e+01
7.415206081106884994e+01,8.050967321573826041e+01,8.652418531391090539e+01
4.703163222160713985e+01,2.802101463924370606e+01,2.951762600187648644e+01
5.185013751350487610e+01,4.890662208365704089e+01,5.967451925131742030e+01
4.041358657142891531e+01,4.384822931810924018e+01,4.406182761310601848e+01
6.596300677735234785e+01,5.505659181273409786e+01,6.102784151971447102e+01
2.494902014092004094e+01,4.721364065057885284e+01,2.691849489175630339e+01
3.128593503889358729e+01,5.135124838956242854e+01,4.313999149601291094e+01
5.915695898614990256e+01,6.184260075888850849e+01,8.152156190470657293e+01
5.955464898200125390e+01,4.795941884993183635e+01,5.369658482671946587e+01
3.553068618365173847e+01,4.884793820102368755e+01,3.495120439964703962e+01
3.820814269003383146e+01,2.063057714088648353e+01,3.758469428466467832e+01
5.712526587028982306e+01,7.418064371758640618e+01,6.172678680225237002e+01
8.040239235873259815e+01,8.408098209670735912e+01,8.576342309854281609e+01
7.593744327313532949e+01,9.517939771131011639e+01,7.880706040911663024e+01
4.869850586957819871e+01,6.133434699604123352e+01,5.890834765050100685e+01
6.561353105201763469e+01,7.093479431624972165e+01,9.534138099584572501e+01
5.490714500222701133e+01,6.146121559104875587e+01,6.824802153325123300e+01
7.226139692022583461e+01,5.715067062866740599e+01,6.198641289670272414e+01
4.285702941017056844e+01,4.873266895501977558e+01,4.389454837719426905e+01
8.456539998742823627e+01,8.014542571429990403e+01,1.000000000000000000e+02
2.802122601023785720e+01,4.472514463997499234e+01,4.503518356418707214e+01
8.984958479958211797e+01,8.334244110830047703e+01,6.948427436866427342e+01
7.882953419927761729e+01,6.683180924119396593e+01,6.798999873655141357e+01
6.212515347752667338e+01,6.499099280482694496e+01,6.625039417548973120e+01
5.644640525170513001e+01,5.999720466751433179e+01,5.603618801323963083e+01
6.966893430501896489e+01,8.355654510344922414e+01,8.029618543971713507e+01
5.270620885719409898e+01,3.502234043764225646e+01,5.648238536419262346e+01
6.227785863278671030e+01,6.985326699872686618e+01,5.964093754896799027e+01
4.338428779784320000e+01,5.099926169174374024e+01,3.677540911195084306e+01
4.532468189050743490e+01,4.868229603556727625e+01,4.293225125789783903e+01
6.984349615304310532e+01,5.829208035102514174e+01,7.217062838994357321e+01
5.156100765541226849e+01,3.938115056143316650e+01,3.842491441036872146e+01
5.640023237113034327e+01,6.791476065594875422e+01,6.326421129012916111e+01
5.048031754293560169e+01,4.699473942757109768e+01,4.865099835149717222e+01
3.841860893854478576e+01,4.463847875238566587e+01,4.016013521746804571e+01
6.713464482631790986e+01,7.029051861290491843e+01,5.781708857045489225e+01
8.714391857585944479e+01,8.340227913988350394e+01,9.586203730348536567e+01
7.400972985422679074e+01,5.532716341102448609e+01,6.398542003477636797e+01
9.394418654825243209e+01,8.501588656848925041e+01,8.723827736235124064e+01
4.367920213046216560e+01,3.943066408917530907e+01,2.491390711543097325e+01
4.077581949545428586e+01,5.690558423670463384e+01,7.345793098010065592e+01
3.433981363196843262e+01,3.908435991745353988e+01,4.407720610565024089e+01
5.776159933009019198e+01,7.311338609798639254e+01,6.579207698161874873e+01
5.183012553732157102e+01,7.018267738476453133e+01,6.680517540568951063e+01
8.821704939048646565e+01,8.375601530681704787e+01,7.389326201891577739e+01
6.124346791222098574e+01,5.478396841158524921e+01,7.063995028804909282e+01
4.004813344348857385e+01,4.358659252778527815e+01,4.932246028437741359e+01
6.468995991982143323e+01,7.973799805179596945e+01,7.130758840233900742e+01
7.503215388266229979e+01,5.821343688361671553e+01,6.630072784732045932e+01
5.306355322010364972e+01,7.259499064158418946e+01,6.594975804426438515e+01
6.441332200799816121e+01,6.449142394115875732e+01,5.474699247773504140e+01
1.826610729283745727e+01,3.641314831941902241e+01,5.140636378861803735e+01
8.811771958251897274e+01,9.130977994642837814e+01,9.475737492035651144e+01
8.863469202436155570e+01,7.968597394213591656e+01,8.729826043231386734e+01
7.711351015903083805e+01,8.579881944626505685e+01,7.928408702069229719e+01
3.747860488091821196e+01,2.452375411429505903e+01,2.985588866524802398e+01
4.179437845745275126e+01,4.480767427759917609e+01,4.266025850478112602e+01
4.277344598994967129e+01,5.295548126458633931e+01,5.151954511280528948e+01
7.340936181828439544e+01,8.520778351333942169e+01,7.247796096205961192e+01
9.178607860100343885e+01,8.161131009282622983e+01,7.423165766050030356e+01
8.558231933537864222e+01,8.610212411518273257e+01,9.163249296810700173e+01
3.100056515918276290e+01,5.012619940133244256e+01,4.852548139776038028e+01
6.863856780509607347e+01,6.034641551384322611e+01,7.218537459725325789e+01
3.004422569919139718e+01,3.288962149415264946e+01,3.943455694678343093e+01
3.980438545002714079e+01,5.117862449975595496e+01,4.714906835687551734e+01
5.892958784382119575e+01,6.681246933013102307e+01,7.125094967593896911e+01
6.714335299480120511e+01,5.189685226591107892e+01,5.714761281244355473e+01
7.295975355328374690e+01,6.871368475855503277e+01,6.190904032208494101e+01
6.524648545399352884e+01,5.575259164621808594e+01,5.555611341659813718e+01
7.980333494446490761e+01,6.954456530616171506e+01,6.973708064978507082e+01
8.019993418767593596e+01,9.071223478923866423e+01,6.651478928260765144e+01
5.419265218422458474e+01,6.381196164031133122e+01,6.685822425003497926e+01
7.378182248837572388e+01,5.999512545150645337e+01,8.364568551560212484e+01
5.768227051718936593e+01,5.492249354679445617e+01,6.146058554454824474e+01
6.497057236750202946e+01,6.676283066245568421e+01,6.301066486314111614e+01
8.526218065030647608e+01,8.694071936994457417e+01,8.073055392725602530e+01
4.640942697825383334e+01,4.118982540736218567e+01,5.030452856209747381e+01
7.045350946999914754e+01,9.707190579049418488e+01,6.392228877427623956e+01
3.966562217699590320e+01,4.802781032702131370e+01,4.863452525145696370e+01
3.089419640199798067e+01,4.593543935767144148e+01,4.654422202979017698e+01
5.695973014508587795e+01,7.555227572932889757e+01,5.266618101123700058e+01
3.652933087273299151e+01,4.872458869899078593e+01,3.870699388780130334e+01
8.161355799204848438e+01,8.383120661687574682e+01,7.967195334468594581e+01
5.778725222243749471e+01,5.707140571180273980e+01,5.766144857824611591e+01
3.886487201143085457e+01,3.935290837043894641e+01,3.725983321040489926e+01
8.861718308146350864e+01,8.245279781502281935e+01,7.152872111108813158e+01
7.053422516106397211e+01,7.635954206755407370e+01,7.854568262370406728e+01
3.855702197977354473e+01,3.228282061706728712e+01,2.649831558525291797e+01
6.003623369348591154e+01,6.068692513399942357e+01,6.496107425422965775e+01
5.377887953596519566e+01,4.218290014420618661e+01,4.303750064491187288e+01
2.276776142917035628e+01,4.165710333325665005e+01,4.293247042839751515e+01
5.861225056662240718e+01,7.277306407794463894e+01,7.083033107871025891e+01
6.920147085564863687e+01,6.605294434589583830e+01,7.659118820913624859e+01
8.024258557963865712e+01,6.584688122536913113e+01,6.933930192952654181e+01
4.585942247810270800e+01,2.624671092899162517e+01,3.677126305184532384e+01
5.155474961674745060e+01,3.006609750278906290e+01,5.917901271678161379e+01
8.319348024254720997e+01,6.313539872704779299e+01,6.778246945738064255e+01
7.062877932777315948e+01,7.291414906736235935e+01,7.248937653449110030e+01
6.502141702007912727e+01,5.100053882237240543e+01,7.579537357481564186e+01
6.175012700085627415e+01,7.912522284668762040e+01,5.837719474002236097e+01
6.304986301283324934e+01,6.410801468284846294e+01,7.119509429538744882e+01
2.450529567503851780e+01,3.751612819043244684e+01,3.771021640127464991e+01
6.098956537319769922e+01,6.130378805489208816e+01,7.463794466719556908e+01
7.790777362787702032e+01,8.279081552985311987e+01,8.468737515427066853e+01
6.959144492293143003e+01,7.580920495817930771e+01,7.173342508882184632e+01
4.062776062541609434e+01,3.675485893989730357e+01,3.632307931140859125e+01
3.840934717616902816e+01,2.982515852399291845e+01,4.317625281835184126e+01
4.507519672929069543e+01,4.080810111729506673e+01,4.079940525281521957e+01
6.081849852230750031e+01,5.761510022890859517e+01,4.500707328359848702e+01
3.968856639612127424e+01,3.749566171259035485e+01,3.345201918071691694e+01
4.559738620282290356e+01,3.237143348244778451e+01,4.296486487059429749e+01
8.563584941438693932e+01,8.564359171652947111e+01,7.406008481302178836e+01
9.071115323998510860e+01,8.294554867513930674e+01,8.918691884737836517e+01
6.134672814886088332e+01,7.639055077555528328e+01,6.071512867792723966e+01
4.548185666571424690e+01,5.678789968464956672e+01,6.708709213853353504e+01
4.197022473195086434e+01,4.394978171568198633e+01,3.536644012380080682e+01
6.563514371730931884e+01,6.911559567552848193e+01,6.288083156877375046e+01
5.526108776353621010e+01,4.977084903450673892e+01,3.361483436170851746e+01
6.652657017491939939e+01,6.669153664828183992e+01,5.160740105475824890e+01
6.647615792555249925e+01,6.134916401353309823e+01,6.492748794057813200e+01
7.491705982520200280e+01,6.725685874423976429e+01,5.517706019304463894e+01
4.569944094794428935e+01,4.820549347386771899e+01,2.059273276052264734e+01
6.943228975771619105e+01,6.111068644661833105e+01,6.779560978627313261e+01
5.885153092718319101e+01,6.505104525595639586e+01,6.624319437321112503e+01
2.542433416345535591e+01,4.898481688208715923e+01,5.652019406160684412e+01
7.226573944667231331e+01,7.450009499322788997e+01,7.629809498117724331e+01
8.182845376145560579e+01,6.702690712396348260e+01,5.955138293856404630e+01
4.168233032868917576e+01,3.428098750481991885e+01,5.049620209775931556e+01
4.723040103521147159e+01,3.160562531268953990e+01,3.997600285223568051e+01
7.520195621665976660e+01,6.068616033256466835e+01,7.034232143898796608e+01
4.072640018888038327e+01,4.483833266040454646e+01,4.864684963960696962e+01
2.670796064209191911e+01,2.524703639065980099e+01,4.204065635094206499e+01
7.581367284297964204e+01,5.448483488587483237e+01,6.207224285014235221e+01
4.236880471698616191e+01,4.250170063419841426e+01,3.796929951099573231e+01
3.108306429545658744e+01,3.816565877158153341e+01,2.725764592222778049e+01
2.881512272160919252e+01,2.765099837982334918e+01,4.522595906624981410e+01
1.000000000000000000e+02,8.300590820209217213e+01,9.162762042364614956e+01
7.830305395856440498e+01,7.526527285083409424e+01,5.818217919431562990e+01
8.472943830417385414e+01,7.408304082481660657e+01,8.782992319307183493e+01
7.160419412966902541e+01,6.406398758822429329e+01,7.031860129562819850e+01
8.850583278676954535e+01,8.030537487811741926e+01,8.068659635204394931e+01
5.542848308842403071e+01,6.357337954563210758e+01,7.377835586616096464e+01
7.570543333486712356e+01,6.879629348111184584e+01,7.323054223341959812e+01
3.409954508745644830e+01,4.019639865923190314e+01,3.742925975970203467e+01
6.413649762725275139e+01,8.188241299140668161e+01,6.191349951125730655e+01
5.578817149450937052e+01,3.162232991938370930e+01,4.488672824909351533e+01
6.577688328338530255e+01,6.162367652394985384e+01,6.156626038182370309e+01
7.112653997009199713e+01,6.235623624503180196e+01,7.641521657391793099e+01
4.594885600079746979e+01,5.316266134558370027e+01,4.779974275547307627e+01
7.207950920709146203e+01,8.976556436159955865e+01,1.000000000000000000e+02
7.413998626340880094e+01,7.485615762860831524e+01,7.562071043959730332e+01
8.120329652686407940e+01,9.132125173676560337e+01,8.580434978785582700e+01
6.547052015985964601e+01,7.306482288211316245e+01,6.783478492065651722e+01
1.628376929726679023e+01,3.565203593653892256e+01,5.936332009797921927e+01
5.935834171753365496e+01,7.151390720303919579e+01,7.329844480002886087e+01
2.965196112529299199e+01,3.349620780287855837e+01,4.188095954521332231e+01
5.901982937308995503e+01,5.834360818874169752e+01,8.016764239878645526e+01
5.579208073010423163e+01,7.390727473493737421e+01,6.426693158434477482e+01
8.585321633815347298e+01,7.864588333950398180e+01,8.322430188709438426e+01
6.783367044791623357e+01,5.871752243719990361e+01,8.651684847677969969e+01
6.337989971725745875e+01,6.185089363491299252e+01,6.082030754832694441e+01
4.233450213941048190e+01,4.895269667880820919e+01,3.626568649565184188e+01
1.000000000000000000e+02,1.000000000000000000e+02,8.851334399808106923e+01
2.992469546635093280e+01,2.949465825440050182e+01,3.876311393104072778e+01
2.890846197383845606e+01,2.872024237532899349e+01,3.860929839924306606e+01
9.588626478920940599e+01,7.451375303566760522e+01,1.000000000000000000e+02
6.627945261380716602e+01,7.214317861586737024e+01,6.984648640909695416e+01
9.428525862329014728e+01,8.693704022960270095e+01,8.020718516287587363e+01
5.938042660714770449e+01,7.223242293872411324e+01,6.160466445842258310e+01
3.961986422240242689e+01,5.164182717113851595e+01,4.366320744406327492e+01
6.414234802952553594e+01,6.321644130976707743e+01,6.947708997043571344e+01
5.086547317683982783e+01,4.925073037519218389e+01,4.612274028909028090e+01
8.446116464770538812e+01,8.332920383707120493e+01,7.240491353899447802e+01
7.770057205406433809e+01,7.207549044441000774e+01,5.762733101063764707e+01
8.875763767844111385e+01,9.225598571601332765e+01,9.289971707271803325e+01
8.201397008981123804e+01,9.589779398187607740e+01,8.378931464392218231e+01
6.421754995236676677e+01,5.843727741805523834e+01,6.802372460418817468e+01
8.658829304090146195e+01,8.387411277542241805e+01,9.022946707071015737e+01
6.202678219161876427e+01,6.441781332891230250e+01,6.348644464126194009e+01
7.394374112820595712e+01,7.870084314235218415e+01,6.197739149911466683e+01
7.224294433317260200e+01,6.811269192987683141e+01,6.985713973302146940e+01
3.965853523018018478e+01,4.330313116177920563e+01,3.419084477850912407e+01
6.432912666902139165e+01,6.863770901970536897e+01,7.486738654696218020e+01
4.502473462532127968e+01,3.594246685495321714e+01,4.006693802605161636e+01
8.183858942816584658e+01,8.738817409078994558e+01,9.495696805434654664e+01
9.514634283707839302e+01,9.070505845277715196e+01,9.795213880492440239e+01
8.316649671057380999e+01,1.000000000000000000e+02,7.760340171526451059e+01
7.034348533744426391e+01,5.120146209727356279e+01,6.404012147769354613e+01
3.079308392651546455e+01,3.929698606067503874e+01,4.752231571906871466e+01
5.371846108920624374e+01,6.803837356108483903e+01,7.159159397752573284e+01
3.554381923945567223e+01,3.973753352176002096e+01,4.476126405133484809e+01
6.181710562655328545e+01,5.812759209325196963e+01,7.426800463524099882e+01
5.865351429480612921e+01,6.824065336883884925e+01,6.319350638759719629e+01
3.677469858455960861e+01,4.432904670574432515e+01,3.337932607412270869e+01
3.461623185818028503e+01,3.620735621306911156e+01,2.730005741014959142e+01
4.291232864890562126e+01,3.933719098665962122e+01,2.758411077499130926e+01
8.754494805256921097e+01,7.923051248845058581e+01,9.110915726346171084e+01
4.879014540812209333e+01,7.202527151219602786e+01,7.573624276595580795e+01
8.115095223450222761e+01,9.427157803543954628e+01,9.321738366861050906e+01
3.509165952568680069e+01,4.704738770559358585e+01,3.984813920255310649e+01
8.192842995338597234e+01,7.556695852696417148e+01,7.853607173543551312e+01
3.926113434529696633e+01,3.319840293115309748e+01,4.073812480114541756e+01
7.167535393820119793e+01,6.418623581480930795e+01,6.035498000586898115e+01
6.286705742823706089e+01,6.982400157290311427e+01,6.381300014727791137e+01
3.941425340812942579e+01,4.305017112064780349e+01,3.347338681612453826e+01
3.546652994530168002e+01,4.404045076959701532e+01,4.624358544488055855e+01
3.065798465921264437e+01,4.865874443548197803e+01,3.383897533887449782e+01
4.189558889236759853e+01,3.933240973418725162e+01,3.648009836376233039e+01
6.211640277471764193e+01,7.018386450955247824e+01,6.723571289336273082e+01
3.864359427439644890e+01,5.473004491541523464e+01,2.988455711058229269e+01
2.858637244000418676e+01,4.190684074622857480e+01,3.732960491750375098e+01
3.947281569752892239e+01,4.506560347767447894e+01,3.560410257951229340e+01
7.116635154513450345e+01,5.067935842034150795e+01,5.420686091549298169e+01
6.397661233595599128e+01,5.588714028744576012e+01,5.645164322470688489e+01
8.042666355573685166e+01,6.701289802480285118e+01,7.221021391647740018e+01
8.803456759690800482e+01,8.658533871727988185e+01,1.000000000000000000e+02
8.176430618160624419e+01,7.288394220805390944e+01,9.267119783533807720e+01
9.312994554574453332e+01,8.525221049057240919e+01,8.352028027812102096e+01
7.090310391638691101e+01,5.258938640480454296e+01,7.861354758039088608e+01
7.444422332103124518e+01,7.003521289649651749e+01,6.967067446502933592e+01
6.649739520492170186e+01,5.636164875576912436e+01,5.531119527792054669e+01
6.714159360407278143e+01,6.709162124064363297e+01,6.367032069135142791e+01
3.703401008048064824e+01,4.076482246315160296e+01,3.737246576876390947e+01
7.374587273485212791e+01,8.488777691673641357e+01,6.284162449116099936e+01
8.436750812527068888e+01,6.646449885577827388e+01,6.774695204587852970e+01
8.565183440261145620e+01,9.586525091761824058e+01,8.579843200563850303e+01
7.602494602744870633e+01,8.152753027352325432e+01,8.243805201744122257e+01
7.963400714292500027e+01,7.697298591856051075e+01,8.398957463544937241e+01
6.200386421624421018e+01,6.832921245819356670e+01,6.522182943510473763e+01
3.525659303743680084e+01,4.885727428354636004e+01,4.234461322613532985e+01
6.741048232571105814e+01,6.354679630600612938e+01,7.125403678003600305e+01
6.855953713652559145e+01,7.532962088519553845e+01,7.352541696932462401e+01
5.563754012328996623e+01,4.281969997750971402e+01,4.271195608379861142e+01
9.345090228440105307e+01,6.122144147749321519e+01,6.811305223351543248e+01
5.282774580736875691e+01,7.061054062564582523e+01,6.046375102339446528e+01
3.871936024737584603e+01,3.560968030162312914e+01,5.406732491594422640e+01
6.911922220122981741e+01,6.300803245616349102e+01,7.069012947283738413e+01
6.578915665182401540e+01,5.615959339028425035e+01,5.775598480918052502e+01
9.238370504227357571e+01,7.022361490436897213e+01,9.565720217584046736e+01
4.290958520274369903e+01,3.825576697516462588e+01,4.954894857485101767e+01
2.559617046612655500e+01,5.514439108338034856e+01,4.545914007850234384e+01
6.054520566541491178e+01,5.909819390835025388e+01,6.398227367312102132e+01
9.193883434529422516e+01,9.689085002617784426e+01,7.961826843535118314e+01
3.814842561848967506e+01,4.475752169096146815e+01,3.805177566620110952e+01
5.596627132237252766e+01,6.593825834858971291e+01,7.317148473814620502e+01
8.802002869081111669e+01,9.082835178738217508e+01,8.675138096745651239e+01
5.233250957683884508e+01,6.671937647283367312e+01,7.603150264515645063e+01
8.298844745645696719e+01,9.405120740780310484e+01,8.692315719628992099e+01
7.723006535501025382e+01,7.066452425608108001e+01,6.741693860108495073e+01
7.193018329557209256e+01,6.102114615699651523e+01,7.155224072047242601e+01
7.143347066484805907e+01,5.945593801546628043e+01,5.521502880117653689e+01
3.751040604614725282e+01,5.080792751022774922e+01,4.570455425481269174e+01
4.506737232821879502e+01,4.483994700543098588e+01,4.997769136913960608e+01
6.889558208397446037e+01,6.504935492267388497e+01,6.081670131977111993e+01
5.798862215631587702e+01,6.335351553934968649e+01,7.420191294384912339e+01
5.753773387175957055e+01,6.501969468470093716e+01,6.064431287988610109e+01
9.206802895763719619e+01,7.871845266995116219e+01,7.497589506372014512e+01
3.915820692599302788e+01,3.683804683997222895e+01,5.173745000567233632e+01
1.948204526543546322e+01,4.627875229286507874e+01,4.217895804219391920e+01
4.117500138497454998e+01,2.846026519323471859e+01,4.869669751401947622e+01
7.205289306820300510e+01,8.637769720681043850e+01,8.998402036056373277e+01
5.828868428787348677e+01,6.697771342095977332e+01,6.375525526011428212e+01
3.965239492392858978e+01,4.133159075158582141e+01,4.285713539543097994e+01
9.349929451219674092e+01,8.505318561214120621e+01,8.961617536748890700e+01
7.330302583122062288e+01,6.632973115630507266e+01,6.302401007566226809e+01
6.535810736747036742e+01,5.501592797136908075e+01,6.105969507509053074e+01
2.739504538263507882e+01,3.470866486154547204e+01,3.074028294213262313e+01
7.013702636947613200e+01,7.050728843111028254e+01,7.696400929107140598e+01
6.063637474776886194e+01,6.332906587301911827e+01,6.732972737053511025e+01
6.939503748925098137e+01,6.862746898671625218e+01,6.866297317947643819e+01
9.130681789626994771e+01,6.970118981242626433e+01,8.437052322309851604e+01
8.900039651470773094e+01,7.034656848219931646e+01,8.693047419504988227e+01
4.079768301059272773e+01,3.823344971559736649e+01,4.568219901176941278e+01
5.543311103972282439e+01,7.118495978473798402e+01,6.507443597908319077e+01
8.664354707442259951e+01,9.216313293387473493e+01,7.988342905069987410e+01
6.524845992290369168e+01,6.088244194083562633e+01,6.516072553152379498e+01
5.399803135557036171e+01,4.903664683381967393e+01,2.409699336318923102e+01
7.415116136458107121e+01,6.147190147725256537e+01,7.008035972345507503e+01
7.100765043991347625e+01,6.919171848219235699e+01,8.006119218122171333e+01
8.783975962002701010e+01,8.399676447012376457e+01,8.535557383087277117e+01
5.048343600665214126e+01,3.520641811973661817e+01,3.777345952230670889e+01
9.011685212028378089e+01,1.000000000000000000e+02,9.342103791709253358e+01
8.776955961871661316e+01,6.398939923002190255e+01,6.956320080079950685e+01
5.952044326987063272e+01,7.053090371019870020e+01,7.947430754841272460e+01
9.014822290972527696e+01,8.942575057555147566e+01,9.281665516794573989e+01
4.754212640980220073e+01,3.212004057820446690e+01,3.635577723997255362e+01
5.728705568785342450e+01,5.698609005382379422e+01,7.970518811812856086e+01
7.072843561359664477e+01,6.066347505993532963e+01,7.994316862579256622e+01
2.583036129286509919e+01,5.469516135863210593e+01,3.046494951246499738e+01
5.855182763006617819e+01,5.987259672389889431e+01,6.726583821794690721e+01
5.870829034580147976e+01,5.349848581626488198e+01,7.377195372606897195e+01
3.890821030497317423e+01,5.158170386619256220e+01,5.339747733393116391e+01
6.037864492203895850e+01,7.320446684574160656e+01,5.159326581928191047e+01
6.712268932284123935e+01,6.890227716601772556e+01,5.795107533439647085e+01
7.981478683764605364e+01,7.322681641895482585e+01,8.666405209659343711e+01
4.599376717528735270e+01,3.112592755276391898e+01,4.781586184542905471e+01
9.460397350114715209e+01,8.718346262048878259e+01,8.217469049590647501e+01
4.678812884310803355e+01,5.236717183822918287e+01,4.192057210113664212e+01
6.050156339554764884e+01,6.835419730720207099e+01,6.495045844392051038e+01
7.776399469972582779e+01,7.648072272791404203e+01,9.270361186477832405e+01
3.714901554746865031e+01,2.693984766398058639e+01,4.842542454310535760e+01
5.044592094898035839e+01,5.655695779131431777e+01,5.910294043618808502e+01
9.074289723956439957e+01,8.650257319295481295e+01,8.148033069248837990e+01
2.939952293739717248e+01,5.292344218542876177e+01,3.186791502474645199e+01
4.460955751474794084e+01,2.915051051255336745e+01,3.461883079048405421e+01
9.334355937810076398e+01,9.168508365513039848e+01,8.126665144354322479e+01
7.222276792625544317e+01,6.093310499725171780e+01,4.813154159579284652e+01
7.754779732817436866e+01,7.862249599650183995e+01,9.860507373085164318e+01
6.024433300162148441e+01,6.310012606028130477e+01,6.026224668868238155e+01
5.541895804184182595e+01,3.722055063611044545e+01,4.106015508662446223e+01
7.630853708433713223e+01,7.604710252855717556e+01,6.650515311416432951e+01
8.682906844787936507e+01,7.677342759582634812e+01,8.114765195195525394e+01
8.875262225613825251e+01,8.408276831061454004e+01,9.597869016763746686e+01
5.399774762745057899e+01,6.550026730267016717e+01,6.264039843941834818e+01
6.305910096148762278e+01,6.874142701845686076e+01,5.890327853346585840e+01
8.524510659612134589e+01,8.116308830495994187e+01,8.171550774046477272e+01
7.114639590926746848e+01,7.572309866421375091e+01,6.243969796366631186e+01
7.442078264127133025e+01,4.543810989070556872e+01,7.839539954021371670e+01
4.747745650317064303e+01,4.314512722517939380e+01,4.368917113087868387e+01
2.929294070940924399e+01,4.837852228859006942e+01,2.881851069505277252e+01
8.445408075891414512e+01,7.412122945788956940e+01,7.539093626771882839e+01
5.106161607257305235e+01,6.327258568368481662e+01,6.199738699713798695e+01
8.127485218707232661e+01,9.197625438768363892e+01,8.253991953340582199e+01
3.200012175351682231e+01,4.285370111228762369e+01,4.597477448507435582e+01
4.675508152388255922e+01,4.009140844448527474e+01,5.063168472349591553e+01
4.001719264342148819e+01,2.956786994217662823e+01,5.301784913330857307e+01
4.802250228390805376e+01,6.467022038242942017e+01,6.159771835889379332e+01
6.668502181801285644e+01,6.790769989171829479e+01,6.960423081530646527e+01
7.187296134256665425e+01,5.677304420725601375e+01,7.890842186746451148e+01
6.916856331664992297e+01,7.028600281944329708e+01,6.371198486730241228e+01
9.547439825912471179e+01,7.809104246922008485e+01,8.138156052586373335e+01
3.772092746893940074e+01,4.158232065553481505e+01,4.871373997368634434e+01
8.988055010288346125e+01,9.111274652814513786e+01,7.026430630284914969e+01
8.009362712350082347e+01,7.041860011137414688e+01,6.859669619706646415e+01
3.553478571283425680e+01,4.362464059750210765e+01,3.988691792631497890e+01
8.451643362792117387e+01,8.240036219824240504e+01,9.550151273147704956e+01
3.957407361088737474e+01,2.815829871100152459e+01,5.293025402850980754e+01
7.176662659053259574e+01,6.310977091613449375e+01,7.439359476515321035e+01
6.457883815329351762e+01,7.042374409897925602e+01,7.309631180315683707e+01
9.131633782207097738e+01,7.157195160051868754e+01,8.243662520852538478e+01
6.645558205074829061e+01,6.024366914049769406e+01,6.157481418857064170e+01
8.341971888679634617e+01,8.482647098805487929e+01,1.000000000000000000e+02
4.328169612543641165e+01,3.627385468113537570e+01,5.899685240021145205e+01
6.009301453305233309e+01,6.391304791282634312e+01,6.293802877657691397e+01
5.397358611157534369e+01,7.544324957435412671e+01,6.219973824380977589e+01
3.497249919054293343e+01,2.000055420734083000e+01,3.134640225853663509e+01
6.816166279212680479e+01,7.104926275002412694e+01,5.931567359183259924e+01
7.242179695999310240e+01,6.298140754726930624e+01,6.392734719890903250e+01
3.024949551661097757e+01,3.297478106456999569e+01,3.732701247439350567e+01
9.033220992425270879e+01,8.341825041334418245e+01,8.945259023298014256e+01
3.493725236118307009e+01,3.861653509728056832e+01,4.131317888061139598e+01
7.024902599446096474e+01,5.831773654991534528e+01,7.129540948451506210e+01
4.763702234921844791e+01,4.647293990708480038e+01,3.872309865983461918e+01
3.493955170922161813e+01,5.497787740509162546e+01,3.961857854708902238e+01
5.229886041518241768e+01,4.169168121891133438e+01,3.558380216790738615e+01
5.867802283244608930e+01,5.676862700414366003e+01,7.385716006123206512e+01
6.673708601487432190e+01,5.369594839672986808e+01,7.468280345994355685e+01
6.798521978761930029e+01,6.804552774813329563e+01,8.424087573859178235e+01
4.511948932640633103e+01,5.178730465153405049e+01,4.146331784102964235e+01
4.879533152775871940e+01,3.096860515205601061e+01,2.640418762570844891e+01
9.375224181294612436e+01,9.105522378381562021e+01,9.311946718031359183e+01
4.238259553989282580e+01,5.201884377020795824e+01,4.164115749847221792e+01
4.460437207999915898e+01,2.872144456841751747e+01,4.946024593402125902e+01
7.939388289663428111e+01,7.153714929536339184e+01,9.023939829936119850e+01
4.822442852319346684e+01,3.957357704807076715e+01,3.975404934191575990e+01
6.525033842890212554e+01,6.566915681778101543e+01,7.384496362779047729e+01
7.553078560963729160e+01,7.041806104282569834e+01,5.825632107323286846e+01
4.695740605355592834e+01,4.942547882253747815e+01,4.845108468824706449e+01
3.974130305043827605e+01,4.424555150419786287e+01,3.843196561723987514e+01
8.920803266328771031e+01,7.944843759773107195e+01,7.995795705097235384e+01
4.256359611076830163e+01,4.816706256801979436e+01,3.561323569707985115e+01
6.730900609253161804e+01,6.388975877946027992e+01,6.223148236218349183e+01
6.519552513334012644e+01,6.519246162450544091e+01,6.367835903414781029e+01
7.159204570993348682e+01,6.192733437117765050e+01,7.706688614627786649e+01
3.173330003208776517e+01,2.592072902434843940e+01,2.747897284399679307e+01
3.893494502610455044e+01,4.632904773758046701e+01,3.862223889524721443e+01
3.644552438243453452e+01,4.749575196471361238e+01,4.462718558413471470e+01
4.580259250517300273e+01,4.460277865446055756e+01,4.337749329149951905e+01
6.669957942215633295e+01,5.213166458866626130e+01,6.146725365935139962e+01
8.689371823870359890e+01,8.402020671113311323e+01,7.558595390626022947e+01
8.179863607809946302e+01,7.002567517141160636e+01,7.163949052845816823e+01
3.591633706377216839e+01,5.185388475633701688e+01,4.383871229521773216e+01
6.329624157393070760e+01,7.390736522829963917e+01,5.841049032685493358e+01
3.031265731840285937e+01,4.508404774522398384e+01,3.802127648037069463e+01
4.331033853752170870e+01,3.814184536060611919e+01,4.060570630365467082e+01
6.049801734946414200e+01,5.910392428892247096e+01,5.954298984124341132e+01
6.537026847248112915e+01,6.471020475924653681e+01,5.875693677948849114e+01
5.674534647144476196e+01,5.258683921980193787e+01,4.308677242045200728e+01
4.046611509801189754e+01,4.110202953821703886e+01,4.361537826714918964e+01
6.693368977906563089e+01,6.833520991267070599e+01,6.705489634325698489e+01
3.718428456940393545e+01,3.101102184360011194e+01,4.060643646367401516e+01
6.745240774351060509e+01,6.427280802141913796e+01,7.161873437139183807e+01
7.680044837784755885e+01,7.229621066611079527e+01,6.932409369013029732e+01
6.786394605671983982e+01,5.843764558139785237e+01,7.576489829131406850e+01
3.586791406271333926e+01,4.731699243189477500e+01,2.905332561959106030e+01
9.420162569673064468e+01,9.707989105698548826e+01,8.592862960413529549e+01
9.046136571678050586e+01,8.698581812018441894e+01,7.598895208478970176e+01
4.014029521338446926e+01,3.178881236707845304e+01,3.607889321408496386e+01
3.398232214685555164e+01,2.679354189821133758e+01,4.522925396468512105e+01
6.555850865206441824e+01,6.087444690393077451e+01,6.474947995085680930e+01
7.593855070200187640e+01,5.918682528560523082e+01,6.441367164367606790e+01
4.402438934701491746e+01,2.068713719175170240e+01,4.518715208990970211e+01
7.752576451089508680e+01,6.658838044360390995e+01,6.414468297892194926e+01
6.596436028465676316e+01,8.404710067130851314e+01,9.124839084364377584e+01
3.317405319552943865e+01,3.770093310760658767e+01,2.829246398530397499e+01
6.164822146865815711e+01,5.885268318808773813e+01,6.929544378121811121e+01
4.377000366276715226e+01,2.931423592556344460e+01,4.750018337399806256e+01
3.774376761768044020e+01,3.494547448733775497e+01,3.857633955403451154e+01
6.022869273271254542e+01,7.591109259483245353e+01,6.498604274063838204e+01
3.465129714042008402e+01,4.303487135733689684e+01,5.222025651805803648e+01
4.259271377856037333e+01,3.360955404085614617e+01,3.718780211885365361e+01
3.843502135353849525e+01,4.207430113227926682e+01,2.942908742683784595e+01
6.741129766508893795e+01,6.427390445222584958e+01,7.297453616018579226e+01
5.973157577854980360e+01,5.407721868171879720e+01,6.374766820332470729e+01
4.029444399277564060e+01,4.138405711721780733e+01,2.514950746308434404e+01
3.548978416803623048e+01,4.825130450352563827e+01,5.182425435461571084e+01
4.344843594079721072e+01,4.183510129193967231e+01,4.047274666420013745e+01
8.900291366283038030e+01,9.644768639123110177e+01,8.656083084170694519e+01
5.627562553722921734e+01,6.275019814262410023e+01,7.741347769396432454e+01
9.150490924387560199e+01,9.180922122218962045e+01,9.760778443552544559e+01
5.513559167912696068e+01,6.550616203872992571e+01,5.853385245253845426e+01
8.696980713787827710e+01,8.782996194387067135e+01,7.329030643643328347e+01
4.000216083270543521e+01,4.207689078322571419e+01,5.673335271516390321e+01
8.417696487447945231e+01,8.560164423244377474e+01,7.295120655072268789e+01
7.927935373188800838e+01,7.933316369677115176e+01,8.484126522368013923e+01
9.273033422954233629e+01,8.412593333574099574e+01,9.318546934821569039e+01
6.846168721479112662e+01,6.361018165119747181e+01,5.929045222519456360e+01
7.166191706925366134e+01,7.866343474592206064e+01,8.330994346719235466e+01
8.195618791074839748e+01,8.440488535997923236e+01,7.607198788306288861e+01
7.935770953131670069e+01,8.063919673318102355e+01,7.169280960357268384e+01
2.758727998001936044e+01,3.824560031799447302e+01,5.433913502723113709e+01
4.537187916007427191e+01,3.549019879281762968e+01,3.674896628210344574e+01
8.933923022165070904e+01,8.723433870345719754e+01,7.757114847177720662e+01
6.850368816802343019e+01,6.835031527255229378e+01,7.114313849185093375e+01
3.968871972171025675e+01,4.516090150128896852e+01,3.387603759166200490e+01
8.069937076576449897e+01,8.255453996378430759e+01,7.846217979493582106e+01
4.310779360681232930e+01,2.592147433843627624e+01,4.601437172668364894e+01
6.546909041685613317e+01,7.335533311100590481e+01,7.130622944657029905e+01
7.328836201051679211e+01,6.405747756407481575e+01,5.000866786531933172e+01
7.302292228036424149e+01,6.692824399160447513e+01,5.399487450957601453e+01
7.233736708185330144e+01,6.230829904096661664e+01,7.485002303484810682e+01
8.695638219951474923e+01,1.000000000000000000e+02,8.879039335613970252e+01
6.869094652733616613e+01,8.412108727906041850e+01,7.261481441105019030e+01
4.788939238312569557e+01,4.430798282912866171e+01,3.990376064080842866e+01
9.185357789603736478e+01,9.324006860612543335e+01,8.197709225323976057e+01
4.218116210745702688e+01,3.550813578573693263e+01,4.558253471200004014e+01
7.615070504309611010e+01,7.942082659450562687e+01,8.757187727953470358e+01
8.736374687417479379e+01,8.240365345315207435e+01,9.482869519201274500e+01
6.698572672176710796e+01,6.361312410314290844e+01,7.389162264346396114e+01
8.888578009189322415e+01,8.025110705312403070e+01,6.857830784648930944e+01
8.069346166470960213e+01,9.294734806726887655e+01,7.154485740802765292e+01
2.782240579846857287e+01,4.822064856443057579e+01,3.185347574110993207e+01
3.779001291828804199e+01,4.604657203350697614e+01,4.062369117968032128e+01
8.053454576321159664e+01,6.543853190727342906e+01,4.961872730298907896e+01
6.729888830429955249e+01,7.790617303431079677e+01,6.795645000000266123e+01
3.877579299035029692e+01,4.440161996821152712e+01,3.437544735281758079e+01
4.479674175582093198e+01,6.224789087101356699e+01,5.895285077286209940e+01
7.570407241768064921e+01,6.377344753021338164e+01,5.520142600013016931e+01
4.920671799321647200e+01,4.291109603057258681e+01,4.467862109647690261e+01
5.827471174169892976e+01,6.251492316662682214e+01,6.769788382819317007e+01
6.404732929919046569e+01,6.395511135014987047e+01,8.504249570942731395e+01
4.732722033884810742e+01,2.938885825808348784e+01,4.024505194075533865e+01
6.421271133286168720e+01,6.870087014644148837e+01,7.357619741280886672e+01
3.600166988675201196e+01,3.942817205070407027e+01,3.187546670475610711e+01
5.241504096097990839e+01,5.021584665758435051e+01,3.198966853794764731e+01
3.612008220590620766e+01,5.510339177223573159e+01,3.999104222401687991e+01
6.033111728093400217e+01,6.819247358001773307e+01,5.442884668919535329e+01
4.621446159092117512e+01,2.590968476285964073e+01,4.690470014436284174e+01
7.216164663108992272e+01,6.559991705530262607e+01,8.486739120064973463e+01
6.964168987161970392e+01,6.602269013230284145e+01,5.119181142587846978e+01
9.711239606999232876e+01,9.135970199858171270e+01,7.865109154754512133e+01
6.563668995866184730e+01,6.821477957651849522e+01,6.812744441475304313e+01
3.798253820420289628e+01,4.571961512831997254e+01,4.484746006117437389e+01
6.300390783729528721e+01,5.251656303932453795e+01,7.312847625081241176e+01
3.651674021644829793e+01,3.616717463270416033e+01,4.632641376943191602e+01
8.330379499787756004e+01,6.412416941335516185e+01,5.562964684007974370e+01
8.944691367279250471e+01,8.110912546259007172e+01,7.287905855410343747e+01
5.951357034480675168e+01,7.208192038046199457e+01,5.703977231123543845e+01
2.861014311037020619e+01,3.689771299224039325e+01,3.722325454307852510e+01
6.267545224494433143e+01,7.098746959070275864e+01,6.194890406248206460e+01
3.334907440962155789e+01,4.116133424317609979e+01,3.845471458449097213e+01
5.889778664840171274e+01,6.970138576481882353e+01,5.730977262156270768e+01
6.259022245018949349e+01,7.290689340202817448e+01,7.002372331514700932e+01
7.066047802036788994e+01,7.173626361099366022e+01,6.574878872671489205e+01
6.981377098084507793e+01,7.373512423115730030e+01,5.594301256856382309e+01
8.460461856258103808e+01,1.000000000000000000e+02,7.972151344830814423e+01
8.387592650030158836e+01,9.180293826516339095e+01,9.235768921949089361e+01
6.413298524836682191e+01,6.055502832311808703e+01,6.780915181636648015e+01
7.982551332934544064e+01,5.837087260078387629e+01,6.988635820709463076e+01
8.345820754822169363e+01,8.314844146355545718e+01,8.603711987708732067e+01
5.408213613282111965e+01,7.357949773778231872e+01,6.426422061572648659e+01
5.762961747096082377e+01,5.772142859808356263e+01,6.499515240180113551e+01
3.734809462322196083e+01,4.891673955661901374e+01,4.306701690545976646e+01
2.915162233012303261e+01,3.522123988856014165e+01,3.713710002349398565e+01
4.795881313479100072e+01,6.850500393952758316e+01,6.574692689047833483e+01
4.954721061154064898e+01,3.894151949652453482e+01,2.681991484917644897e+01
8.003880019956235969e+01,6.957525972532349101e+01,7.658721658108490260e+01
8.470968700959623732e+01,8.827944131585549314e+01,1.000000000000000000e+02
8.566036136201677209e+01,8.438366669422870814e+01,8.189781667667178056e+01
6.997258217935534219e+01,6.391783954746999541e+01,6.355331105008308157e+01
8.887442620479102118e+01,7.255297533487023998e+01,8.636794399582083770e+01
8.108165513971587757e+01,9.401203880994344786e+01,8.242743865429119410e+01
3.443245910663437570e+01,3.820912946495600693e+01,4.193997433016977539e+01
4.843964875775434820e+01,4.112432795934432050e+01,6.593007261581428224e+01
2.637777110485352239e+01,2.846919360212756800e+01,4.887975714484559830e+01
3.925361080277206582e+01,4.104846260836915661e+01,4.292379578114267957e+01
5.556377964691652238e+01,4.495883184261226262e+01,4.183048473550902457e+01
3.229334343624364578e+01,3.132882968315479744e+01,2.934283395446683329e+01
6.206441521762526747e+01,6.276731921749193788e+01,5.636037850959059625e+01
7.762096873049776491e+01,7.675984343200809690e+01,8.746543704158942489e+01
8.766000148839987105e+01,8.724121074743456461e+01,9.578696790542279871e+01
5.120705488250373350e+01,3.162170282892951434e+01,3.361477313796132904e+01
5.333287126651937626e+01,4.033092930944697940e+01,5.470196504629404899e+01
6.313151782391761913e+01,7.198928407759530046e+01,7.225180880141338946e+01
7.557924062171468904e+01,6.455689667164625689e+01,5.116080557764736625e+01
3.439932776283288973e+01,3.722093733121174353e+01,2.856947652618977429e+01
6.988425005517868271e+01,8.759750004715250782e+01,9.176116324332276974e+01
5.680703545929063125e+01,6.274430717564204940e+01,6.290470321663595143e+01
5.622047604047162395e+01,8.060787952240843879e+01,6.492185642803994483e+01
7.799564417850066889e+01,7.268061838697099120e+01,7.244092379022173134e+01
4.341984833696670876e+01,6.101187927229520369e+01,5.080136041009609471e+01
7.952923529096757704e+01,7.984330802181324316e+01,6.290530428406152907e+01
3.499047704699420791e+01,3.677691234259491893e+01,3.400083974895730421e+01
7.881474478754134338e+01,7.113010013281358113e+01,9.241288698767580456e+01
7.416207771926174530e+01,9.450371660384932682e+01,8.555832656880484421e+01
2.015433192012366703e+01,3.202865099198088217e+01,4.986321547282157240e+01
9.555458057917276449e+01,8.849900914520277695e+01,8.056648362350505010e+01
5.623066212234719785e+01,5.322527823570035110e+01,6.163115690300861615e+01
3.424476944250420019e+01,5.113146543404249655e+01,3.167008610950308878e+01
5.346325602152099776e+01,6.580236851445285140e+01,5.699324291747052484e+01
3.234413546529508210e+01,4.916885311241397716e+01,4.094736257149217096e+01
4.216223653788313896e+01,3.813385433237946387e+01,3.807189404971631319e+01
3.679201216958092147e+01,3.042356515661411009e+01,5.591487646865289207e+01
2.906308892772613461e+01,3.568378024183684261e+01,3.741373921186909968e+01
6.765780263212654688e+01,6.002800771662150225e+01,5.893317191997671500e+01
8.773443380079740450e+01,8.540957553483778497e+01,6.091300478195789481e+01
6.615608873132400447e+01,6.775739536289098908e+01,6.465218899520397144e+01
4.006625527966341593e+01,3.836974511100361696e+01,2.823107812492087731e+01
4.675904020986510545e+01,3.640266768625662763e+01,3.846944319955073155e+01
6.596101412728994262e+01,7.762690455122796607e+01,6.943086557080255261e+01
4.282101763133737649e+01,5.530363846185402110e+01,4.372942129757848306e+01
3.428900140770812754e+01,2.946535831153406804e+01,4.668646317051469907e+01
6.044151660541760407e+01,7.307517056753211193e+01,5.926980346664113597e+01
3.812322792231177004e+01,3.798258988814922787e+01,2.623349473210357630e+01
6.481138030275957362e+01,5.449153457452280946e+01,6.805092830248703706e+01
6.291674474500414505e+01,6.820368637080859742e+01,6.881729701117868103e+01
6.025523742193742294e+01,5.184079362971132809e+01,4.895517729598704193e+01
6.966878438024970421e+01,7.478494061011416250e+01,6.294163818008590994e+01
2.861012451680751667e+01,4.357057718034450744e+01,3.354720876554102205e+01
3.635906132769066090e+01,3.808423147906940898e+01,3.356680030740032805e+01
5.437665847508331751e+01,4.991193520428608110e+01,6.881267042571671766e+01
8.591061493851805153e+01,7.546093034966662572e+01,9.812948585303361426e+01
2.952723958089611500e+01,4.488593724636955073e+01,2.289999523135529813e+01
7.796611658896055985e+01,6.962019851354278899e+01,9.858048997664390356e+01
8.564746660645484155e+01,9.381997152848298072e+01,9.539410753590853176e+01
6.145544702319072883e+01,7.022024138159220286e+01,7.352303816060779695e+01
7.991851869785381268e+01,9.558814347344012674e+01,7.921865211556064423e+01
7.182935104468670318e+01,9.451525713912012350e+01,9.982951085211469433e+01
4.237134400646927901e+01,5.628058642184853966e+01,3.930324663157992404e+01
7.011522264308793240e+01,7.144633277047083197e+01,5.870317601124296658e+01
5.956104116047133346e+01,2.898147475583706267e+01,5.177611653192106900e+01
5.047620509211520101e+01,5.072203520761463125e+01,4.413592377728913618e+01
3.522209868538928390e+01,5.320295334255234820e+01,3.411595433885570827e+01
7.041901036780370760e+01,5.666045343951420676e+01,6.579716613489593158e+01
8.898708001370198417e+01,9.259619221856783611e+01,9.433517759177316009e+01
6.003744453982671558e+01,6.507049913205486291e+01,6.688249781079194634e+01
4.828253271262450141e+01,5.512523543602031850e+01,6.208518664089898209e+01
2.927715033583037041e+01,4.615885514444283899e+01,2.485463071009515801e+01
8.382079746515657348e+01,7.141207633386646592e+01,7.788919671061593419e+01
7.982376169586434855e+01,8.908135406303782133e+01,7.124433440143192797e+01
4.044914672195334049e+01,3.215130273506977687e+01,3.669115805804465680e+01
7.633381484790469074e+01,8.031493821645671005e+01,6.591834024189247998e+01
9.442576162552484220e+01,8.248538505173810620e+01,9.310425565117222391e+01
8.781234619920566331e+01,9.449498337008608928e+01,8.210837366417578664e+01
6.717298336703117911e+01,6.317528766010237717e+01,6.336384591146055101e+01
6.748765161719657613e+01,6.925536440895626811e+01,7.084173409568987267e+01
3.284218384835338611e+01,4.514661435751235530e+01,3.684315901712328412e+01
1.000000000000000000e+02,8.246342490585797691e+01,7.563876848863571922e+01
7.657977893618517840e+01,6.916087676499861914e+01,6.056831143812571128e+01
7.440379438686282754e+01,9.393859851012442164e+01,6.696579022496879929e+01
4.232339113036825040e+01,3.920721126505505794e+01,3.792966760329947107e+01
7.855556769185128019e+01,8.274814612260485092e+01,8.064153233768431051e+01
8.274485606139546690e+01,7.599791972055982114e+01,6.783535524263766092e+01
5.668763836456759009e+01,6.046084659397756411e+01,6.608073131432782077e+01
8.116228482943100175e+01,8.182680578700539797e+01,1.000000000000000000e+02
6.057697516950649685e+01,6.266202365038210331e+01,6.087833400214510959e+01
7.488168597847426611e+01,8.379809737764149702e+01,7.859608592914113956e+01
7.872336878239386238e+01,6.922656258623101166e+01,5.808116815889618323e+01
4.148233214267589375e+01,5.705284245246866703e+01,4.351079053308343703e+01
4.272352354801236629e+01,3.299152428711537510e+01,3.504285613588790937e+01
7.857722727236844662e+01,8.819737409404849870e+01,8.930036573969898939e+01
6.243397795220813862e+01,5.407264140604077340e+01,5.956096588020147209e+01
4.726609127413859568e+01,4.238744988940052849e+01,4.303475479344491106e+01
4.602489840702219936e+01,4.130174988026242744e+01,3.823684405203107417e+01
6.910046954779735984e+01,5.879793872194002802e+01,6.059783655182614126e+01
4.913012775608295613e+01,3.295425663430846441e+01,4.280169998286820743e+01
5.188812170629994114e+01,5.517442859565569790e+01,5.156488681567191890e+01
5.112195998084264659e+01,7.571788035918882542e+01,6.242481268971464203e+01
3.493684283791260725e+01,3.553530400149254831e+01,4.788203127407592063e+01
6.745280407828657587e+01,5.357474684972839896e+01,7.107953132304677979e+01
4.155524701552455014e+01,3.084319809770546073e+01,3.711889549138389555e+01
8.820201540557476960e+01,8.173675270138842563e+01,9.244356505936328006e+01
5.389690155907502600e+01,8.035031944486453881e+01,5.866900477947666559e+01
4.005765648301095894e+01,3.571795546695537382e+01,2.830034092116677868e+01
3.348981817401697469e+01,4.492783538060396609e+01,4.903177834176713645e+01
9.359678212330601355e+01,7.483284164100373914e+01,8.360884211824885881e+01
4.226069586335437123e+01,4.613853792368981743e+01,3.087871264699015583e+01
6.592436937928084717e+01,6.788880607447853777e+01,5.436296485152676894e+01
2.217654083346639027e+01,3.705559508936569557e+01,3.666231464627401948e+01
9.276803602987276065e+01,8.636462616538278780e+01,7.577110620846626432e+01
6.328711182098204091e+01,7.372975021745104129e+01,5.383634643306760381e+01
4.893306124929285517e+01,3.633678964691529245e+01,4.572581824859818056e+01
6.182136649006001505e+01,7.025002539916407329e+01,5.807251073380639639e+01
4.912650231489104868e+01,3.998465279992756649e+01,4.242773520653335595e+01
4.199007676674591494e+01,6.438664955503240606e+01,5.637540424894918090e+01
4.266839209308963632e+01,4.148410645267794905e+01,4.550121987607209917e+01
1.000000000000000000e+02,8.379768897584810361e+01,7.434409579046631222e+01
7.613076318389190078e+01,6.170652792923480945e+01,6.183951509190505647e+01
3.458180652792577803e+01,3.358704927385239358e+01,2.980305278387595180e+01
4.738006591598452388e+01,2.426486199297561797e+01,3.806030882140997562e+01
1.000000000000000000e+02,8.866468339135877841e+01,8.791453026868239817e+01
4.466197152526478931e+01,4.065224223385191493e+01,3.974086978574850093e+01
8.632895524935005938e+01,8.447830358101529669e+01,8.873242657549556611e+01
3.951798522878970488e+01,3.142429958167824822e+01,4.364018976278016027e+01
8.426106911259695664e+01,7.499064385552725298e+01,9.608482896056580103e+01
2.275514497133159608e+01,4.450719070130197252e+01,6.057544116193339789e+01
5.466696108783413166e+01,6.770461751576556253e+01,7.179351437051968787e+01
7.683994959278017234e+01,6.402950431686839750e+01,7.373589281197273237e+01
6.822523680924463463e+01,6.460193582691115921e+01,5.299515906543012989e+01
4.453576527666978535e+01,3.444272517296911928e+01,6.016566953726375289e+01
4.675151256713245118e+01,3.709911239650466541e+01,3.641706870578831712e+01
5.676686436732791918e+01,5.753048555701446531e+01,6.648464261928096164e+01
5.932569447345604630e+01,6.909764811302265741e+01,6.545437306097601038e+01
5.037754472554991736e+01,4.127928991454011509e+01,5.026878904086508726e+01
3.620650707316208639e+01,3.227350144652651665e+01,3.919029153587266023e+01
3.674148866156575366e+01,3.933772720241866239e+01,5.275647606270663914e+01
4.593093224744723813e+01,4.459913534331144547e+01,2.871511919431258519e+01
6.935072156667077081e+01,7.347845502761759917e+01,6.761140970336032296e+01
4.650139605620170613e+01,5.287791593665546230e+01,6.191750987656462968e+01
6.175952244248142620e+01,7.519993981735458988e+01,5.566177011876338554e+01
4.661125847914606624e+01,4.223393243146849585e+01,5.095027705522850425e+01
9.014318183857403710e+01,8.086765759510021212e+01,8.231367640078897807e+01
8.164622444636040655e+01,9.468811618259691443e+01,7.740066080736676213e+01
7.764934411681218762e+01,9.121235873552900841e+01,8.968591732257370097e+01
3.528094934756955325e+01,3.090957709685975630e+01,5.417207425989396796e+01
9.467654454153012011e+01,1.000000000000000000e+02,8.175982118607907978e+01
7.852775986068597547e+01,9.069543413903288354e+01,7.991434619569479025e+01
6.583721044448003568e+01,7.537383972814535582e+01,9.327310405612372790e+01
6.116253315573493410e+01,7.106786493568834828e+01,6.975568114071228365e+01
7.791195962416939835e+01,7.600184116422923353e+01,9.085665477981446259e+01
4.755532694832218255e+01,4.109281826410160932e+01,4.982715494667507983e+01
4.805839253886490070e+01,3.542840343257388724e+01,4.175551966895945100e+01
6.374061751771795059e+01,7.690171952637081176e+01,6.608971631894252141e+01
3.386138245246898748e+01,4.171472860296247376e+01,4.120925785343229819e+01
8.151115493847684945e+01,6.981594536867619638e+01,7.823309502838765184e+01
6.703616799192489850e+01,5.990405681583035147e+01,5.287518366510015255e+01
3.299328036781526663e+01,3.610862101440616811e+01,4.000837748866029386e+01
7.249275039084351135e+01,6.665287302178229822e+01,6.464115048947749642e+01
5.884568334861707228e+01,5.051492940030124146e+01,6.615693029626466171e+01
4.330895908379687853e+01,3.530908839950394906e+01,2.785289624105917028e+01
4.302911459070428180e+01,2.364217389596143448e+01,3.019686560424713662e+01
5.795734901733310096e+01,7.401334098233466818e+01,7.510359988616556848e+01
3.310145632419565231e+01,4.383100430816369197e+01,2.771486344059104567e+01
7.316791130195916537e+01,8.607502818818207402e+01,8.464066858066072996e+01
3.485002059786999951e+01,3.576769201945888454e+01,3.821368222356812083e+01
4.241241845450323211e+01,4.812412173186343978e+01,2.673331547534203878e+01
5.977802151135168174e+01,7.118091730461269151e+01,6.809858176793518680e+01
5.988474140744246910e+01,7.462792980418836919e+01,6.734631089027482176e+01
4.237106416093403993e+01,3.609053944829629756e+01,5.125292426920515254e+01
4.438470163265713353e+01,5.418231938472835196e+01,4.463947073383427266e+01
8.485267894768303165e+01,8.929502125468071938e+01,9.055384984045821284e+01
5.377948140945420619e+01,6.222848128994924366e+01,5.444900608778573314e+01
7.826564557388064713e+01,7.938719135519936287e+01,7.652134042706683204e+01
3.389756526704268680e+01,6.852141300590729145e+01,6.669693754455975920e+01
6.637837374752791675e+01,6.579522022385413038e+01,5.933149827666184706e+01
7.504238218240681135e+01,7.477444005712629860e+01,5.733149099823526740e+01
3.178959559923394096e+01,3.831247418756555589e+01,2.624371127307372831e+01
7.031846901037447140e+01,6.339608666328980746e+01,5.769456676971817188e+01
8.483307659780268750e+01,5.561143201159988081e+01,7.771892937459926998e+01
7.116328280599374523e+01,6.360127596833325470e+01,7.090483395101004760e+01
7.094687430446521148e+01,6.942532118076724146e+01,6.993048373001083462e+01
3.403895346215448825e+01,4.305570426787846827e+01,2.926116530027039175e+01
8.036261621253666476e+01,8.248788063236865753e+01,8.348120394804961109e+01
7.388033994013353833e+01,6.366606768381325310e+01,7.428359710301373298e+01
8.605268942977328095e+01,8.240767249573360687e+01,8.668788805774872230e+01
4.086574081304426187e+01,4.764666858464706678e+01,4.584984321504193616e+01
3.721130427236010263e+01,3.354602998843526507e+01,4.441382615235024645e+01
6.507473527327765339e+01,8.711857489483355721e+01,5.764190055875783969e+01
8.536925210839741851e+01,7.866070812463973994e+01,9.354037179620505071e+01
3.623300896227391377e+01,3.647928791530294745e+01,5.580274494276420683e+01
5.656688488727536424e+01,7.454438010983164986e+01,6.333882992136339851e+01
4.335456566820703728e+01,3.411842849470146888e+01,2.962793335488803592e+01
8.303292185463757846e+01,9.054665039393293569e+01,7.769618906290119753e+01
6.482738066707784697e+01,7.055450422224123486e+01,8.041847948532731039e+01
6.003954087903954218e+01,7.339859049225982801e+01,6.635822770170479146e+01
8.942127766165162939e+01,7.777713405920965783e+01,8.426309002331656473e+01
6.550653444972232364e+01,7.696062419026380041e+01,5.107054060398952799e+01
8.024119417639053609e+01,5.288861426606185034e+01,5.189799973454769599e+01
6.025709816576261346e+01,5.904992820516024210e+01,5.776692969383826437e+01
3.832774195178063792e+01,4.542819161120022642e+01,3.703377464430350585e+01
7.188629175879385969e+01,6.665690744091861575e+01,7.763363368029439471e+01
4.199228897845553377e+01,5.457039080650486795e+01,2.678592681456586178e+01
8.873095672415378488e+01,8.270207148340185199e+01,9.990612309641217337e+01
4.029184604491385358e+01,2.374704345069578437e+01,4.169371027336477908e+01
8.218137717330721159e+01,8.890066831896029953e+01,8.309424184669923363e+01
8.076425364037685029e+01,7.418041881156811712e+01,8.087529532331370774e+01
4.363196505157566918e+01,4.986290994647207242e+01,3.822723064001517912e+01
6.860010760367602245e+01,5.710464633803921686e+01,8.543080621580260470e+01
8.445921801879758561e+01,7.433012612373894967e+01,9.259235876705888302e+01
2.857733093669347468e+01,5.315229052291908829e+01,3.982181377092427255e+01
7.343675550118859974e+01,7.472919152784014329e+01,5.608470878485987754e+01
4.254014542802318743e+01,3.683964708375783204e+01,2.666341669981336082e+01
4.948914001695064968e+01,4.168691681670469507e+01,3.859029552830419618e+01
7.700416887088969986e+01,6.480166498345406012e+01,5.278085150293584604e+01
3.789541260434917547e+01,3.451317859058686111e+01,5.105366074702237711e+01
8.274418905725019613e+01,7.163512939189749318e+01,8.404104522958346024e+01
6.034547907776686770e+01,6.864440277923822009e+01,7.127267637266882616e+01
6.560161927867781628e+01,6.704322489017134501e+01,6.283431663169778858e+01
3.476763972016323123e+01,3.792389420414322387e+01,4.901596401545010195e+01
6.916336599440315069e+01,6.029426118643240784e+01,7.347329385393487655e+01
5.375450104145669883e+01,6.128973900142564446e+01,5.773053247111717923e+01
5.794336249922388049e+01,3.998464117458922829e+01,4.326428941505013626e+01
4.981961037446924223e+01,4.831315065187344970e+01,3.891909575274696920e+01
7.954281523782128716e+01,9.072490088208054715e+01,7.537679447315375114e+01
6.587317054480951128e+01,6.582891177707374197e+01,6.552854947141193520e+01
6.628808753720659297e+01,6.253774545095786408e+01,5.868288198170101566e+01
6.484479371440140483e+01,7.094801281943658466e+01,7.353458344150014625e+01
4.058871288815581124e+01,3.580498666449612699e+01,3.348024554667183139e+01
6.765457237421361469e+01,7.870939391334643176e+01,6.574378034257982506e+01
2.345821654586780269e+01,3.582311614284650148e+01,4.291612527418280365e+01
6.416731637823093592e+01,6.255412494294331793e+01,8.025061118226800261e+01
4.711186544323718550e+01,5.138847577812026657e+01,4.796686979497888359e+01
5.104244582184644230e+01,3.943932959177875119e+01,2.594612917309736844e+01
5.110598937991983348e+01,6.176361446838745195e+01,6.041809933673620492e+01
6.571968329238566753e+01,7.491778371484140564e+01,7.041525011918254506e+01
8.540749189245664752e+01,9.209268448973995191e+01,7.328254709263488564e+01
8.073436330806872263e+01,8.200934372672152506e+01,1.000000000000000000e+02
8.915490618276757573e+01,9.708138257323048492e+01,8.521405647711084441e+01
7.989203172357392191e+01,7.624305626485001142e+01,8.474068482476612019e+01
9.890626627600825316e+01,8.471141947200725042e+01,9.128417360729683594e+01
6.221407038997019612e+01,6.442540717269248773e+01,6.726828083762104882e+01
8.302142017439314259e+01,9.123634463814373419e+01,8.146088576574325657e+01
3.981413031319706874e+01,5.602807528321073960e+01,4.659359695836690207e+01
3.856047929693355059e+01,4.359852261245227112e+01,3.193352890980590431e+01
9.255443742317797273e+01,7.496765708537657247e+01,8.602079386213804923e+01
3.759753393410949229e+01,4.767045324808768925e+01,4.985583522612017759e+01
8.285585800059476469e+01,7.955900110342066966e+01,8.482146138192857165e+01
6.011303699708530246e+01,6.460790386988460909e+01,6.944746780484562976e+01
4.607442098156347754e+01,5.069162153346503885e+01,3.454562246901716804e+01
7.918018344961708976e+01,5.685480051997647166e+01,6.770371354937904584e+01
5.811048117268538249e+01,6.326172084709257604e+01,7.677467818800421639e+01
5.698236988338112496e+01,5.872082688794810679e+01,6.062795998156776989e+01
4.625392182438253741e+01,4.392843683847028302e+01,5.028797891742627257e+01
6.544532322807573621e+01,7.399854421044672392e+01,6.236520752610708485e+01
6.208744325997236757e+01,5.864771850659944619e+01,6.356128570478871609e+01
4.103233862869787885e+01,4.212339236511685669e+01,3.699683946463814976e+01
3.877981974038112867e+01,4.306715091482796254e+01,4.799859397528235405e+01
5.915393245637947928e+01,6.680932252689018469e+01,6.698239646282385706e+01
8.917207949598315508e+01,9.326382057175800355e+01,9.217211722931229190e+01
7.239586855095815565e+01,6.665312059370786812e+01,6.310302382420290712e+01
6.472109396731610786e+01,6.987823707178142740e+01,6.708445498003622731e+01
8.653400043542472986e+01,8.292947853469377151e+01,8.323449298135818708e+01
3.630128235582970575e+01,3.979488751721860496e+01,3.677773647115008515e+01
7.502381515907366349e+01,6.768370101143712247e+01,5.264789323899989881e+01
7.048701333402911473e+01,7.346389344583604952e+01,6.146839953253419964e+01
3.393615989858361104e+01,3.896219984791529356e+01,3.463127285825913049e+01
3.856618699640196013e+01,3.797297944841587736e+01,3.872652102895951032e+01
7.794976290901345806e+01,7.822474414787198782e+01,8.481120339880777692e+01
7.325055053306572006e+01,8.988102700685526258e+01,8.592378713625886633e+01
3.845399994534533050e+01,4.320315520036579215e+01,4.596165582105125225e+01
4.529182715716385133e+01,3.299497014002608353e+01,3.482177660730147295e+01
6.430841075668782025e+01,7.071160661256098479e+01,8.248217409692304614e+01
2.883120642954495949e+01,2.954669947634998550e+01,4.136503560307674832e+01
4.681343898583240559e+01,4.048781233946932190e+01,5.216762986712851102e+01
4.673558666026100639e+01,3.011868822259616252e+01,3.825882355811440050e+01
5.768873880098431073e+01,6.709830289496730416e+01,6.574395807742958198e+01
5.762090565932265918e+01,6.790211860831925605e+01,4.960430956936995273e+01
6.615945801661364101e+01,6.417820801030296707e+01,7.758188759835391579e+01
8.527632185069170134e+01,8.378547773956458400e+01,1.000000000000000000e+02
4.271713413370680712e+01,4.148842274921750573e+01,4.446060674259852874e+01
7.334172891146148743e+01,7.348813301247184882e+01,6.170502713045043208e+01
5.984125059588083673e+01,3.413704493417129271e+01,3.208195371407342122e+01
6.425609187914109555e+01,5.968019610009638143e+01,5.425279934492120049e+01
4.580566386654977862e+01,4.627963430950334356e+01,4.290610463398024876e+01
7.309456940988459905e+01,7.318719949668408731e+01,6.948235323466781210e+01
7.945919932332805047e+01,5.895511972323549799e+01,8.721504858209793554e+01
3.210355876370491046e+01,2.801568179687162541e+01,3.430356667053629138e+01
8.798457516984886695e+01,7.868312715824288262e+01,8.184711986857828947e+01
4.096128746703234924e+01,4.356170168197615311e+01,3.679813752075314426e+01
4.466486508526194399e+01,3.605712184883552140e+01,2.551829343130546945e+01
5.160224907524088422e+01,6.269758166441317115e+01,6.530726467494814358e+01
3.630298339862043377e+01,4.531482939391945308e+01,4.746111074392896256e+01
7.046093074403040646e+01,7.144814182485396259e+01,7.493674249718189628e+01
6.528004604921871135e+01,6.407387050103540105e+01,5.365785213547509613e+01
4.969060155808111290e+01,4.926435757324897224e+01,4.365343887825807911e+01
6.158101974550386615e+01,7.012622093686401570e+01,6.815248071261628127e+01
3.424650483229647335e+01,3.833742249023698889e+01,3.391172877098571092e+01
4.999006217928405249e+01,3.130745712327527741e+01,4.269120750951897492e+01
8.441210181621852371e+01,9.739416133306781376e+01,7.817569600229261084e+01
7.323460682862885562e+01,7.844644755205615638e+01,8.908321417054567348e+01
7.901316783648161390e+01,7.717886298371662690e+01,9.611606238582531603e+01
3.435034954007822705e+01,4.379543551874735385e+01,3.976569752695490223e+01
4.051309441902522934e+01,3.460918649455551588e+01,3.790988487166996634e+01
6.545940619823748818e+01,7.372406208657943694e+01,6.964261956756013205e+01
6.703316342152228913e+01,5.977042260973991716e+01,6.059220329984947995e+01
4.378937512653440933e+01,3.690821701826472889e+01,4.215348631062126117e+01
7.032174195267943162e+01,6.502732707206810403e+01,8.542167243320122338e+01
6.240468499658361168e+01,6.136594594948192594e+01,5.882631999201198880e+01
5.303358411847112563e+01,4.015089477379961380e+01,4.141415742580722537e+01
7.797759599204835013e+01,6.083119060957722013e+01,7.760028619930015736e+01
9.998947201901532367e+01,7.171547062515803361e+01,8.163889889256515175e+01
4.280470309490539904e+01,4.132875889008168002e+01,5.104504880279579027e+01
4.404214012746216156e+01,2.856401409309225414e+01,5.427958498304110435e+01
3.899897577404209414e+01,3.029282660472638966e+01,5.406443756250770605e+01
8.661415535465422977e+01,8.675448251297665081e+01,8.315650117788167961e+01
7.402791229217427826e+01,5.335029609064541489e+01,5.328126550039563369e+01
7.501660017006871328e+01,7.643702955186587644e+01,7.227706722708268217e+01
6.336887232906708078e+01,7.496715345816681975e+01,4.873178736825634871e+01
3.380348027341706540e+01,4.762563906793030100e+01,4.522580739682258866e+01
4.397829894400531714e+01,3.344456818721361913e+01,5.023750412536933396e+01
8.051094513660086704e+01,1.000000000000000000e+02,7.885481384483746581e+01
4.865757864479444095e+01,3.582931334238396914e+01,3.405663385672771426e+01
9.794244112381969103e+01,7.365826684992109108e+01,7.426477005547320687e+01
5.809759514258880131e+01,5.991268622886953921e+01,5.929009936649917734e+01
8.457598151014779830e+01,8.616540954540802488e+01,9.453122157745258392e+01
7.154086693369821148e+01,8.882984690626939539e+01,7.784609009368386978e+01
6.476852589691894480e+01,6.156620932355107811e+01,7.101049591215992507e+01
4.318203580860280510e+01,2.423018084764505886e+01,3.482257159280399605e+01
7.772975192874440609e+01,8.241615905523345020e+01,8.133930466989350805e+01
6.547857717970582314e+01,5.997152292832862486e+01,6.506880376850011771e+01
4.690520590963311065e+01,3.870623197567002194e+01,3.464003922497421684e+01
6.012224061322690005e+01,6.334458004012478227e+01,6.337781143388268390e+01
7.741324985666230418e+01,8.071823036932538287e+01,8.227971179205319174e+01
3.879065295447560402e+01,3.974916239458798373e+01,2.845242562450528112e+01
7.401909108747194921e+01,6.615435317374416968e+01,6.038264788941493322e+01
2.975450198927146417e+01,4.986242951415087532e+01,3.235293929577659355e+01
8.112925073151392041e+01,9.873916254637065038e+01,8.283508433822304085e+01
7.727627275274691954e+01,5.637893242611608002e+01,7.932463074492106614e+01
5.336469797674398308e+01,8.205647188572706341e+01,6.690021397465081066e+01
4.807289525004044606e+01,4.858407428769325520e+01,4.518852670372828584e+01
7.992625253150747255e+01,9.324105965323795431e+01,7.233073823170171579e+01
6.494742201622911182e+01,6.704689092552054319e+01,5.973662559213366308e+01
5.206461747635275827e+01,5.646241787668321876e+01,4.187672374584354174e+01
6.677295158279449083e+01,6.209219996830941568e+01,6.421091964851710543e+01
4.101493581036674385e+01,1.548976106950083320e+01,2.977529309830557480e+01
8.137697958985327773e+01,7.854428250848451398e+01,9.931847921798885181e+01
9.131297453951141563e+01,8.897705035647545913e+01,8.988162376844945811e+01
8.212082077768357635e+01,9.143480238081966149e+01,9.610209670622842282e+01
9.930251303493584203e+01,8.207615054224379492e+01,7.277735045475179732e+01
4.317835652476017572e+01,3.458553358561043467e+01,3.860634362378951323e+01
4.147493365740530891e+01,5.560754786149353635e+01,2.984728308112150330e+01
5.093921222190737552e+01,4.041321371557852160e+01,5.143625579654752045e+01
7.970962954061273820e+01,8.542207629810737046e+01,7.659311918131677999e+01
3.138217700420192813e+01,4.183175948531511779e+01,4.493206193974242524e+01
5.304836435126361494e+01,4.566819243287852714e+01,2.894382760303102486e+01
6.937021789251180337e+01,7.133930257769490879e+01,6.600044952889513183e+01
6.170858489098984734e+01,5.998305692534630396e+01,5.893378877661594828e+01
3.757400776471588699e+01,4.749143423573197254e+01,3.857439245709581144e+01
4.072871973428021874e+01,3.671960306108928762e+01,5.404950454468111332e+01
7.331757036398389005e+01,8.906383171225854767e+01,7.607233641520734579e+01
4.217600885506550412e+01,3.497344011689269649e+01,3.777306847759120956e+01
3.853361954858192462e+01,3.484633399690841316e+01,4.470962622572120893e+01
8.763073641972384564e+01,8.473712951196914389e+01,9.418579762084026186e+01
7.013728899278538620e+01,8.742583840449189836e+01,7.992838966268566026e+01
4.173818526582898869e+01,5.260066262086984779e+01,4.390934819573845971e+01
7.209701124380453052e+01,5.561867432586548432e+01,6.550524294434555372e+01
2.856849466443065921e+01,4.342868932569265894e+01,3.784778271750783318e+01
5.216365534212144439e+01,5.677358709834616235e+01,5.975446728802342733e+01
1.000000000000000000e+02,8.503789446315154521e+01,8.874559244818630077e+01
7.960772665641350443e+01,9.241239551863669988e+01,8.865700143161842561e+01
5.372899891838748943e+01,7.126128701744168836e+01,7.339453227889777054e+01
7.566129361472381731e+01,7.743857174327148130e+01,6.612514793649413036e+01
4.547950404561615301e+01,2.660750029390746363e+01,3.905924412918773925e+01
6.025400646094627888e+01,5.765329801807163079e+01,6.821261270017636491e+01
5.906423524531474811e+01,5.693202699754687757e+01,7.917679186743535524e+01
7.404497953522482590e+01,9.288588076354201917e+01,8.074491525645636614e+01
5.216726398649149843e+01,6.605205563562276438e+01,5.537471755311401012e+01
7.775357090207852195e+01,5.813441745535281058e+01,6.732997700292546028e+01
3.848355590768576917e+01,3.344196856983325006e+01,4.089080343518489258e+01
5.014588128598600747e+01,6.732676801130870103e+01,7.733032377452934725e+01
6.091827757310958447e+01,6.841644434596197755e+01,6.753459588768053834e+01
4.519236903164546959e+01,3.132576319331713677e+01,3.765862965318515165e+01
2.517761747948043194e+01,3.226565183067172171e+01,4.451768002570528893e+01
3.245202904199393856e+01,4.064782463479991748e+01,4.198228047077504499e+01
7.630824932677128913e+01,7.269776458241565820e+01,5.790619493733885292e+01
5.052189302995424924e+01,4.959336374941764802e+01,4.964432451584229256e+01
4.268998597081896662e+01,2.097556829799359690e+01,4.261039154745248680e+01
5.477223711633450876e+01,6.303114651075360797e+01,7.685430460352979765e+01
7.036794636357672061e+01,7.345545424999035333e+01,5.922808282204580621e+01
7.456080602945569069e+01,7.174737230608191396e+01,6.267639674468082944e+01
6.326722054458035416e+01,6.806056550472601430e+01,5.311743161594834817e+01
8.792879712871751963e+01,7.729992394075347306e+01,9.596250119444417237e+01
3.341838381536719282e+01,4.990306950334984037e+01,4.229512894634083864e+01
3.981851779739482566e+01,3.501967877867557632e+01,3.142638938510604518e+01
7.924383215163832972e+01,7.326893798488079312e+01,8.337841274757963106e+01
3.946569056936951370e+01,5.666568767247227356e+01,5.060903256029347119e+01
9.019156456692435597e+01,8.099812927802453544e+01,8.181563651193286546e+01
9.419452218444953928e+01,8.985913141438658158e+01,8.214420939218355500e+01
9.022416068948936640e+01,7.861460699396597818e+01,8.741759511093681567e+01
9.165167535607253058e+01,9.061548979211870858e+01,7.959826626919144132e+01
6.869726255767140799e+01,4.569590298230176728e+01,6.038892366878607731e+01
6.502720163949558696e+01,9.466648403928050470e+01,8.422619084341563678e+01
4.971747079114345524e+01,3.723238695866764658e+01,3.447916073558293704e+01
3.279446253029858838e+01,3.530143389788976549e+01,4.008788410822020154e+01
8.997733511873278189e+01,8.188065428507317733e+01,8.464422045223476232e+01
8.574429448488777439e+01,8.143434594534816995e+01,7.516302789696425179e+01
7.830930957563657557e+01,5.890187459788895552e+01,7.380636141040969278e+01
4.513146387786973435e+01,4.007145498488559099e+01,4.306410520361347238e+01
8.171512509054632289e+01,9.767763532589532360e+01,8.131302149400752910e+01
9.585753351652597587e+01,8.175367471221426285e+01,6.732915056267223974e+01
9.166475006089926580e+01,9.464775670664880636e+01,8.074501753908607782e+01
8.157396817276753609e+01,7.807900295823912984e+01,8.917826840688150014e+01
4.515318669721585820e+01,3.412741225485177665e+01,4.254782453437264422e+01
7.019689576111504437e+01,6.610443504208934939e+01,7.261325252579892719e+01
5.369138239145992486e+01,3.196612379095836687e+01,3.246304942519382308e+01
7.989856778598991127e+01,5.511407335201741375e+01,6.194768546839902967e+01
3.828604365303272061e+01,4.116697582626079566e+01,3.439019205894851439e+01
3.256808666295536625e+01,3.305445255487376244e+01,2.691629401233713637e+01
7.879798696859786844e+01,6.791539506534276427e+01,6.513490799430968536e+01
8.160313280110736400e+01,8.517144085556491007e+01,8.054568956432930804e+01
5.960194608061531341e+01,6.938283342245597396e+01,6.446621488813732981e+01
8.332579383853475008e+01,6.349392344001044108e+01,7.226545778537328601e+01
3.677928317796314417e+01,3.530380487146360480e+01,2.885373995715682582e+01
5.273009575840161745e+01,3.303338188510999629e+01,5.401583283730371932e+01
8.386213429141274389e+01,7.541900133567236253e+01,7.976436225924005896e+01
9.391107415976638606e+01,1.000000000000000000e+02,8.727014073012651352e+01
7.679192600757711773e+01,8.720298477475745358e+01,1.000000000000000000e+02
7.339137024434108980e+01,7.961475456680797436e+01,7.877138791287120512e+01
8.175233665126948779e+01,7.987286645338251390e+01,8.744156800131966634e+01
7.720463343096228925e+01,8.403081486964269686e+01,8.044946894673968529e+01
3.722968287738273574e+01,2.676747067791448131e+01,4.365102548303561747e+01
5.912105194538786890e+01,6.515069102837360049e+01,7.143799464136452571e+01
6.335040782273915028e+01,6.113069150289682341e+01,5.864192950637615098e+01
8.420504408675799368e+01,8.285753983558983293e+01,8.195653065880433985e+01
7.606168202129292411e+01,7.021817694052947445e+01,5.836366436756480880e+01
7.839978970920775225e+01,8.929582494575534213e+01,7.614792434959389311e+01
3.842856862395063189e+01,6.094538738864331151e+01,4.145751760706832556e+01
6.349345805130794673e+01,6.062579332996868686e+01,6.962061854734128019e+01
6.274118408884113762e+01,7.438897185250938549e+01,6.614506590099614414e+01
8.488701780056439361e+01,9.437010580922040504e+01,7.854172180029733852e+01
4.528354053238749799e+01,4.398338347415502625e+01,4.081805327717932386e+01
7.323307952826714029e+01,6.946473242178913665e+01,6.668548570775240592e+01
4.431907989799385916e+01,4.218686195198161926e+01,4.086959120012055280e+01
9.067655378497110519e+01,9.388628442903076632e+01,8.985386292306776568e+01
8.066868393966613837e+01,9.273180131108235003e+01,7.934195515811465782e+01
5.480370587075002931e+01,4.068799252004172473e+01,2.132658366231756020e+01
6.185602715966298604e+01,7.222278749135537623e+01,6.301290253148179232e+01
8.238668649085252582e+01,9.141499746210932642e+01,9.151507131664999406e+01
6.906090212026441577e+01,6.397993232761474047e+01,7.130135447691435502e+01
7.319958959251979991e+01,6.833375855828057865e+01,5.393493629002242074e+01
7.073600347772479324e+01,5.222193581835470866e+01,7.783345696116880674e+01
4.358172024076054640e+01,4.436703070191316556e+01,3.170701680668319611e+01
5.446212110578539978e+01,6.155345476764760804e+01,6.279584734164668447e+01
3.676114934126521661e+01,4.147404177923642976e+01,3.374337701065310569e+01
7.056285360782229077e+01,6.419508989867897242e+01,6.236777042557334028e+01
8.299928601269303385e+01,1.000000000000000000e+02,8.615632230106622558e+01
3.293707588361919392e+01,3.533181296967167384e+01,5.309140169873332127e+01
5.971137974544457450e+01,5.149284995078733118e+01,4.884798323261730957e+01
6.011395274832950975e+01,6.689033758877339153e+01,5.748873007693362780e+01
4.694453199080938077e+01,2.451199096732695892e+01,3.953944190075677056e+01
4.905109409566647827e+01,3.936636767209590460e+01,3.837880805359833403e+01
8.553615192266670419e+01,1.000000000000000000e+02,8.864973811296600559e+01
5.176125507993663177e+01,5.780074632631396270e+01,7.376761818958065930e+01
9.356806832998918821e+01,9.123186895940089869e+01,9.314459073250425547e+01
8.148230088450415565e+01,8.148332904648684405e+01,8.730199538481751631e+01
4.412860861071239782e+01,4.256481565083888086e+01,4.479613592052609761e+01
4.876851386445744652e+01,4.464316771886882407e+01,4.585450715456710213e+01
5.912362967796062208e+01,6.239790136565357415e+01,6.120633058093906698e+01
6.712309653490119388e+01,6.905446415133317828e+01,6.131756492349975929e+01
6.804880075687887597e+01,6.037805486245530062e+01,5.892614596392037640e+01
4.912167583149388861e+01,4.965940022648960905e+01,3.736632481312793885e+01
6.565989471402318145e+01,6.736466213421911675e+01,6.771623516979913404e+01
6.102966481692975265e+01,7.014253260133615697e+01,7.371067155558677086e+01
6.252169948961113732e+01,6.548188938348010879e+01,5.507395244721983829e+01
5.315892376219685644e+01,7.624316934365724308e+01,7.029864045746815293e+01
9.864904321925304487e+01,8.705413072919043316e+01,8.372681814820786883e+01
3.865416229819579286e+01,2.288168809797453562e+01,3.881435130885721208e+01
4.604998530903844767e+01,4.303074082766715236e+01,3.012149530470816927e+01
7.236465406617297447e+01,6.379941150440105702e+01,6.344442198928521748e+01
6.138235685553871690e+01,6.461467854167702285e+01,6.077182194876127141e+01
8.047339799978465180e+01,8.363907097453162010e+01,9.549555384831313631e+01
6.483662576147021639e+01,6.560548696292775617e+01,6.887380726202316339e+01
6.653191835494571649e+01,5.845195441877851295e+01,6.405455755912213078e+01
6.813682797857399009e+01,6.357876216384307355e+01,6.379874370006948681e+01
1.000000000000000000e+02,8.888365724763568210e+01,8.169348356252501731e+01
8.139316828677362992e+01,6.349386099227236002e+01,5.548358572693589963e+01
5.882136716301206292e+01,6.410521924396273619e+01,5.927312099631690501e+01
5.951244149082160106e+01,7.561210137267094922e+01,6.665597616711735895e+01
6.175749645767705687e+01,6.348329549908721958e+01,6.351636411942156002e+01
7.014908800482992035e+01,6.315743231019607862e+01,5.097210432732785534e+01
4.449329446242188624e+01,4.901411846608828426e+01,3.430076101318272208e+01
9.652347553831690163e+01,9.291543249771531521e+01,7.863741842044321118e+01
6.420964324248336652e+01,6.876323174555649587e+01,7.092067082865973759e+01
4.552272129095344155e+01,3.998895135817326718e+01,3.613810044541325794e+01
5.969181131219319525e+01,3.374139175380572908e+01,2.589239515480871745e+01
5.487595846098649588e+01,4.374842222804961978e+01,4.526310408346543568e+01
8.265665652370938687e+01,6.848045030209125628e+01,6.238047026599492995e+01
4.180093381630722149e+01,3.957325630202617361e+01,4.691234900859384283e+01
4.738111778230282312e+01,4.528029993432267730e+01,5.533155901388327891e+01
8.153440656244399065e+01,8.169626883667781669e+01,8.032894263760792342e+01
7.011167218354637498e+01,8.024886199590102365e+01,1.000000000000000000e+02
2.683359062328788980e+01,4.306316076129353831e+01,4.185237460222656125e+01
5.936875372459573441e+01,5.676089619059924019e+01,6.450634121700919366e+01
5.897799927806531883e+01,7.413769239633317909e+01,6.399498824439464073e+01
7.801890962337832036e+01,8.371212821537683624e+01,8.274251233821192386e+01
4.081672499910465746e+01,3.755191901522552911e+01,5.339487392149457179e+01
7.720095287905814985e+01,6.753180571355365203e+01,6.511680186837772055e+01
6.558623258129161115e+01,6.601260641820135788e+01,5.228417367250677472e+01
2.947469155780454031e+01,2.442155867448146722e+01,3.129998304190839775e+01
7.733985493475320538e+01,6.745262030131654285e+01,4.033755885640949401e+01
8.278224445679137489e+01,9.590552712898693244e+01,7.457875504690264279e+01
6.452366954935824594e+01,5.997659557594545277e+01,6.110989027710876798e+01
7.262140468048222885e+01,5.911254680487616042e+01,5.582050467398622828e+01
9.928869946692230997e+01,9.457544711637001456e+01,7.617653072971796746e+01
7.723239070063497991e+01,7.493890900519529907e+01,9.078200846158105719e+01
7.998292557274557169e+01,5.161124817446352608e+01,5.847382047506667391e+01
3.163965032330958138e+01,3.183163871457342253e+01,4.041738654926026442e+01
3.908842033876099720e+01,3.327874818429977211e+01,3.340415027447008356e+01
5.446744662686526794e+01,6.752588292340757903e+01,5.890124204257239171e+01
6.368987273037637920e+01,6.677324074327513870e+01,7.902095939631543331e+01
5.958242202874325955e+01,4.142016980413640681e+01,4.017984236922988828e+01
4.210199380117710888e+01,4.384114722713288614e+01,2.604331210420645704e+01
6.285425130365769775e+01,6.020127140005362776e+01,6.501397050760263596e+01
3.196090473344125371e+01,3.326672295117123213e+01,5.001801957972496382e+01
7.653341976913810640e+01,7.804895637300903388e+01,8.279465698695456410e+01
4.599167598558849335e+01,3.065342468113119168e+01,5.614488445404625594e+01
7.260961301982823102e+01,8.564828847001949441e+01,9.178460348783237066e+01
3.498143259266496585e+01,5.172528134676278455e+01,3.785831338362020659e+01
7.211328460139641550e+01,7.449643063932367681e+01,8.235234600235948221e+01
4.946179888573927030e+01,3.620506548474801178e+01,4.417020744363270524e+01
6.806392820279658906e+01,6.299566193738334619e+01,6.257827598125681590e+01
3.798100700012413000e+01,3.965937103164444721e+01,4.062878964892029643e+01
8.107217519578931331e+01,8.991871513656734294e+01,8.526853400929346094e+01
8.720864103969631742e+01,9.236341907200335299e+01,9.724708218505411139e+01
7.577654711153603273e+01,5.925225721971472126e+01,6.529206218213334978e+01
6.514302746006721634e+01,6.968463015818318240e+01,7.157550238596533632e+01
6.758429936112227665e+01,9.018900000112709847e+01,8.146327956330664222e+01
3.175349023783076774e+01,3.954436367029176580e+01,4.839338897153079699e+01
8.280638561424815691e+01,9.516696146527633005e+01,8.024202777277965026e+01
8.653055549544379232e+01,8.655958001116073319e+01,8.617597533830958412e+01
8.910903262985866036e+01,8.657435554742188799e+01,8.998498733223814838e+01
7.558008258460796469e+01,8.659052950416308647e+01,7.506691013786304723e+01
7.829184170820754218e+01,8.555326580013152693e+01,8.278635551718195984e+01
7.626934842258764036e+01,8.334000494258530978e+01,8.673806789820149277e+01
7.762969417044800480e+01,6.282459399809042111e+01,6.940672160358488441e+01
6.390505688506664939e+01,8.065944001534394658e+01,6.637741772714055344e+01
6.553411297178307393e+01,6.565095955162988162e+01,6.426643854173741488e+01
9.283663406254562744e+01,8.263808151129502733e+01,8.346936848286500776e+01
3.671572809587988218e+01,4.071674213894747396e+01,4.796750947857806580e+01
3.708498165685406889e+01,4.101889980525188406e+01,3.949193060449385229e+01
6.479261798336142419e+01,6.695606507062672108e+01,5.509182074407563334e+01
6.827769604674804782e+01,7.311863596474411509e+01,6.156521739781656066e+01
6.209840499569215666e+01,6.639716659424298939e+01,6.742064822270572222e+01
5.470630262134980626e+01,3.851076954036690125e+01,2.875080819347478922e+01
5.060204534587683156e+01,7.373778592454446823e+01,7.062452395035474240e+01
4.045702090762848968e+01,4.160565486529280577e+01,3.172591312687906395e+01
9.293567611171735621e+01,7.906430800374648982e+01,9.239927862687558502e+01
4.506275811539363474e+01,3.601675933892080650e+01,3.653694501455223076e+01
8.469774996033969217e+01,8.124850101831223981e+01,6.958562224654937722e+01
7.341029492139573165e+01,5.537190692634399625e+01,6.513712534378561259e+01
5.324206131877828341e+01,8.254674708859850796e+01,7.029686397212907423e+01
2.835842064437613175e+01,4.455164485099147242e+01,3.352795580070689141e+01
6.689909405019557198e+01,8.633805850800776227e+01,6.660989506576726171e+01
3.087852218281057048e+01,3.654310591637590022e+01,4.078074608681450997e+01
6.261903970536983621e+01,7.044881802000195137e+01,5.979707858102509022e+01
9.214438158466205664e+01,9.199527129081485555e+01,8.256652813926353929e+01
3.893690556302080807e+01,1.176632037581009982e+01,4.045727868801461824e+01
9.000126061827323554e+01,7.576493949897752600e+01,7.753848659889021633e+01
4.355514722862136523e+01,3.913999876455419979e+01,4.495294388011002695e+01
4.368680677039736082e+01,3.785914393584699411e+01,4.526976229613672587e+01
6.619717278756762369e+01,6.952408897323577719e+01,6.029234225647118706e+01
5.221874086216932653e+01,7.317030211149968011e+01,5.710494431031974472e+01
8.385044849535610467e+01,8.350642972261572083e+01,6.628850255480934095e+01
6.722552023489896555e+01,4.970205875584930055e+01,7.430415264670943998e+01
7.669853706629726275e+01,5.917243670286905655e+01,6.022937717592515838e+01
3.567877156742022038e+01,3.955977626887762710e+01,4.107203580934327647e+01
4.309996678251568625e+01,4.392294879521506346e+01,5.201692118395690301e+01
2.913389284112968625e+01,3.327240689063633283e+01,4.218364603890711351e+01
6.093620610206786381e+01,7.132008878889465109e+01,6.838384590685460296e+01
7.372528708265978992e+01,7.445121042014991986e+01,5.911642545766184043e+01
6.796324338775538365e+01,6.411958984446012266e+01,5.303212023382211271e+01
4.929525250437269079e+01,3.117791458186114539e+01,5.443761757004754998e+01
2.122261017329466171e+01,4.024430643665470342e+01,3.936402899444116343e+01
4.307467167450726464e+01,4.319619804836107591e+01,3.705923627071851456e+01
3.178543890581193665e+01,3.650582714577133459e+01,3.743938039649401617e+01
7.514074650459799898e+01,7.526786679359921095e+01,8.973047330170257396e+01
8.643436706162690086e+01,9.291430786839697475e+01,8.719651218477065413e+01
8.746988312087343331e+01,8.073185189308499332e+01,8.071059825883689598e+01
6.508653215538028292e+01,6.546469125273416978e+01,5.779800017678792301e+01
8.772274052732851146e+01,8.282526146905595965e+01,9.577795702464881344e+01
2.050899469402142117e+01,3.213267217072775850e+01,4.550208905279897920e+01
9.355394506054317105e+01,8.496141423560483474e+01,8.144928693277594789e+01
7.938390411303993233e+01,8.932071225863062125e+01,8.608014114772831249e+01
9.007811436746112577e+01,9.115267924520637166e+01,8.753251316805811655e+01
5.271491005586309342e+01,6.818537110926479272e+01,6.182506324218386595e+01
6.010735948889455926e+01,4.936025164593757353e+01,7.190851011258530434e+01
6.970578341850347215e+01,7.474426681460163024e+01,5.711482130061367002e+01
9.359629498246302148e+01,8.234874556964355463e+01,7.376445885727508767e+01
8.755497625950613383e+01,8.546255878227017888e+01,8.002270717817735601e+01
7.431880936863562681e+01,9.757376731082769084e+01,9.583894530495230413e+01
9.819483596728117902e+01,9.284690857109285389e+01,9.557375680177980826e+01
5.274329671298246325e+01,3.716242157632257914e+01,2.048600289141907638e+01
7.670113874221119943e+01,6.911955277657526153e+01,5.807841804133872898e+01
4.262197175961559736e+01,4.467335258681832499e+01,3.273905995119519474e+01
6.506509611286254824e+01,6.760198159412151142e+01,6.780024261009404540e+01
7.859311554343966577e+01,6.192795772524154074e+01,5.927088140784080394e+01
3.538682166213045832e+01,4.447632296492933079e+01,4.452950206859866000e+01
6.835659537120803009e+01,6.995726581878700756e+01,7.044203203442189931e+01
7.418175232084142579e+01,6.139238991981253690e+01,6.514758862976167109e+01
5.142670645011130404e+01,3.891877114374067048e+01,4.597134575706368764e+01
3.850593492156517783e+01,5.045599642723212952e+01,4.281544616654925761e+01
4.595466870999740649e+01,4.620183349480571167e+01,4.261928876158032153e+01
9.134087516250617966e+01,7.621295288099125287e+01,8.543306199371181719e+01
3.757659364875486574e+01,4.435045798334324729e+01,3.354204955632467033e+01
6.697725683262163443e+01,6.251080455616514797e+01,6.869406243938568934e+01
9.508646066043553446e+01,9.370718453362381695e+01,8.907247394406523711e+01
7.153100753560491398e+01,6.063046039082225036e+01,6.895553239370300957e+01
6.916176585457380099e+01,6.932885736912777475e+01,6.162800144029964144e+01
9.502469760438931701e+01,8.194484470259095588e+01,7.377519204497863825e+01
7.012721736170003339e+01,5.744262935854958130e+01,7.306706588481415565e+01
7.555249132485050723e+01,8.464658494503903796e+01,8.101470344345705143e+01
4.753411614436835464e+01,7.318330145620446103e+01,6.780270579258025521e+01
6.994560972937897247e+01,8.459733948752470667e+01,8.570953457918106722e+01
8.335687645330006035e+01,8.185710227751850709e+01,8.712389676253066284e+01
4.498941061183291623e+01,3.601446061252504194e+01,3.130211742729317237e+01
7.326117779404120256e+01,8.093374187795521379e+01,8.330671877999711228e+01
7.678222826230367559e+01,7.633479819155422774e+01,9.000107014342898992e+01
6.312366880679512349e+01,7.151702810893053197e+01,7.948569330334700567e+01
9.032080556176990171e+01,9.089969225079444470e+01,8.736543875749863730e+01
8.907505881980836193e+01,8.380399859731988954e+01,7.811634755009011144e+01
3.346565456583795140e+01,3.966052951936713100e+01,4.072125462134058438e+01
2.709128150432460558e+01,4.334545089269411733e+01,4.436530978195182939e+01
7.440215335445157052e+01,6.681751702512688951e+01,5.921514506704301084e+01
7.051147624069706410e+01,5.924383856423290240e+01,7.232468493266885901e+01
4.884794695925838681e+01,3.230327106926698377e+01,4.278166761960765285e+01
6.520412586442652980e+01,7.400488820967767367e+01,6.033800991144887860e+01
9.041977920371120092e+01,9.065799791792223061e+01,8.129591874682679986e+01
6.919129574999730892e+01,5.861066476714371731e+01,6.017196867604463506e+01
8.225386227031881958e+01,9.075598094884836087e+01,8.887944442894780650e+01
9.188321640547773939e+01,8.915865314258930141e+01,9.059980563378077534e+01
5.387474601223935622e+01,4.779276345996871100e+01,6.201112764086407481e+01
3.934139457445812837e+01,5.016034347141540195e+01,3.573398253853842732e+01
9.867645766470184299e+01,7.954030621411047264e+01,8.643495952619957734e+01
4.387152842932263752e+01,3.492042891630764956e+01,1.973073335604273382e+01
7.023824868617131756e+01,7.066522046499179055e+01,6.091707875954363516e+01
7.619189749523322064e+01,7.613262155329226744e+01,8.420481147249770970e+01
7.910634975811508696e+01,8.100101746110287593e+01,8.827896455779729479e+01
3.462386457147090368e+01,3.785517045580485984e+01,2.957306712067187249e+01
5.593080118783500154e+01,5.250930725198182358e+01,6.408201006647816200e+01
7.722613093767188275e+01,5.572718731058743913e+01,6.841696733478497094e+01
4.981034364519159396e+01,5.263348402385305747e+01,4.395645324258282471e+01
6.297605788467922139e+01,5.385291030106016308e+01,6.012304773970598859e+01
9.263922409868544605e+01,7.308049664396592959e+01,8.357571917935516126e+01
6.812979330725386262e+01,5.702954886979226501e+01,5.173384989564802083e+01
6.641593124054388397e+01,6.201771431029450810e+01,6.111497173140614336e+01
4.039840027617550078e+01,3.766406190858658221e+01,2.824446636224252316e+01
7.816948807290057744e+01,7.058097217946072988e+01,7.281676575113419858e+01
6.658431328192585852e+01,8.277443123714223816e+01,6.551045673930998703e+01
4.942760680254664862e+01,4.159390432999391152e+01,5.977447260844375876e+01
8.975491705600801140e+01,6.864438790883123431e+01,7.459371393910153358e+01
5.661582494981098534e+01,5.406902361612020513e+01,6.601694205891584488e+01
6.224304235153935849e+01,7.221585036140731972e+01,5.483082580514752635e+01
6.283901905447379477e+01,8.501860966166705680e+01,8.681433229707954524e+01
7.600542681372536435e+01,7.536124615861538700e+01,8.289067211218912234e+01
3.503342891455528729e+01,4.628959414922331206e+01,4.780787240235241597e+01
9.703942654250371902e+01,7.626495132992242532e+01,8.643433339317255104e+01
3.183736905884745738e+01,3.807440124717914642e+01,4.587221235337742797e+01
4.187544893185678063e+01,2.510012197900164210e+01,3.198099403387026030e+01
8.668453460779107900e+01,9.271203049155597853e+01,7.818102049588422631e+01
5.894684080747026655e+01,6.421848575301847006e+01,5.878810358396708580e+01
6.031891207560467905e+01,8.546985137584493941e+01,6.298677566746879108e+01
6.309657607300827920e+01,8.568279387542834513e+01,9.332589314700636862e+01
8.369945592245753119e+01,7.973978886927525878e+01,8.970060808313017731e+01
7.205968920052644933e+01,7.065162125423735517e+01,5.919398110734376672e+01
8.747918241792260119e+01,8.405975342251861093e+01,1.000000000000000000e+02
5.811864109727294903e+01,5.418261828540625658e+01,6.916016024564264342e+01
8.612073358440720483e+01,8.871499877734910910e+01,8.032877839580143586e+01
6.685737029477276394e+01,5.872605968777772745e+01,6.311778450845254440e+01
6.074777400725332654e+01,6.681879984046221921e+01,5.749870792522195728e+01
6.153547035258418418e+01,6.979920347186319418e+01,7.447631396411503601e+01
4.234347058797833085e+01,2.728881948657019763e+01,3.900952564536272149e+01
6.512727427973027261e+01,5.620517194807751338e+01,4.532232921289853778e+01
8.315023074066596109e+01,8.416347538001615192e+01,8.629208865998508315e+01
3.831447988509474811e+01,3.027287260716695272e+01,2.749217641705049431e+01
3.548769272496540594e+01,4.450825768557930928e+01,4.398062619755356195e+01
6.800544738018265889e+01,7.022043761930827088e+01,4.618041120025782931e+01
7.956835231399084307e+01,8.233945340103052501e+01,7.745573875888210580e+01
9.370894768529780094e+01,8.881726975582371608e+01,8.090801625514679074e+01
7.461739065144716676e+01,7.604307787248951911e+01,6.866745735188425215e+01
7.537305811227695074e+01,7.922850406242632459e+01,9.066605390274716569e+01
8.633362946193837217e+01,8.608365800788065769e+01,7.948290697993040510e+01
9.288348699435290712e+01,1.000000000000000000e+02,8.402951735800995436e+01
6.819170120085306053e+01,6.193509108899952764e+01,4.960178916855284115e+01
6.878275823887234708e+01,7.506777251211232738e+01,6.707805109549967426e+01
6.617478766726915751e+01,7.741653857125895399e+01,6.320301202124149142e+01
4.440202994426959293e+01,5.649439322185286727e+01,4.751536337438544422e+01
5.274182764815654423e+01,3.862512960810401808e+01,4.943470247775364612e+01
7.011037988982313607e+01,6.046758660618313286e+01,6.412050418865366908e+01
7.304140445093710809e+01,6.184938865004075836e+01,8.245688521562730955e+01
6.046553162314342700e+01,7.767365589902266265e+01,5.642144228384833582e+01
8.226780145921203768e+01,8.785077012921229311e+01,9.226867960841553895e+01
8.768404281842597925e+01,8.460173869469745966e+01,9.653069670301471206e+01
6.967604424633140070e+01,6.808026512256280682e+01,7.537358745688956674e+01
5.508412329517575756e+01,4.863138423278850553e+01,5.620394410681203112e+01
7.215770271822455584e+01,7.505785760157502295e+01,7.445111094404676066e+01
8.487701999150256427e+01,7.919682183086126770e+01,7.406637489969106980e+01
3.679496864183990823e+01,3.165319853106148429e+01,3.658958729588958647e+01
8.065561448201941630e+01,8.565457212856074420e+01,8.726114191304127132e+01
8.650489786290337690e+01,6.201383630595704233e+01,7.065747218619220860e+01
6.496475160604030918e+01,7.851387996255363078e+01,6.974620568581981672e+01
3.615266667060687666e+01,3.683485156699199337e+01,3.592018258932594676e+01
3.605225432676899544e+01,4.527587371401516947e+01,3.682468927009766446e+01
3.274253507519146211e+01,4.658512775493841218e+01,1.878908416094882483e+01
7.739343395766380240e+01,5.057830066373738731e+01,6.666460381179435046e+01
8.263388095576071635e+01,8.105300011255351933e+01,7.766535591630379542e+01
3.391926515346558091e+01,4.127132228668580183e+01,3.337960790878167217e+01
4.247080446643011697e+01,3.629688659659817063e+01,3.738516802720813104e+01
8.874024143435148915e+01,8.334581528186892285e+01,9.290505220181336199e+01
8.631693035916417500e+01,8.166813627502544648e+01,9.166142077415121037e+01
9.892665274065207370e+01,8.038498712817145986e+01,8.844238601432637381e+01
4.009642544481460646e+01,4.162237821518223768e+01,3.125222903630413640e+01
9.287890359610803159e+01,7.481405421082362750e+01,7.796522464673442698e+01
5.996944904051686365e+01,5.710536344493426242e+01,7.108633170448725025e+01
6.715364638818549281e+01,5.061028071432189535e+01,6.142271925651812836e+01
7.692517580139507061e+01,9.208978289648692339e+01,8.513154902564187410e+01
7.222731437625927242e+01,5.812065547110743324e+01,5.504924182961198653e+01
7.171261709171523080e+01,5.734522421101611656e+01,6.587203191663675739e+01
3.346521678099635722e+01,5.656318887128497863e+01,3.536304025859020328e+01
1.000000000000000000e+02,8.790081775380919282e+01,7.516856696519306524e+01
4.827047553119180634e+01,2.636720299482075447e+01,4.741484730861233032e+01
8.258146708008810322e+01,8.049273093650209887e+01,8.483192223618345906e+01
5.709050615948945051e+01,5.974869665391294404e+01,5.380745967434776844e+01
5.898526021351777615e+01,5.712607046815932677e+01,5.618576090740144480e+01
4.469807333442233954e+01,4.255520211032983013e+01,3.304762201708174274e+01
7.293058465997097528e+01,6.626100260778918027e+01,6.151899803117052556e+01
7.950673460695993811e+01,6.523506157610952982e+01,5.959443551184367749e+01
6.994885343568670066e+01,7.908533687425969561e+01,8.714143362912366797e+01
3.985721089366087000e+01,3.781790361863166083e+01,3.688155590863398459e+01
7.030566103861136185e+01,7.843209958317619623e+01,6.307948747681275847e+01
8.211814012001060803e+01,8.286686966041627045e+01,8.960056737939711979e+01
6.285978460371764953e+01,4.240899794281619251e+01,5.285088920504574617e+01
3.355265777105846325e+01,3.502393980878649415e+01,3.100822590056452555e+01
4.632344171747386952e+01,5.191763229393150425e+01,3.554665312871932059e+01
7.107650280713353652e+01,9.155439610978118026e+01,8.312478496339484479e+01
6.851793116482542700e+01,5.633811294380797108e+01,7.124046668904286150e+01
2.924880870646933317e+01,4.336289700674099379e+01,4.436871384665143125e+01
3.692827979250510140e+01,3.092047972957786328e+01,3.354983146638301150e+01
3.608118233128679719e+01,2.549929306745086421e+01,4.214687190414818474e+01
4.063523052156574522e+01,4.171563270348827501e+01,3.438503597159224512e+01
3.355205112934562095e+01,2.885062012507062690e+01,4.754074896719833987e+01
9.815349823192350698e+01,8.898705202489691146e+01,9.829449293554992551e+01
8.470982676404901213e+01,8.285398230189414903e+01,9.958158133069463247e+01
3.244297653446719920e+01,4.793515471760476032e+01,4.341472384017140485e+01
3.215120506025428426e+01,3.421411451247328728e+01,3.714155951786547405e+01
2.766254315578902734e+01,3.177818432012988836e+01,2.385046874626700486e+01
5.904040849197551921e+01,7.879718167672399431e+01,5.473136461413438525e+01
7.061725245380631577e+01,8.145669992213819910e+01,8.988632282373497162e+01
3.275616755711951100e+01,3.697469956768487975e+01,5.039382638228852329e+01
5.991738293974871254e+01,6.630389980437435327e+01,5.877368251783894948e+01
7.843785688835464498e+01,9.113133516068218398e+01,8.574267161881975596e+01
5.884240079732786910e+01,5.216549755358659013e+01,6.022219866042370739e+01
7.727986560911566016e+01,6.336611839771882870e+01,6.212298432173110285e+01
3.539926752727486559e+01,5.919505209799457646e+01,6.497111514009870348e+01
5.105023212447140679e+01,5.341275838596557435e+01,4.573878766086941994e+01
8.825265388142892675e+01,7.848373682257643225e+01,8.800195847649408165e+01
4.400371619988094096e+01,4.285527079372563719e+01,3.129353765556246003e+01
7.267130633964140429e+01,5.919160633300255370e+01,7.620631404249043328e+01
8.470039783531852606e+01,9.536587699614449321e+01,8.311886665231628513e+01
3.937084585302103079e+01,3.992703637978979714e+01,3.691373552063388530e+01
4.897427320787670624e+01,3.935114274760510966e+01,3.612159680398210071e+01
5.656300630932997819e+01,6.555801827378789426e+01,8.444242482186623988e+01
3.735179855111040581e+01,4.962022054118321535e+01,2.908802331218363335e+01
3.917870327167493372e+01,5.438630160738450314e+01,4.953111712233131669e+01
8.089391582029215044e+01,8.872917915969352975e+01,9.763292497697108274e+01
5.291291138419590112e+01,4.080721228117653965e+01,3.501416653243092014e+01
5.761322886032291990e+01,7.737615925644395531e+01,6.732348412546835448e+01
7.505823120907527368e+01,6.801298387743594276e+01,6.110802893921787415e+01
5.029473810116402177e+01,2.472189675402975340e+01,2.976402563268881707e+01
4.187716950163807184e+01,2.727480241384465387e+01,2.678779203808513643e+01
2.502259407303540684e+01,2.922776629492687306e+01,3.794779554125919674e+01
6.454424703345111425e+01,6.355866361656526919e+01,6.896248033365945673e+01
3.205973754002248199e+01,4.052617340150129621e+01,4.136271016645430620e+01
6.475799529217700012e+01,7.448911227901821519e+01,5.757104946916120269e+01
3.609270675147570984e+01,5.235246438400419322e+01,5.108835456308863598e+01
6.508694276352035502e+01,6.915308847129561798e+01,6.534842324341883568e+01
4.141430110210522031e+01,3.275859954605139990e+01,3.441094068270037099e+01
4.862677537762647262e+01,6.007751221094606819e+01,6.730256806655110324e+01
4.105132798556571316e+01,3.548282827030482878e+01,2.593543471997109151e+01
3.377915257801386417e+01,3.495933991795464379e+01,3.154276100689380513e+01
7.948229780134815314e+01,8.873551755262411689e+01,9.763705395846886859e+01
5.914900880422400320e+01,6.675097230806619564e+01,5.865534148730245789e+01
6.041332919226265830e+01,6.664064063635308344e+01,6.796039746612353838e+01
8.969163120339918294e+01,8.170926601615880713e+01,7.868321528100503315e+01
3.101457614329630630e+01,4.255643205378689231e+01,2.958541798223122044e+01
8.336648204130419515e+01,8.525016904559754494e+01,7.817015850206854566e+01
5.171167793569902926e+01,5.817616569606277466e+01,6.867776561634215682e+01
8.862191750675548008e+01,7.077189155645282881e+01,7.834841177246823918e+01
5.543097814274594981e+01,4.896684893189119236e+01,6.372631690048451247e+01
5.816236397888351917e+01,6.723765926707970664e+01,6.656039984156062417e+01
3.922784957524120131e+01,2.293853576261722083e+01,3.693075245557864150e+01
5.298218066736610865e+01,6.152557389263757415e+01,6.184358804893639672e+01
8.254641776293874500e+01,8.328313610232750364e+01,8.219447561919920986e+01
4.331693028021362579e+01,4.462929307052133510e+01,4.070370317064801924e+01
5.339545345916236130e+01,4.281256626369967222e+01,3.664607474661383435e+01
8.697873756405384427e+01,8.310839974563168653e+01,8.831056074842642545e+01
4.479861420368521152e+01,3.948811475497147683e+01,4.391128009406243393e+01
7.006829660051666053e+01,8.000611222266218192e+01,5.789896092768462665e+01
5.790504294529413443e+01,6.997862004784400369e+01,7.260216310668992890e+01
8.910805842790095710e+01,8.011956360224594675e+01,9.910562467994196822e+01
6.784522714620921136e+01,6.345233309630734908e+01,5.446423282815889166e+01
6.239079825559507952e+01,5.760212609999913980e+01,7.235077190731598762e+01
4.643656241267868978e+01,3.459908838285230814e+01,4.323163216588488922e+01
6.046207911353322118e+01,6.777853222502014319e+01,6.676133276569730413e+01
3.980562092983347355e+01,4.291627591226610150e+01,4.444860219058520556e+01
7.353928737999783039e+01,8.281305850336543983e+01,8.686899888735443653e+01
3.940184862748218109e+01,3.087834514679073550e+01,3.886877863339697825e+01
6.920221765198311914e+01,6.674856999419193926e+01,6.804651611489175878e+01
8.242609610710282197e+01,8.220077683486603348e+01,8.381474292265703241e+01
7.317383258532771606e+01,6.331833694944101154e+01,6.002811668225515973e+01
5.722641868114992292e+01,7.990897901725845998e+01,6.962378494646819149e+01
5.508445522851287990e+01,4.803374375190313827e+01,3.731698038661226491e+01
4.453957144296366977e+01,3.501572884065829783e+01,3.785137665795684825e+01
6.145189057620285666e+01,6.199016310905212634e+01,5.337522855144184319e+01
8.162000358018144652e+01,9.275639451147934267e+01,8.153879868317551427e+01
3.643144497232933077e+01,4.784152697337457738e+01,4.224938532514783418e+01
6.973786025741698325e+01,5.887908434924890599e+01,6.671024345498545927e+01
5.520432204347287808e+01,2.848979898207840478e+01,4.335597817847772006e+01
6.915885738800426452e+01,6.504159844037904747e+01,6.221120409273281382e+01
6.928828152981256494e+01,6.550812141412001210e+01,5.286759926609957461e+01
4.737064158302148087e+01,3.446276742645706292e+01,3.453539514232790708e+01
7.509486895760009872e+01,8.811319754824198469e+01,9.586348401681932785e+01
1.000000000000000000e+02,8.066042985662234344e+01,7.551004125261269451e+01
5.291000678591199602e+01,4.843424439274279081e+01,2.687327357402219619e+01
7.032854552248845437e+01,7.317574951025677876e+01,6.451447839254734617e+01
6.729642811978189343e+01,7.605957545500176309e+01,6.755074432112364491e+01
3.421614922719152929e+01,4.316362610637246178e+01,4.550811678491872669e+01
3.605278927693856872e+01,4.113135578672435599e+01,2.139702900100570560e+01
9.218826613290283944e+01,9.105873613048522941e+01,9.066273811017163098e+01
4.265596394765547927e+01,4.197346519688595379e+01,4.867669113171076134e+01
5.847193445231931008e+01,6.325785849626611679e+01,8.838914686083727190e+01
5.947934586719380690e+01,6.457574044470428021e+01,6.069965785149640425e+01
6.161326616532576850e+01,6.546490539307097833e+01,6.531751625965061692e+01
6.491660962737417151e+01,6.075800790050944755e+01,7.251772549442594595e+01
3.694795184237031549e+01,3.614596282108330172e+01,4.768056771137280236e+01
8.564419926398745986e+01,9.113566054971821018e+01,7.321955844555168369e+01
6.796907682167827147e+01,8.541079162896880916e+01,6.601732449028025940e+01
8.114178855390494505e+01,8.465318919423047817e+01,8.019817609992590235e+01
4.284554705690968746e+01,3.421332272374214512e+01,4.052135253091385181e+01
5.743695500725510072e+01,7.924582698494327815e+01,7.418218720477935335e+01
5.508951326844865548e+01,3.562769765577297676e+01,2.412685421496803428e+01
5.170013866095982280e+01,2.498467219103412518e+01,4.439824208785753967e+01
3.620732174442424878e+01,4.101801624237771904e+01,4.605189371937311194e+01
7.155813093749678444e+01,6.468672041063385336e+01,7.483655790143754416e+01
8.610297537196153428e+01,7.545541602610356335e+01,9.579112743723251810e+01
2.839856503831789780e+01,5.128933739319420937e+01,3.062843851178984877e+01
8.328842495678213709e+01,7.147576125815625403e+01,8.649317275877363898e+01
7.445792136061594135e+01,8.110383263305966750e+01,6.865160272331385727e+01
3.257340695368777972e+01,4.388551167352412108e+01,2.974519001817067476e+01
3.170734420104274420e+01,3.932384094790820939e+01,4.540115727915918598e+01
7.608594765949894168e+01,9.151846063118129848e+01,8.163138592938346960e+01
8.901953188165379061e+01,6.953983354821548346e+01,7.707828008467356540e+01
7.452363179321521613e+01,7.557034024438024744e+01,7.340091739592179465e+01
9.634389095395300728e+01,8.746585367753542073e+01,8.134360881342611549e+01
6.223758707699451520e+01,5.584250812412773968e+01,6.156095742028125528e+01
7.470667186354094724e+01,6.516885551108067887e+01,7.119808588316108455e+01
4.715942153159399197e+01,4.181903990878733879e+01,2.683471821020559389e+01
8.486986465699015980e+01,9.525932780612984629e+01,8.557235796926931926e+01
7.070658665923973274e+01,5.784796427809208552e+01,6.658689811488166299e+01
4.664498838031865091e+01,3.873360661240219827e+01,3.413996755740840428e+01
2.573020089524355569e+01,2.704212244950608124e+01,2.531441047658317700e+01
8.621417848198423428e+01,8.272851000203390015e+01,9.082280136640474666e+01
2.531814338843974355e+01,4.399455654683031014e+01,3.735055684758280847e+01
3.626649161818811962e+01,3.771170030210308965e+01,3.245976586217842197e+01
5.009228059848840786e+01,4.472842780513979477e+01,4.936053123375724283e+01
2.991524784960114047e+01,4.313621288847929947e+01,4.091479287856476788e+01
9.377850894382541469e+01,8.839518782938925767e+01,8.340906134125717131e+01
3.527434388829210832e+01,4.252484002872272129e+01,4.964682896710586846e+01
4.188231767335895483e+01,3.099821191696132061e+01,3.226007938099812122e+01
3.140245038646586551e+01,4.198045587751035157e+01,4.035350267967668714e+01
4.350014170693692250e+01,4.141034096877167769e+01,3.840096330321353690e+01
6.479749548067968590e+01,6.303449657806326201e+01,6.930047105763978266e+01
9.686267194007649550e+01,9.044484870095699591e+01,9.637019583198673445e+01
6.720872771559764658e+01,6.897497261913939326e+01,6.120093403928726161e+01
5.716035602412302552e+01,5.740809729445339116e+01,6.298996029365055449e+01
6.633041620249227321e+01,8.373248759813779429e+01,1.000000000000000000e+02
6.302704901436629115e+01,5.886901903382634771e+01,6.876297371461592434e+01
6.573040178126856858e+01,5.682378509081625140e+01,7.676806330791772837e+01
5.499671079595229628e+01,6.302949021134214291e+01,7.913836190524284575e+01
7.956839995878145544e+01,6.573232526384254015e+01,5.690925378525808753e+01
5.999238702179218308e+01,7.497352837519004254e+01,4.451406434797138445e+01
1.511609547904529904e+01,4.586442874403503822e+01,3.923029213657440550e+01
6.096803913309159384e+01,6.694628372244315528e+01,5.780256071921917993e+01
3.650812417307987090e+01,3.979488536093462159e+01,4.449475534590857961e+01
7.005056231019149493e+01,6.783066419300719474e+01,4.942934752826836586e+01
7.019957528818987669e+01,5.884435626555195853e+01,6.901622502191257524e+01
3.112281924792963395e+01,4.822495276780887963e+01,3.109090275479195498e+01
6.445991167211954576e+01,7.886342206588179238e+01,5.817672957659093669e+01
6.638522290242011081e+01,6.425634922265530236e+01,6.298803500313241699e+01
4.319183707791387405e+01,4.242994001961062622e+01,5.350056096645135995e+01
6.229357426048022717e+01,7.874711169823095247e+01,6.637191338743622282e+01
6.405921646631753674e+01,6.826041488142644198e+01,5.731227604836842460e+01
7.309836586535344338e+01,6.765112534814464595e+01,6.010082729933188261e+01
7.080837546632167800e+01,6.580252753726966830e+01,6.844058556408030825e+01
5.317915198082663153e+01,4.247696065527333786e+01,4.471637508828482055e+01
6.057241189239069001e+01,6.649238444683183502e+01,5.260060128707700500e+01
1.000000000000000000e+02,7.446329314416291822e+01,9.366305744772593300e+01
8.351107178764250705e+01,8.702650765822475876e+01,7.912179528518990423e+01
7.272073609700731822e+01,6.298224113393431622e+01,5.018200571263606236e+01
6.609347308435440027e+01,6.395866031842612642e+01,7.739722175775166590e+01
8.229960603699151989e+01,8.460231380241081922e+01,9.014587171900306828e+01
6.728783183303508508e+01,6.727665396440893630e+01,6.356601085715053756e+01
3.381525203875935404e+01,4.776046872166082835e+01,3.029117777488686158e+01
6.042549074744580651e+01,7.428447462445163296e+01,5.674520924620185269e+01
5.950811086810732320e+01,7.154660572071215086e+01,6.118344908340871768e+01
4.313867001931486556e+01,4.274881809887767758e+01,3.359594319523465344e+01
3.841573441248878851e+01,2.245968127036465489e+01,2.766670924333899606e+01
7.929454381892770698e+01,8.179678148709912477e+01,7.376515843722995669e+01
7.135841880117889957e+01,6.463759365449566019e+01,6.789591743625470599e+01
4.671361084121810592e+01,3.960075687130630229e+01,3.744715407557620068e+01
8.706223263994873207e+01,8.319441768266791826e+01,7.838503065285233617e+01
5.929624679413878141e+01,5.219333368605270351e+01,7.186222920934068270e+01
8.810378820566100444e+01,9.369570162798733293e+01,8.325358664916390694e+01
8.339192539901183920e+01,8.268726631570278585e+01,9.285274059038148664e+01
7.918295635854444470e+01,7.263171361023239569e+01,9.089247699907630818e+01
3.622780154040040657e+01,4.210973763485215926e+01,4.041973438684994591e+01
7.666145239592918870e+01,6.593011309896849070e+01,6.507003158651998831e+01
5.825969614783772244e+01,6.588078076171647979e+01,8.214229684961550504e+01
5.581476141722327355e+01,7.085847841591144913e+01,5.986473760871435701e+01
9.294221087149452387e+01,7.915002887485857741e+01,8.848077347330672637e+01
6.115689684756576838e+01,8.126771343334286257e+01,6.843808968005843951e+01
4.774596473897035054e+01,5.934244428893156709e+01,2.888381318225499328e+01
4.258772040760488409e+01,2.901559472345086732e+01,3.617177204193787077e+01
9.437242677963028825e+01,7.500720909219612054e+01,7.916526481931462911e+01
1.000000000000000000e+02,7.188492084732126841e+01,9.408624915102993214e+01
8.655039222793423903e+01,8.781733469110781698e+01,9.197287463513806927e+01
3.343844442735301214e+01,5.273772108607243325e+01,4.060582686454728929e+01
3.264015911141042636e+01,4.781571320342970211e+01,2.902579553767225207e+01
3.566739310564577892e+01,5.635858598781317141e+01,3.499135629142085691e+01
6.790027794213327184e+01,6.770595819549555472e+01,6.648660962600384039e+01
7.601526522245154638e+01,5.050662481615601251e+01,7.812048990695436146e+01
5.401391313342165290e+01,6.734400438379149989e+01,7.434798380346164492e+01
6.528869825515559455e+01,6.529666888919879852e+01,5.871894821796264097e+01
8.140903848556577316e+01,9.206702953600610329e+01,8.697316587862707138e+01
4.067826629120648363e+01,5.021807645769637674e+01,3.905875472970814144e+01
6.286131838896116619e+01,5.982849151128226595e+01,6.027470117980815445e+01
4.492468230289030373e+01,2.837793962590282248e+01,3.640897903775692157e+01
8.282928635245812643e+01,8.935120589844406425e+01,8.487017384229791617e+01
3.684002182961459937e+01,3.548394267509050337e+01,3.556987876931070502e+01
4.442832403976876066e+01,4.345746899728193569e+01,4.006478249079086851e+01
6.907296308906207116e+01,6.396066256016793972e+01,6.231487787879586193e+01
8.576513173277874102e+01,9.286432416486273667e+01,9.523873848276672049e+01
9.343493284599961157e+01,9.858065467971783846e+01,7.082230184472982160e+01
4.728990435655157398e+01,4.158862896545213772e+01,4.391507151150727140e+01
8.033011722331133342e+01,7.555061915254999860e+01,8.447292891636168122e+01
6.853363846654252711e+01,7.712423686622746288e+01,7.546106166011691130e+01
4.272167981494670386e+01,4.536063393761752138e+01,3.700126829681912000e+01
3.546964067535194687e+01,3.500317273427856435e+01,5.060117383099871091e+01
4.219548455515367635e+01,2.756736943183503286e+01,4.202157191022087801e+01
2.806315331621606646e+01,4.042766330093979121e+01,3.904664930137663958e+01
3.991358088453330311e+01,4.802929990990233478e+01,4.015974333228815141e+01
9.768638763288575433e+01,8.896560854262519058e+01,8.608980099589354040e+01
5.014986000987751424e+01,8.609894032855993373e+01,6.604870837749791690e+01
5.872957285397297511e+01,6.692192113596497904e+01,6.464550051662331498e+01
5.056403765985906773e+01,4.688071611412860307e+01,3.449753986391641547e+01
7.221086866197514098e+01,7.102177043888794117e+01,6.889911215313878756e+01
9.316851618635665488e+01,7.918937241269429705e+01,9.194800620666619295e+01
5.109350391580455408e+01,6.717726423860345619e+01,5.632365883691225150e+01
4.794271102957035424e+01,4.171900938888319388e+01,3.920248376090024323e+01
7.432071029861911882e+01,7.001342305961557599e+01,6.823447969331328977e+01
2.964026417220454235e+01,5.237147116924840873e+01,4.061045448679237069e+01
8.249737074057675557e+01,8.430879642034526000e+01,9.426374792852796247e+01
8.506550462360058873e+01,7.626142421541143790e+01,7.980242519699453396e+01
7.014845892000784033e+01,7.161522319097925049e+01,6.480842129160510012e+01
2.950399988337767354e+01,5.005135131086107947e+01,4.219190778298399636e+01
6.054826142457692839e+01,5.466637043761681980e+01,5.189026017558050086e+01
4.136891118825016633e+01,4.340571675667926144e+01,4.321892278735857928e+01
3.433761709465026257e+01,4.523188985788092253e+01,4.136992659680456796e+01
3.734045972528183910e+01,3.345953281336027629e+01,4.337293463927863968e+01
3.921997416866594222e+01,3.424842374504348896e+01,3.788182583276213222e+01
9.072017906933238862e+01,8.467579946299466087e+01,7.627015699709829732e+01
9.061402428291729905e+01,9.633598777834660609e+01,9.570055467318657350e+01
6.592822717829497492e+01,7.430955485300815155e+01,6.736280317296842668e+01
5.287331975062066647e+01,4.453121082127395880e+01,4.778391549959366102e+01
8.410303183680457551e+01,8.129349172279493985e+01,8.142899589326232501e+01
6.003659034997237853e+01,5.375782842219711455e+01,6.096631923759719029e+01
3.852191703578953508e+01,3.812054506969635526e+01,3.107252913126902172e+01
3.489256634185156258e+01,3.822688079319244991e+01,4.378671912666418109e+01
8.471005996900736079e+01,9.003325614907787156e+01,8.501520915871124373e+01
6.536943330592036716e+01,5.234227389179298484e+01,6.439321404155937500e+01
6.083983530147325069e+01,7.259112483730525867e+01,6.289819311795280754e+01
8.359330078284966703e+01,8.458031228698955317e+01,7.701657233394156776e+01
3.317564857941135870e+01,4.703518379890262935e+01,4.622233548343158560e+01
4.714284653058363972e+01,3.380391950789283584e+01,3.504842757926909513e+01
2.923150937724009779e+01,2.755328470668052177e+01,5.331820846998617469e+01
5.808752820053239674e+01,6.307749504507437877e+01,6.238331572764484179e+01
5.560292418469300202e+01,5.096938524329080167e+01,7.929102148004511719e+01
6.363580870161385405e+01,6.364889647774817405e+01,7.685962049801644014e+01
9.532448548684708101e+01,8.173985086023191116e+01,9.108825416715964707e+01
8.305941294754497051e+01,8.208407870867662837e+01,8.147155307237460420e+01
8.488923684464515418e+01,8.663262000026242049e+01,8.230778580897977292e+01
7.029661709356658150e+01,7.380609466926307505e+01,6.110022308158747961e+01
4.533067516592987545e+01,3.981643704298249986e+01,4.224807404389449772e+01
4.542722300237306854e+01,4.512241894132588982e+01,3.355146021638748266e+01
5.458102757547518991e+01,6.342357378488621578e+01,4.951025269255300998e+01
8.459422757498720102e+01,7.984000489474108520e+01,8.063465856328423342e+01
8.943390732349460848e+01,9.198746453238391041e+01,1.000000000000000000e+02
3.258739246875580164e+01,3.688152157475385451e+01,2.898651081954952957e+01
4.129329909103643104e+01,5.759078282785866065e+01,3.985921656595489537e+01
6.664898432627008162e+01,6.808372275791009542e+01,7.178720844963036996e+01
3.524883736835411696e+01,3.196909933105987989e+01,2.905206853182090754e+01
4.413038057681161064e+01,3.702626642731443951e+01,3.285495502732109685e+01
2.992954832252530650e+01,4.838423662093801880e+01,3.626866795194052173e+01
5.241893605329978811e+01,4.337128725638832094e+01,4.362448884715441721e+01
6.899360527310855673e+01,5.847494853082758937e+01,5.244448884756593543e+01
8.804591521717007652e+01,8.061084130078664600e+01,8.915711345557386380e+01
4.266514025660087839e+01,2.273400269801658169e+01,3.970271372052893355e+01
2.836565762784793066e+01,3.600171727005116651e+01,3.918112212808195238e+01
8.249315719975076888e+01,6.596074134917532206e+01,9.741916178619140965e+01
8.852236843798650057e+01,8.021589837398552447e+01,7.833575068769430061e+01
8.649192435458532202e+01,7.523442942882617501e+01,9.350130648235324315e+01
4.164328421569008043e+01,3.617533553796940282e+01,5.046597285503928276e+01
6.243973849163332801e+01,7.635304294043440620e+01,6.239898200444520882e+01
3.748546056613092503e+01,4.569568137074723069e+01,4.325462283863340218e+01
3.077138694654430395e+01,3.589964097857815517e+01,4.078025658001048726e+01
9.343143216018211206e+01,8.362555125422794333e+01,1.000000000000000000e+02
7.605387250924647446e+01,8.161999865529828924e+01,7.524103415177287957e+01
8.602446971811492915e+01,8.466105655884480541e+01,9.608859543106373735e+01
5.039382254533331462e+01,6.184249292983323443e+01,5.101279254189341117e+01
6.314385583109773847e+01,7.046079710143912678e+01,6.477113571796982683e+01
6.949052066296196983e+01,8.182555188906704302e+01,7.529243182583148553e+01
4.462773650137134496e+01,6.641028653752874789e+01,6.202068356326009990e+01
5.554574737878068902e+01,7.336825866041090194e+01,6.621774519437130380e+01
8.947977577097992707e+01,8.698949734831049341e+01,9.397255548725438246e+01
7.215477726701448091e+01,9.141060805662051791e+01,1.000000000000000000e+02
5.276369424952183351e+01,5.946534739946544335e+01,5.613993116344953904e+01
6.252424118514927898e+01,4.826379302003996230e+01,7.314323052146016835e+01
7.074604900379267747e+01,7.713812145645631801e+01,6.477938149117345290e+01
6.033080798501134723e+01,6.079664271550134202e+01,5.617152375219279747e+01
5.977857610730190885e+01,6.262851194601575600e+01,6.698549275581356710e+01
7.118309328230812127e+01,7.362733035891427846e+01,6.678708933912642465e+01
5.815036358243058601e+01,6.443978621909118942e+01,5.687770349969844119e+01
5.365351924165146613e+01,8.394103343347096313e+01,5.496953187003893504e+01
6.797429844470465810e+01,7.706034123477755315e+01,7.421151690657471534e+01
3.457967989674480691e+01,3.449238305916628633e+01,4.286682120811229169e+01
6.840331987689513937e+01,6.034127417279844963e+01,6.864766325029290783e+01
7.643059929808896413e+01,9.380644152487954557e+01,8.372345092966750713e+01
8.216119593265624133e+01,8.968916907882946532e+01,8.309295559094873340e+01
9.302147990216337803e+01,7.764856456479257929e+01,7.852151881521194809e+01
5.355083364065210816e+01,6.112178082464009776e+01,5.783215317671430711e+01
3.849001038508500017e+01,5.692503864050003415e+01,5.114815607688048971e+01
9.396110783645029585e+01,9.212172280054141993e+01,8.544715993961287381e+01
8.240004286210732687e+01,6.965971033233881826e+01,8.859465483503664984e+01
4.060009137876785701e+01,3.296722221188765189e+01,3.672291336867445466e+01
7.028686782187455151e+01,6.563760031019820929e+01,6.439815589619745140e+01
3.924800980616971913e+01,2.227775907517223430e+01,3.824324808592992042e+01
7.876602481489128138e+01,8.331887200487264522e+01,1.000000000000000000e+02
7.606249602708572866e+01,5.997545032782726793e+01,6.462002232110594946e+01
3.584923749375057866e+01,4.371559965996336672e+01,4.813617445134552497e+01
6.779565511303871972e+01,5.741860689357319814e+01,6.235038978082987171e+01
1.000000000000000000e+02,7.786491397780602597e+01,8.795967413324429174e+01
9.285698259883000105e+01,8.526066143874417946e+01,9.278464343172169038e+01
8.311270849051155096e+01,6.611720037184394982e+01,7.193418363493606194e+01
6.710498181264475193e+01,6.534087379008028051e+01,6.661565815890075726e+01
6.739881875339263217e+01,6.377357027729456007e+01,6.854432939404726710e+01
7.525473985628580920e+01,6.006801770993968859e+01,5.006309444023153787e+01
2.747108149033601876e+01,5.215908060088066378e+01,4.810284966518840832e+01
4.839726189122252720e+01,7.574394121944501990e+01,6.899731591163384792e+01
8.287301002622785973e+01,8.642439946970949904e+01,6.383862883992974702e+01
6.494904202131952786e+01,6.870469452929815191e+01,5.367874448411265575e+01
7.842364327938979329e+01,6.800233095862299137e+01,5.863612138004592111e+01
6.647193886220115644e+01,8.530804451987414438e+01,7.439653696597714827e+01
7.507670889945909209e+01,5.985326638700102819e+01,5.903397135588004119e+01
8.135358074881193602e+01,8.848719651283079202e+01,8.821521253338123358e+01
6.336255201297744577e+01,7.188922317591230637e+01,5.384614645959827328e+01
5.676328877594372102e+01,7.362738021138071076e+01,6.408382090728710523e+01
3.244052931503920689e+01,2.701786135786780108e+01,3.713114117169095607e+01
7.279028389950117628e+01,6.478891310946698923e+01,6.063439902440705964e+01
4.185328355389214039e+01,4.772136394182932406e+01,4.070294109664582294e+01
6.682662586949338390e+01,6.735871488972280474e+01,6.500049763688291193e+01
8.441366967287430612e+01,8.354414148692752917e+01,9.828329547496706198e+01
7.980242302917829988e+01,8.748906650120807171e+01,7.789882269924795821e+01
4.240068620670853505e+01,4.109259613993130955e+01,3.948233124072178413e+01
4.602569651862292233e+01,3.015791881921138540e+01,3.159468880613480835e+01
7.112703729930504437e+01,8.384551870993686862e+01,7.190090575207098311e+01
4.207335898360065585e+01,5.069874580540925990e+01,3.056394070331912616e+01
4.615172697258996237e+01,4.655283335129711020e+01,3.571930277298630330e+01
8.041387444474578672e+01,9.642234931104125906e+01,8.335940806534534886e+01
9.914499495195684631e+01,8.806630541614909191e+01,8.205476733094457131e+01
8.588682081658504330e+01,8.341107034424864253e+01,8.905913935474514176e+01
8.137016173388155948e+01,7.543178876897047758e+01,7.728328500844388316e+01
6.266666511226379299e+01,7.383420382172950269e+01,6.075971218163969212e+01
8.828394342018501106e+01,8.045719212273264986e+01,7.876214727155768003e+01
6.994258248204741335e+01,6.322678075550355459e+01,7.102173423017708842e+01
8.015985317410761013e+01,9.810862502453983325e+01,8.526357778624748107e+01
5.991775800107888728e+01,7.088599623808495664e+01,6.790278597298581076e+01
8.339094914602283382e+01,9.463155935783862560e+01,1.000000000000000000e+02
6.863093243471870153e+01,7.169908870736649931e+01,4.823335234965711038e+01
3.533507942157847026e+01,3.186220527118686974e+01,4.692980160686823154e+01
2.653704182707356196e+01,3.732091976011380297e+01,4.130202452084004250e+01
6.036197866552426206e+01,6.653026317805978351e+01,5.766252845287329620e+01
6.863596946325854731e+01,6.425479363277031553e+01,6.276316793554989459e+01
8.017026351184746602e+01,7.827900427238034808e+01,8.416402171398748067e+01
8.692783119633405420e+01,8.120424216322504662e+01,7.691168004948033854e+01
6.034680524774214661e+01,6.049521834816641075e+01,6.729596154470095826e+01
8.132720640608728502e+01,8.280640038280452586e+01,8.768738777792401606e+01
3.216497596648566315e+01,4.820745705264182135e+01,2.791021850803276294e+01
7.203451986716524402e+01,8.155017484096052272e+01,6.293861996240757151e+01
6.503735116460839549e+01,8.013747013574584344e+01,7.746109395213390769e+01
6.136699068929733158e+01,5.369999679507760959e+01,6.271109454506768799e+01
2.133107104121356201e+01,3.457388447875858617e+01,4.599547119782192084e+01
1.000000000000000000e+02,7.345281591403632149e+01,7.956012953248990982e+01
7.074540498155791113e+01,6.361467038134047414e+01,6.917080839675691095e+01
8.056377558491675472e+01,6.948593920049935946e+01,7.640324737849982739e+01
4.454755444475690496e+01,3.405856916239077492e+01,3.052252285070140658e+01
5.995141604582391892e+01,3.267819423077340701e+01,4.784538635461940714e+01
3.674445000981953058e+01,3.532100692053599289e+01,3.962730183728528743e+01
7.419763026374258175e+01,6.464815416183239449e+01,7.499383626976094774e+01
6.401372545418571747e+01,6.702174096942280812e+01,7.778856494249124864e+01
4.134121171781361426e+01,4.991337649670423104e+01,3.927283087934289085e+01
5.854765155986043368e+01,6.071398252332903667e+01,6.777428109269742151e+01
8.281125519178497996e+01,5.346226590313104055e+01,6.555188856253201379e+01
8.856318404031756586e+01,9.374727708100026291e+01,8.429029575430372745e+01
8.904151578334665373e+01,7.006973880034880153e+01,9.566684637336877017e+01
8.400094517019945783e+01,5.059405541260108663e+01,5.505135525968109533e+01
7.741977634124242513e+01,6.171541534740727997e+01,5.980736549964549198e+01
5.382958115524473897e+01,3.210514337257409778e+01,3.803777723246312092e+01
2.802689048077338896e+01,3.261690846483786288e+01,5.168943093376262965e+01
3.746376304168133231e+01,3.477445675016677740e+01,2.801483692467741449e+01
6.632816840717309503e+01,7.399299587963291458e+01,7.538277153229240923e+01
7.893379062960121928e+01,6.367904279862067796e+01,5.416335486022400403e+01
7.655814359991332196e+01,1.000000000000000000e+02,8.712361851694009829e+01
6.354420583768155950e+01,8.095815607304248829e+01,7.296479007601779188e+01
1.000000000000000000e+02,7.751257692410949574e+01,7.112235939957312780e+01
6.841772320366709437e+01,6.704656152047392936e+01,5.069075692740705819e+01
4.350724162705895282e+01,4.126642829672420731e+01,1.832216205775240070e+01
7.598221302920005371e+01,8.943909378363508722e+01,8.669129873570582845e+01
4.762642841314224995e+01,3.639015288874858101e+01,3.588320928572681368e+01
5.637201330314395875e+01,6.810621311445997605e+01,6.940852280957039966e+01
4.062656553391144598e+01,3.837737629072000090e+01,3.886823125104091758e+01
6.923342245938549411e+01,7.497091767580958788e+01,6.505869660664897935e+01
7.696012997789897270e+01,5.152710792812794693e+01,7.711070393063786810e+01
7.375562201044436961e+01,6.545131889620679999e+01,5.846557387335710132e+01
6.190750634506679972e+01,6.536086400970717136e+01,6.190694612508784189e+01
6.782799430756627146e+01,7.559942086804014139e+01,6.564380490711653238e+01
9.601008311862470634e+01,8.630991880635467339e+01,8.682862349401058566e+01
4.406700260014358150e+01,3.303701060567134817e+01,4.069208632629835876e+01
7.605706750560720764e+01,7.744793957768339965e+01,6.887996967753900890e+01
4.623895690018220961e+01,4.602297733719104400e+01,4.674539448018135346e+01
3.447736336657779077e+01,4.481516518885153033e+01,3.456969460926257653e+01
5.485074058040275702e+01,8.107609304952160301e+01,6.851437141047476587e+01
9.445930452080675366e+01,7.713582448778454648e+01,1.000000000000000000e+02
7.951740956598999333e+01,9.091062463501269519e+01,8.734763056050297791e+01
7.213066053010435041e+01,6.552197702383882927e+01,5.581646974036311804e+01
7.200066841166940890e+01,5.292268114617638020e+01,7.003241974675141535e+01
9.176109075102399970e+01,8.754651925123779677e+01,7.635555738373440704e+01
2.850424562024627306e+01,5.096226494392460893e+01,3.207004550400381504e+01
3.675093083623211498e+01,3.177196607246984428e+01,3.826285109538948603e+01
5.645522846673249262e+01,6.716620488212267048e+01,6.774549701516620814e+01
6.900796455477824054e+01,7.458055731569523061e+01,7.281944400573070197e+01
9.701951479965866554e+01,8.692865840788859089e+01,8.555283231083089390e+01
6.269273239232130379e+01,6.081302602319007633e+01,4.211648482006746974e+01
7.584834905187973675e+01,8.010208708173576042e+01,6.168402007869579506e+01
7.009011913145340600e+01,7.763675335094018237e+01,5.964967039882281341e+01
3.251413440652518716e+01,3.049441048703730317e+01,2.679057792755575207e+01
7.014722434143465080e+01,6.410645786796685286e+01,6.103506150356017201e+01
6.955326252623483185e+01,6.271627849628126938e+01,6.663615527759628776e+01
6.206069688718262967e+01,6.770463192573264166e+01,8.192135325634473020e+01
7.416642297636363423e+01,5.992977331015504916e+01,6.476152429871255833e+01
7.037873479057299164e+01,5.973450616329967033e+01,6.231519896009671555e+01
9.909761159032144917e+01,8.400878100766128398e+01,8.536322498281725757e+01
9.044858461613844725e+01,8.042037378956779037e+01,7.682631964321733165e+01
8.488655738710021126e+01,8.465135797980296672e+01,9.142249191574632050e+01
8.019634586945699084e+01,7.644128691871129888e+01,8.535084829040756915e+01
5.973935198979516059e+01,8.054113525140826368e+01,5.946242090784031831e+01
7.947981304425447036e+01,8.964866487218972679e+01,9.448633561607010733e+01
8.919247497875875297e+01,7.918240817179328417e+01,8.302600715926244845e+01
8.904388891700270392e+01,9.534135676629811940e+01,1.000000000000000000e+02
7.183325332293102861e+01,7.687700254152595392e+01,6.666665360146207320e+01
6.074838401655446063e+01,5.165816690622848029e+01,4.568920125547619193e+01
1.541575783342960193e+01,4.143113369364144205e+01,4.513722361839410269e+01
6.028581202022929375e+01,6.385797415748663042e+01,6.202285424372900025e+01
4.617499433895862637e+01,3.776258535093685964e+01,3.590350864544698339e+01
7.640862497770145012e+01,6.510194692163246089e+01,7.018743144651236321e+01
5.575380653457730062e+01,2.733635664222210693e+01,5.287704845625306405e+01
3.876602538083124472e+01,4.839414679108648443e+01,3.360684933577222466e+01
3.411642144608084948e+01,3.904455145681460948e+01,4.511330132711854191e+01
3.129718370026459695e+01,4.322817877963137789e+01,3.110134468174915412e+01
3.131856503911537359e+01,5.206947926243176994e+01,3.783551038789379106e+01
6.022213593668799092e+01,7.036710617719863592e+01,6.914076394892144606e+01
3.181627867022078604e+01,4.144690739723865391e+01,2.100979157171659395e+01
6.980071644210082127e+01,7.993979178107693429e+01,5.790166630271342285e+01
3.732888950790830052e+01,3.859477756688114880e+01,2.836284901713516859e+01
6.089206260467946663e+01,6.552855750432243553e+01,5.963807008368899432e+01
6.750353069191969269e+01,5.538311392930799570e+01,6.320788381182710225e+01
8.129036801808673829e+01,6.153714710850950098e+01,6.523564293971428185e+01
6.034362654310338314e+01,6.272317370011892024e+01,5.310940019359902919e+01
2.922557960976347502e+01,4.168533502179695915e+01,3.102855163186195853e+01
6.125470611818904842e+01,5.602027980131107654e+01,6.997916025362829373e+01
8.016690647866187192e+01,7.737579640990365704e+01,6.743276282960806611e+01
9.685157200262709409e+01,7.775857983271902185e+01,7.781095104880714075e+01
7.425825045994851337e+01,7.317350229548391383e+01,6.409782357162970357e+01
5.757889109466879063e+01,3.992928947296361741e+01,6.816308867917103953e+01
4.336258263820903380e+01,4.660536762642927755e+01,3.355425466709766624e+01
3.043712820561517773e+01,5.059964543505304846e+01,3.964451065836516364e+01
7.374769546701357115e+01,8.738046504846326457e+01,8.728701348142536176e+01
3.029571531841034115e+01,4.445247302474658113e+01,3.343991037888397955e+01
4.672246509965916061e+01,2.618143661446121229e+01,4.347538914836685819e+01
7.835961195528646783e+01,9.032126944489294829e+01,9.320777594209538108e+01
8.666847425483777556e+01,8.807436989290602014e+01,7.686407497997220162e+01
3.790538245491403302e+01,3.870279663219774591e+01,2.646844721838517245e+01
3.871016455055358563e+01,5.511503636813883134e+01,5.108047701638912486e+01
6.644278197404292996e+01,6.081324465379521627e+01,7.311271299767811627e+01
3.201581125364897673e+01,3.718187972040184519e+01,4.384267436705103904e+01
7.002981195072764820e+01,9.255795761227469143e+01,8.514753005982235834e+01
1.000000000000000000e+02,8.402977174108320924e+01,8.767905908026405370e+01
8.122997265009161083e+01,7.309061391195152169e+01,7.441146187362519981e+01
5.787756547290162246e+01,6.372639251498371493e+01,6.177571428508764484e+01
5.122885582320080289e+01,4.044809301099734711e+01,2.801160378102650128e+01
7.230112527684782719e+01,8.143914336890502170e+01,7.577330616776878003e+01
6.479682077399132822e+01,5.866672234894374327e+01,4.781433055729890924e+01
6.919494530888674433e+01,6.866857350544769645e+01,5.757540297491374304e+01
2.749692523728120364e+01,4.183016023143150619e+01,4.773973018340008423e+01
4.009995294982149971e+01,4.384597327124727428e+01,4.357224940823954995e+01
6.908155364239361518e+01,6.470301960875413272e+01,6.860869311504255563e+01
6.031671822544380746e+01,5.137482819562048064e+01,6.248834200130996663e+01
2.151917250693884753e+01,4.043482868312305811e+01,3.622579173089331306e+01
5.140433097896814729e+01,4.649676970147680066e+01,3.209985776121044410e+01
4.497806998616164975e+01,3.356401744366070972e+01,3.211697596744095051e+01
3.714373880517472060e+01,5.479025526203234620e+01,4.807978919631244707e+01
3.427314044975013019e+01,4.080114329968061071e+01,2.803471799299705935e+01
3.678405935896635981e+01,4.195283511182681480e+01,4.218563218281698113e+01
7.445185515140201460e+01,7.005384061954752895e+01,5.550453543439340365e+01
3.881542076361796489e+01,3.549222859659944618e+01,3.645590277406826374e+01
6.515403562941229154e+01,5.777428278793630056e+01,7.210774844726461197e+01
5.079454438760537016e+01,4.518288653989205272e+01,4.549493569067885090e+01
6.159489991720147373e+01,6.504953581154133246e+01,5.775857561332007606e+01
4.463275122806990680e+01,4.833884852580220581e+01,4.496281092162263349e+01
9.150983678656461962e+01,6.914453661114772842e+01,8.478217718815899673e+01
3.891040232972817137e+01,3.030146057366433965e+01,4.607805578414514258e+01
3.712270657066154200e+01,4.264245849742037109e+01,4.944421809929575318e+01
4.851731803169304413e+01,6.327860569553348569e+01,5.620328669269575528e+01
3.700791041007780535e+01,4.185942091249213348e+01,4.954282171962167070e+01
7.830732150457160401e+01,8.264258806294037640e+01,7.918231068191305155e+01
6.436896831632046201e+01,6.824143492834309654e+01,6.580082003187486350e+01
6.435050119568477101e+01,6.219476414210975435e+01,6.855368823309264315e+01
1.000000000000000000e+02,8.418033352417347714e+01,8.493849763153730237e+01
6.920974918361858386e+01,5.637897474320337210e+01,6.577558864738982436e+01
4.701124019789726560e+01,3.564718254708790113e+01,2.427659398771451293e+01
6.065980896060530370e+01,6.137838016560647958e+01,5.870323311240564124e+01
9.600340695150643455e+01,8.665316873968153288e+01,7.987948776826374342e+01
9.516807134837891624e+01,8.394752478389713701e+01,7.452883067030704467e+01
6.333392933513773926e+01,7.171428287194932238e+01,8.005663785772584617e+01
8.030671795327623386e+01,6.766458165680418801e+01,5.103336171664076915e+01
6.524744693867781109e+01,7.218505482408274077e+01,6.337124789964618543e+01
7.568457396531275094e+01,7.175161839336936964e+01,7.165456595222411806e+01
3.975658268077885538e+01,5.350396353174771491e+01,1.732604173893425425e+01
8.171295240453402187e+01,8.263848808518316957e+01,1.000000000000000000e+02
6.164120112867404089e+01,4.503557198678922191e+01,6.489498188604574125e+01
5.134456443299811212e+01,4.036446256890876327e+01,4.872964072468930397e+01
4.205355599234468400e+01,4.682586130295261029e+01,4.575274436870669348e+01
7.891181501035188717e+01,5.745797109182426254e+01,6.567106288925052127e+01
4.713518060405676380e+01,2.823827502322016869e+01,4.588844906990699712e+01
6.080759018305307251e+01,6.904744902117842287e+01,5.730189940952882921e+01
3.370305891834315304e+01,4.091294056910891186e+01,2.989860390385342015e+01
4.090998522788914471e+01,4.589469224736041042e+01,3.629955426940335883e+01
4.422893377243666890e+01,4.596502885538736649e+01,4.160455310853479460e+01
6.069283313457399487e+01,4.952657140487021081e+01,6.480266346793204946e+01
5.866067911659547462e+01,7.680109685473897230e+01,5.136352850118463209e+01
8.525802732986745980e+01,8.265823361314893702e+01,9.086455929501850903e+01
8.620725565540814728e+01,7.509643020437975736e+01,7.443887159557792188e+01
8.457451022723621747e+01,7.128483871553230244e+01,7.544740726905786232e+01
6.192621719962416194e+01,6.141499400236230599e+01,6.637590999940964309e+01
6.629183544249904969e+01,6.639203991232766100e+01,5.675554076861480723e+01
7.339801439421307805e+01,5.414631032551429257e+01,6.385340720920934388e+01
6.105885316173842625e+01,7.311442949744738939e+01,5.001748771102982261e+01
4.063279856436657411e+01,3.647491076490882733e+01,4.370293457803924042e+01
8.892930468167561742e+01,8.502574700430221810e+01,6.517489683430773084e+01
6.469024554818348349e+01,7.532605968862780799e+01,7.202583470573156887e+01
9.132630816947225583e+01,9.714693614486850493e+01,8.562037715036036900e+01
8.303588887872578539e+01,9.293062574746768689e+01,7.461557589809470414e+01
7.481958686299130079e+01,7.806382460913764021e+01,8.989160063016716151e+01
7.406005176897669173e+01,8.167230222961427444e+01,8.406732051264705774e+01
6.353457571033761297e+01,7.118853414481156960e+01,6.009683383063884321e+01
6.937691948235773509e+01,7.521106847259673600e+01,6.560217474495966883e+01
8.984594969951751864e+01,9.049463244999222411e+01,8.027432314587608175e+01
7.591761950231058620e+01,5.540668624011012611e+01,5.855131260786357927e+01
4.772601269269408419e+01,6.761032659643058196e+01,5.633316833517888256e+01
6.111554306910119294e+01,6.469049386335768759e+01,6.416649957278843885e+01
7.741576516061587654e+01,7.213846790183636415e+01,7.610837041325683572e+01
4.768587446075571279e+01,2.437747575961401481e+01,2.420932904112829220e+01
8.738519851487842516e+01,9.084946662813605656e+01,7.744253840143186096e+01
6.256465407842102167e+01,6.886651057946002652e+01,5.436302042566374126e+01
8.983150744544491317e+01,6.804311677861659291e+01,7.376319754223020198e+01
5.457728869529955062e+01,6.825832143872143831e+01,6.164307615464795020e+01
9.435235971831023960e+01,8.940964169258728589e+01,8.386034499249664975e+01
5.036762150627411927e+01,4.128753709292840313e+01,3.840264160661714499e+01
8.809399852731766600e+01,8.980924195996050230e+01,8.904573585251407053e+01
4.843233276930936881e+01,3.653235736177708048e+01,3.968333828022041132e+01
5.188623458577668401e+01,5.540052296690294753e+01,6.739245630352800731e+01
4.090696430420178586e+01,2.995156165705569506e+01,3.864100413136208800e+01
5.371213249940880985e+01,6.701813315728026055e+01,5.927938568331881442e+01
7.339148130068086573e+01,5.345327645817555862e+01,6.158116182746129397e+01
6.545593001330000504e+01,7.884405469882284478e+01,4.809479642037172198e+01
4.470005272191382062e+01,3.600776595991313656e+01,3.740125443702510921e+01
6.239328002498879755e+01,6.623602599302218152e+01,6.053091368757863222e+01
7.080238088669923968e+01,5.988205645241421848e+01,5.777278189963933386e+01
8.900138937954348251e+01,7.074859109010527902e+01,7.759214379393320371e+01
7.016199915106470542e+01,7.758834520538826496e+01,7.847683925589700493e+01
6.567107478275666210e+01,5.154745758109247333e+01,6.781689653372133364e+01
3.727282736443986266e+01,4.085724058271458858e+01,2.976596822259786990e+01
8.359560252914300804e+01,9.940261209649349894e+01,7.234450857654479705e+01
9.724210762330331193e+01,9.441962913303058258e+01,7.158650566054073749e+01
8.368342635661156237e+01,7.430271786268014012e+01,9.640458256862191888e+01
1.900666577998866558e+01,3.903385138660794240e+01,3.863904647095873202e+01
7.046429666497428457e+01,6.645305969222680176e+01,6.465771541099783803e+01
9.551966874052746448e+01,7.650819079908900733e+01,8.819022195492019023e+01
7.789550942403685951e+01,7.456602004275438844e+01,7.751332080692029081e+01
6.866940204339128684e+01,6.356727231306105352e+01,6.529686508822453561e+01
7.142597818437907620e+01,7.190459519751203743e+01,7.955062164362099963e+01
4.621461150919454042e+01,3.981461244611111994e+01,3.610350369735128595e+01
8.579461568478859590e+01,8.108304320584942104e+01,9.351859553472067432e+01
8.704083572578058181e+01,7.872702360651383913e+01,8.007249568582842869e+01
4.665705729165694038e+01,3.795987477872110816e+01,5.098604113312379127e+01
8.379066104813895777e+01,7.560577068490992758e+01,7.386857056316138426e+01
5.914141378414593220e+01,3.154090604269376641e+01,2.481748400080178740e+01
6.555685366995311369e+01,6.377998379027945219e+01,6.299660753249871448e+01
6.939744655640814130e+01,7.279629287568062068e+01,6.426496581845762535e+01
4.536809941768800769e+01,3.638047728389826574e+01,4.873525148609481761e+01
7.504725344214077154e+01,7.823661925941252093e+01,8.442484132284008069e+01
7.033785712951952007e+01,8.100982442807925565e+01,5.878296147844295660e+01
6.648813697947802837e+01,7.374193053165301137e+01,7.515066396080460720e+01
3.918094815960975552e+01,3.847237789702795396e+01,3.055367973743994980e+01
4.102272322533828230e+01,3.747005926125134323e+01,3.986559073996568969e+01
9.282224301647286779e+01,8.322401728424195255e+01,8.171530472934429667e+01
4.599565612325250896e+01,4.521232496515167298e+01,4.497281050496776800e+01
5.082189953193953613e+01,5.712780957836945106e+01,7.758548325407417678e+01
3.604528039853844490e+01,4.319185520561876501e+01,4.659950311691282110e+01
7.888541748628148298e+01,8.532197878317147399e+01,8.653571578365983896e+01
2.822183507333051011e+01,3.771761470089960255e+01,4.663322636303296065e+01
6.900655377679133551e+01,7.076061252863625839e+01,5.881227365744567237e+01
8.580447145967180234e+01,8.564317004607741524e+01,7.847094443069013892e+01
6.268339876895935703e+01,6.644305295976369052e+01,6.791804236153305396e+01
6.384692679386996161e+01,8.226898981520685084e+01,8.196346606881709818e+01
5.201281498104954437e+01,2.634690154932577855e+01,3.633273380357474025e+01
7.803500138242105777e+01,5.847255886993016105e+01,6.370079984075420754e+01
5.785431995841824460e+01,7.207946609571291674e+01,7.612986269118988503e+01
6.532943217740387354e+01,8.743525087706265708e+01,8.555668896213370545e+01
4.087588287557669986e+01,4.900035137366420201e+01,3.989267370460152762e+01
6.244710672091710535e+01,6.685774804664954729e+01,6.685330327754060420e+01
3.927473459410259693e+01,3.011500720537053155e+01,3.913503329426463040e+01
4.314261974607935457e+01,3.167564848673972477e+01,4.379757670770561617e+01
6.669359007575849319e+01,7.107036985198527645e+01,6.466512636747964393e+01
6.734962228460432243e+01,6.037559263570372536e+01,5.241507151951074661e+01
6.830285214398044502e+01,7.192290367461515643e+01,6.481301486403285139e+01
6.723015019685973925e+01,6.948345875004883965e+01,6.717679641618937580e+01
6.890305615722243715e+01,5.652195156569333534e+01,5.628185174312616823e+01
4.243011260413752694e+01,4.433084671668784438e+01,4.163199568888571633e+01
5.662993411184231718e+01,6.336828634406021621e+01,5.952105246978371866e+01
6.610747615479891692e+01,6.646439680653708137e+01,5.776702874366318952e+01
9.573804580821305876e+01,9.791286698525301802e+01,8.455410164889163127e+01
6.618698782751602039e+01,6.692035972824615442e+01,5.205845212009338496e+01
7.671822217304693936e+01,7.204928408130518847e+01,5.474232349645182438e+01
6.695576485095125463e+01,7.739535962991821805e+01,5.452414163920491319e+01
7.127574704685127926e+01,7.918644111240853078e+01,7.461916689888664678e+01
3.686368163303414747e+01,4.111939449631290699e+01,3.346739914035539698e+01
5.389797150639792278e+01,6.645838225870387816e+01,5.893775546148030742e+01
6.546976393795627303e+01,5.389197225555702886e+01,6.211440619858288414e+01
5.362897805380004002e+01,6.242751546695029674e+01,6.532984772207102253e+01
8.703891908197428506e+01,7.233233348311094346e+01,8.484686497241531811e+01
3.761673348571751774e+01,3.975981241753223117e+01,4.715054682846066925e+01
6.255616205409916120e+01,6.421955630757942401e+01,6.789049019670284224e+01
3.319834099888753798e+01,4.250532485865879551e+01,4.054375976930899839e+01
6.250338545544993707e+01,6.525100084925284705e+01,5.735628594596656882e+01
6.223599021870117554e+01,6.396885673405788708e+01,7.326085076841502541e+01
7.188603718332268500e+01,6.562043850597136441e+01,6.620923943859651217e+01
9.449431343225784019e+01,8.137054164057445860e+01,1.000000000000000000e+02
7.469167608694078808e+01,8.378284661679913370e+01,7.796828925938345378e+01
7.019391324456395864e+01,7.382605235902173035e+01,7.640186725838549364e+01
8.896822478093422149e+01,9.273185723137096659e+01,9.194536807682105461e+01
2.929965045365684517e+01,4.516013351452048141e+01,5.643636075696621646e+01
6.936027430827759588e+01,6.447182635893007330e+01,5.620505277401046840e+01
5.663299087448457669e+01,6.032421013295467560e+01,7.285196216040628769e+01
7.185446715110634841e+01,6.341082465740998231e+01,7.741250853671742505e+01
9.370536038219701425e+01,7.030557115940449364e+01,8.322014437661034947e+01
4.444288182806860732e+01,4.247513256125556325e+01,4.785183799446492969e+01
8.818716503724321853e+01,9.124387401002208264e+01,7.834242885088113439e+01
4.420057632689653104e+01,4.263922305275168156e+01,3.754505349951761417e+01
6.121155742953294521e+01,6.348530989937582092e+01,5.360854185111953285e+01
8.770165831910372845e+01,9.847789776166271736e+01,7.200460389407463424e+01
6.027392194683228865e+01,7.618286382862028461e+01,5.660591532376970747e+01
6.493310515329314114e+01,6.740030895247333831e+01,6.420152293445103453e+01
8.692839858416745358e+01,8.305683177386740113e+01,9.969135916144992393e+01
3.753395270923939364e+01,6.143020779972854228e+01,2.768758953833737735e+01
3.043328283528768452e+01,4.389577984628465401e+01,3.624478127837821262e+01
6.189414166013970942e+01,6.411026301013865236e+01,6.667421360623301041e+01
6.429004690691775181e+01,5.770656570122504547e+01,6.291087796192711323e+01
8.416725916548266184e+01,5.120206005653420789e+01,5.845639939782553540e+01
8.825693910287711219e+01,9.564573157295924943e+01,9.155608364575074631e+01
3.288156808521272012e+01,3.606202328987691175e+01,4.160680237820744054e+01
8.240204525563920868e+01,8.298635473314530486e+01,7.316744145642807950e+01
8.168049796740235990e+01,9.296800208157249301e+01,6.939720247685835375e+01
4.304663402270138306e+01,4.420076779178077686e+01,5.501709180265314103e+01
7.337905648604788666e+01,7.869023025765255852e+01,8.166930648433098838e+01
7.587836649043795489e+01,6.158126916244154359e+01,6.258065744123502583e+01
9.020944277531286559e+01,8.933867522404842987e+01,8.236202864418365266e+01
3.964731890313762364e+01,3.740322483282388077e+01,3.433190810544865457e+01
5.919311318515396181e+01,7.335128797133185685e+01,7.116093913610441746e+01
6.070545179935330538e+01,7.607729886394302810e+01,6.676780314864197408e+01
6.383570726109862647e+01,7.173640535115877981e+01,6.093491910480458529e+01
6.779735339512856740e+01,7.901549082215370845e+01,9.167727980861053538e+01
6.452001102869330396e+01,5.277009604831269485e+01,7.490110407696300854e+01
4.564775797359052945e+01,2.672089694864249765e+01,4.247039421478532262e+01
8.247791036862015801e+01,7.852315995442901908e+01,8.835404553300102748e+01
8.870100129064235261e+01,9.034085074030141982e+01,8.611940176797536139e+01
7.586361298333079617e+01,7.814317244423422437e+01,1.000000000000000000e+02
2.862618122370029994e+01,3.443456704386652945e+01,3.196889491190917809e+01
5.964442578777994441e+01,7.177849633444662913e+01,7.068348143187675703e+01
2.646429880664189227e+01,3.985949738818042931e+01,3.278061524165990193e+01
7.273040632590861776e+01,9.919006191597375732e+01,8.294119840425534562e+01
1.000000000000000000e+02,6.319169053324178265e+01,8.890539517459097851e+01
8.492351895903996706e+01,6.131597985952218011e+01,8.103044716407343628e+01
2.488481929700863660e+01,3.120430490575596849e+01,4.813058562032558996e+01
3.760411287366707711e+01,3.442672069995642659e+01,4.342786342924667053e+01
3.573811461571780512e+01,4.013204140960247912e+01,5.133555532632517782e+01
6.867191919419222756e+01,7.188314871176459064e+01,6.219726019260929206e+01
6.698670827012615803e+01,7.849456923649327678e+01,6.407146336603452141e+01
5.565623079194898537e+01,6.512972978316362571e+01,7.049507329756443141e+01
9.748322239334905248e+01,8.214553727421557028e+01,7.922120952013631268e+01
4.673324524300378613e+01,7.128787980106666566e+01,7.038933550230989056e+01
5.894470220556405593e+01,6.235941149577745790e+01,4.991362116413143468e+01
9.193143187754918699e+01,8.427308117688563982e+01,8.219269115933681746e+01
7.088173545059153469e+01,7.327714938660466260e+01,7.132583470871475129e+01
3.914231064838210727e+01,3.917828842660080824e+01,4.025259297825106586e+01
8.623487038694730700e+01,8.480095550291254369e+01,8.756214611738528220e+01
5.813894348192631867e+01,6.867326628641694697e+01,5.636647113366181117e+01
7.922449286951618319e+01,6.188883663272525126e+01,4.900216682123446077e+01
9.236397981419565895e+01,7.675140653569617655e+01,7.896396193156121512e+01
3.583278750669412460e+01,3.589647108008175280e+01,5.157051918347136166e+01
4.886141871587008012e+01,4.688494017869570740e+01,4.062285379413843600e+01
7.023912926382304533e+01,7.208054837316055341e+01,6.077081033076724026e+01
3.717108206709084328e+01,3.116809091702670997e+01,4.258237971274598266e+01
6.171144421690545556e+01,6.431575678441542721e+01,5.872748450017735422e+01
5.739959339166095731e+01,7.147342154047150586e+01,6.957237541998571828e+01
3.430130348469833024e+01,3.296392297072846134e+01,5.825306301820849342e+01
4.525454821376109749e+01,3.418105807472694835e+01,4.032269124443752872e+01
8.170942478047197710e+01,8.346179779268932464e+01,8.311033855140165372e+01
8.612645042692265918e+01,9.401454930198224247e+01,9.458227591592775241e+01
4.921869619939442231e+01,5.038641972751823772e+01,4.763378924346716303e+01
6.619116382484875771e+01,6.848564101508084434e+01,6.785999385558361041e+01
4.624328766582927841e+01,2.762214938728788383e+01,2.977744923173882086e+01
1.777604575417142030e+01,3.721981270245184703e+01,3.055999377226192593e+01
4.515675172398977821e+01,6.081512077560124396e+01,6.874728008181402572e+01
6.574760151635001648e+01,6.800773286260104555e+01,5.377852852883550838e+01
4.482349555004177688e+01,3.895979150801208135e+01,4.495284014771881687e+01
3.804610694636448898e+01,4.334367284034211565e+01,3.993041303992932711e+01
3.838333403688476864e+01,3.537684713537875325e+01,4.202307851975918851e+01
9.426332365081694320e+01,8.282804453147490165e+01,8.237350047726093294e+01
8.820005389384867556e+01,8.992342732151013251e+01,8.934278440669231713e+01
3.680223954968188593e+01,5.394897493833252611e+01,4.614883012397095285e+01
3.718656496311587034e+01,4.620601840359927337e+01,2.065108573843428275e+01
4.199147128317326150e+01,4.677043249846183670e+01,4.255275867218859531e+01
4.078401531279506287e+01,5.870276095337732158e+01,3.697568566614818764e+01
6.728454732346332889e+01,6.525291163886195989e+01,6.140968867072468385e+01
4.150968770728974278e+01,3.436672049940386842e+01,5.145181691141933555e+01
4.540909907821486513e+01,5.428102241572711506e+01,4.806440210288474191e+01
5.263034191879889789e+01,3.894971249901428223e+01,5.383770232599388805e+01
6.382165291239122951e+01,7.017936933783416009e+01,7.293683458332083092e+01
8.188674076427008686e+01,1.000000000000000000e+02,7.714254818927237523e+01
8.350666704497861303e+01,9.913250555596356151e+01,8.374222970887350925e+01
3.820063769995206115e+01,3.803945942725307816e+01,4.039150714166489564e+01
9.371776968048476419e+01,8.562916739345318717e+01,7.841989896887525902e+01
4.052824558048973103e+01,4.901792965574426120e+01,4.374007473801636792e+01
4.221875343776171974e+01,3.604201255579430097e+01,4.443162804796259024e+01
3.485151100039481520e+01,3.792308774923380099e+01,4.775843589913396414e+01
7.360233669540210144e+01,8.559722859902919367e+01,8.927597595908413552e+01
8.472687005723116727e+01,6.724766452919604376e+01,7.004116256635076354e+01
4.190188481865822467e+01,3.524680035442564474e+01,2.843153716489236160e+01
3.422111712906091441e+01,3.524218124980802713e+01,4.008197347213518213e+01
8.662077876605651738e+01,9.069479075450266237e+01,8.079436403663625299e+01
6.274032640709279462e+01,6.107014658561242726e+01,6.774999653979899961e+01
4.759149995453407200e+01,3.936820655186017603e+01,3.596618865501075391e+01
8.530829152201414445e+01,7.440268052851072866e+01,9.533231864955871515e+01
6.374897297777273053e+01,5.817722469999402080e+01,5.143136375174093899e+01
3.540847869040466378e+01,4.768822141295924411e+01,3.899883529031072271e+01
3.620468323707324032e+01,3.330373077420887284e+01,3.124922286962049256e+01
3.640286327462288796e+01,4.169893222390356158e+01,3.033220163276613590e+01
6.835907077730738024e+01,8.089282457352990718e+01,6.580219636642041792e+01
5.556036857506782667e+01,5.526085927900252415e+01,6.993660188092812291e+01
3.192573976600498042e+01,2.518444518230310791e+01,4.416594092767714841e+01
3.390406780938407394e+01,4.872527948870505554e+01,5.768512701914591645e+01
4.025686139176747957e+01,4.215130758142881007e+01,3.504267252697108859e+01
8.097573866624706795e+01,6.491628164551630675e+01,7.064998977405856806e+01
4.763611877282268381e+01,4.731443300983658418e+01,4.635878563932281082e+01
6.269124270651159492e+01,5.934668576762489067e+01,5.321519541891477445e+01
8.809582658231279595e+01,7.802003696035374958e+01,9.004975418856200520e+01
5.930862865640143866e+01,5.884661220860019171e+01,6.131300573936215415e+01
6.935679638977319428e+01,6.212482922387114570e+01,7.719849406496047095e+01
6.812628232220680502e+01,7.149615792612218002e+01,6.915119607199585516e+01
7.786240388084803499e+01,8.901915694040526716e+01,1.000000000000000000e+02
7.110743686061280755e+01,6.963719865415521326e+01,7.150677947957437652e+01
7.007162346567622535e+01,6.515800338447489537e+01,6.627352109509375566e+01
4.696762013801187408e+01,4.606683386835521787e+01,3.716481644644913018e+01
6.865273600155541089e+01,6.162072491140011721e+01,5.250391107736628982e+01
2.956041168885089832e+01,4.059812332715898009e+01,3.357828501022868295e+01
6.363743423216097028e+01,6.999949112425284170e+01,5.692730151736240884e+01
8.123997792075638813e+01,8.624446184614380684e+01,9.643639706148222501e+01
5.594921883153091358e+01,7.826596232465232106e+01,6.120035360757186993e+01
7.846382522026816275e+01,9.027638369959967690e+01,9.629913580173135301e+01
6.112779280068777155e+01,6.197945459681620406e+01,5.758848836857910669e+01
6.541791347893101261e+01,6.465119411930605509e+01,6.805226904989191894e+01
3.777458702667139789e+01,3.510973970346431372e+01,5.271873787122386545e+01
4.727249206244077584e+01,3.831230176503454743e+01,3.648163320408474419e+01
3.521159412191733651e+01,4.453126306137284729e+01,4.251676001624915102e+01
3.381362815190926341e+01,3.268163675859762662e+01,4.524284081159203197e+01
4.322601096479103688e+01,3.828524490562297444e+01,3.700957904949619603e+01
1.000000000000000000e+02,7.592713670628069167e+01,8.750889804908368319e+01
6.082694221446111271e+01,4.248082310795749095e+01,4.558150431211267062e+01
6.958032848894721667e+01,6.324671808177799903e+01,6.664699285266084416e+01
7.645291721819671693e+01,5.981757953293505636e+01,5.917580804144179041e+01
8.043539535799406792e+01,9.372239373178197752e+01,7.734947714611480762e+01
3.610953672741335652e+01,3.956973959345343417e+01,5.414343930863905996e+01
6.333684206550714180e+01,6.156369614482247243e+01,5.962682986326502288e+01
7.163760492584124506e+01,5.756419982349984821e+01,7.154082724817398287e+01
4.207846285444407641e+01,4.819937354500319771e+01,3.868837199978402452e+01
6.246777771887499142e+01,6.835611430757363394e+01,7.979138269793145355e+01
4.126495267924087074e+01,4.622213911267940034e+01,4.645606625555576841e+01
6.168437415077106323e+01,3.036506441172765136e+01,2.992423036499153000e+01
6.945415222624725970e+01,5.917404453206589210e+01,6.636863889681411877e+01
8.351313160134431257e+01,8.697976674267202668e+01,8.706487072039959685e+01
3.842801263681514001e+01,4.661738239696977359e+01,2.935298197909207474e+01
9.160598017724834108e+01,8.009119723968163385e+01,9.065495969316208402e+01
3.766263051357155689e+01,3.917209385547231193e+01,3.798418097434491614e+01
7.803426428497438394e+01,5.606722848179659024e+01,7.406761383053168402e+01
4.111383937327681082e+01,3.096457599447217035e+01,2.750157210460671564e+01
8.920336489178106376e+01,7.808020838507920303e+01,8.329158839575772788e+01
7.316211322763676606e+01,8.539953845205917560e+01,5.675672719282766110e+01
7.255529845181629867e+01,5.779051479512236966e+01,7.479288713535648014e+01
6.861606237693506216e+01,6.312163010502808191e+01,5.868597684863027553e+01
4.857883996163882756e+01,6.972494145774700769e+01,7.056919354994917626e+01
6.319522910658094617e+01,7.667531321911484099e+01,5.595964453874528743e+01
7.274635447434988578e+01,6.274064877474106083e+01,5.341605275231579242e+01
5.272830390185102090e+01,6.313869205556269293e+01,6.239138251393418244e+01
5.786867625940178073e+01,7.799221945077886176e+01,6.205149159739014664e+01
5.574784959600334133e+01,5.006562985790186104e+01,5.963525878470131403e+01
6.748155635240757988e+01,6.742764067351629365e+01,4.851870276774811686e+01
9.191405931747529223e+01,1.000000000000000000e+02,9.178985403162334933e+01
3.816000643177774521e+01,3.394376347319627030e+01,4.164184873362382433e+01
4.328776887224009329e+01,2.687412311770540541e+01,4.563661133646041179e+01
6.489152661716617843e+01,6.071728868105366672e+01,6.190752306499204138e+01
8.776634320630257946e+01,8.337104415937575652e+01,9.184445222537756592e+01
3.438729193956007180e+01,3.731943104029975444e+01,2.653484017641422099e+01
7.257417854000594559e+01,6.254767983844706691e+01,6.829602575676041454e+01
7.528867747371448615e+01,5.268631505988386721e+01,5.421779214695526150e+01
8.549720873414693756e+01,7.938883005040572982e+01,7.587279310255148346e+01
9.179307386766971888e+01,8.581174154769182394e+01,8.797310791589535484e+01
8.268312497286297003e+01,8.579101675865967991e+01,9.579545640450611188e+01
8.554449837207464213e+01,8.659800752231079457e+01,6.811096299273560817e+01
7.456121843769342661e+01,7.549497773943051016e+01,6.282390607295891982e+01
6.642013675525672056e+01,6.076987394077290361e+01,6.553494120675819090e+01
6.101811350485505869e+01,5.506508103494861217e+01,6.849827419680326557e+01
7.003796232611799155e+01,8.349635209420438287e+01,9.277027886967810844e+01
5.768513155056606934e+01,5.674184572276938354e+01,6.302345576137129513e+01
5.652038266978240699e+01,6.677491470701744447e+01,6.713176070909183579e+01
8.050807009841048512e+01,7.460146464425417889e+01,8.050437375697924836e+01
4.886678062304031300e+01,3.504546140301442136e+01,4.472248875644239519e+01
7.414052440513842157e+01,9.269721751634980933e+01,8.292178429243152493e+01
1.000000000000000000e+02,7.792469363262306103e+01,7.322279290615935565e+01
8.882569329335139230e+01,7.211676908075068582e+01,9.860867444974547880e+01
5.416638177382050401e+01,4.384246253779349445e+01,3.282063423382853529e+01
3.818795803216168139e+01,4.008898642304929183e+01,2.091166822108744583e+01
8.777174709420536658e+01,9.329578640398244715e+01,8.413910711556648891e+01
5.837664009854319147e+01,6.378363935551321617e+01,6.913533432611264118e+01
4.055042900556051677e+01,4.635631774527483628e+01,2.743680742911451631e+01
2.747392742255588516e+01,4.509976722120897108e+01,3.568982945905805337e+01
8.613071059931202456e+01,9.442871322668769096e+01,7.302118228638120456e+01
7.613997146053591791e+01,9.092061690274329067e+01,9.810580784300911716e+01
6.888914774621979120e+01,6.895490387089124340e+01,6.987657915874510195e+01
8.849506764840161566e+01,9.769029812411824309e+01,7.722514503346897641e+01
3.903028156221104439e+01,3.173341469649195190e+01,4.209396875773757785e+01
6.213922697336182921e+01,6.063981856066585152e+01,7.147107980830054430e+01
3.819654840617520364e+01,2.978386844023817304e+01,4.055935664795860163e+01
5.915410892293754586e+01,6.566043230896254101e+01,6.553245592348976345e+01
7.705476642858742764e+01,8.601272285655831240e+01,8.502418356399175536e+01
3.752782107843000148e+01,3.861703134045250607e+01,4.771640545791466792e+01
4.903976315286045207e+01,3.336145294233976699e+01,3.938048905894238061e+01
3.076745818996632664e+01,2.819058581350505222e+01,3.507026203219546545e+01
7.174343939817661919e+01,6.118907394798502253e+01,6.827119560383233932e+01
8.142396543267182096e+01,9.476837441721026778e+01,1.000000000000000000e+02
6.532738120524636827e+01,6.398297033344729812e+01,7.046252350640479278e+01
5.325738531478998539e+01,6.303900451080829725e+01,5.541921393796069140e+01
2.937653988805246996e+01,4.426601616971010600e+01,2.923623121653684365e+01
5.250878221669949397e+01,8.059969838964923383e+01,5.915697687040476183e+01
7.447489752483097902e+01,9.172480782780073127e+01,8.544278788757146970e+01
6.317760581069472181e+01,6.867487876603570385e+01,8.439134852524082930e+01
4.354036499363242285e+01,4.999732213635022049e+01,4.508296914289022084e+01
7.198668250169832561e+01,6.657583844372194903e+01,7.748460216150499491e+01
8.187061991053998611e+01,6.671119428339918045e+01,8.319570943351813241e+01
3.947870705487446941e+01,5.336224336630199616e+01,5.371451743987452687e+01
7.065309828756031152e+01,6.216499706100631073e+01,6.211665714125913951e+01
4.005907979304260635e+01,4.134998076182551330e+01,4.303101529616139231e+01
3.599505483209077283e+01,2.760594258924605171e+01,3.591332352757587643e+01
6.695178604839472314e+01,7.220299030129960727e+01,9.402148336999307787e+01
5.495379486077634823e+01,7.776577986872494819e+01,5.298358461384846407e+01
4.310900219315560378e+01,3.314123397956660710e+01,4.216235957366264131e+01
5.931965084129316779e+01,6.848119351908216856e+01,5.996695159246405638e+01
5.334598502038662104e+01,7.316152111573956063e+01,7.525435232098699601e+01
7.625998699158662930e+01,6.390676892712684776e+01,6.460388630614077954e+01
3.664921004859969145e+01,5.783785473127638710e+01,2.745655666855601140e+01
6.820668701486938801e+01,6.675061303168828886e+01,5.685955664785209507e+01
9.072059507089073804e+01,7.986799483577125613e+01,9.199085432413164654e+01
5.592551835516832170e+01,3.247911279172229371e+01,4.455495269393674818e+01
4.025383358828432279e+01,5.311619212597938855e+01,5.338747185016721630e+01
6.418542226168479203e+01,6.152968163994472661e+01,6.350836574069384710e+01
9.623050856824725940e+01,8.645375296832389722e+01,9.122815461389615166e+01
8.519904755578954791e+01,8.142838020080175454e+01,6.991727466280499925e+01
7.368569810315335644e+01,9.252856779063964154e+01,7.802889913096723262e+01
6.740068620757359952e+01,5.820905591877670560e+01,7.770404823368278358e+01
3.858444895022929444e+01,3.411415936123900394e+01,4.877748859324987052e+01
3.579045803206503251e+01,4.234656697348406595e+01,3.218489490890046767e+01
6.756356611827870040e+01,5.654514400733400237e+01,7.535328259133721929e+01
8.928559319441893649e+01,8.667125409043323714e+01,8.000426164528312256e+01
4.229832608829090645e+01,4.599051108785981512e+01,3.466599319834515569e+01
5.090742969668558970e+01,2.495361257620754003e+01,3.745674761097230032e+01
6.403161885870152048e+01,7.654959442358125443e+01,7.855062502097641186e+01
4.092650146337674499e+01,3.494103690867342493e+01,5.010786675345850938e+01
8.659791300941778047e+01,8.146025821926724575e+01,8.442351867948701738e+01
4.806008616789247156e+01,3.794676706880197514e+01,4.600097449709555519e+01
7.315747033774742647e+01,8.122765848433986946e+01,6.554607623298510077e+01
9.176973082524311565e+01,8.840685892469240059e+01,7.757725227566689341e+01
7.044236860863844640e+01,5.411800783274782134e+01,6.042410012584004164e+01
4.129924840674181041e+01,3.899231653962400657e+01,3.175587598089916241e+01
3.860661812956033856e+01,5.334310088895615820e+01,3.117007441774394039e+01
9.290007255919945806e+01,8.563724653907944173e+01,6.804866654134491455e+01
8.490942423623960167e+01,9.715272092145559668e+01,9.132781210531092597e+01
7.662219241457221131e+01,8.612754333264942375e+01,8.819083802290961671e+01
4.500472315173869475e+01,3.752522768223809635e+01,4.365420190045929161e+01
7.375926691667865498e+01,6.200060265491383404e+01,5.344780344096213298e+01
8.978252703391855505e+01,8.347281111500625173e+01,7.967012301202855440e+01
6.145175937653554854e+01,8.742086885171924848e+01,9.051669325223861051e+01
5.335496806076722009e+01,6.130345963425092748e+01,5.533380608459157202e+01
9.093698146082809330e+01,8.521462283351662848e+01,8.482733748881254598e+01
3.963291124691632916e+01,3.471138136119268580e+01,4.690836406184934049e+01
6.781283556338368612e+01,6.689594002719461230e+01,7.268334516888499763e+01
8.629455574882094027e+01,8.563583616534951659e+01,8.958882238433061218e+01
8.372065219292306892e+01,8.430624965534003934e+01,9.058142004509466005e+01
5.685822858438235983e+01,6.490174157355211548e+01,7.159992866678125267e+01
8.708014198522761262e+01,8.178402669692546567e+01,9.094435158417914522e+01
8.834886655767333252e+01,8.204827148071778709e+01,8.576310791304335623e+01
6.300732591330386612e+01,5.853824018920573735e+01,8.581579262526749119e+01
6.250522922532560699e+01,8.044075626794735001e+01,6.676094676941893624e+01
5.526018517710315336e+01,4.923653436957265939e+01,6.007909192859731462e+01
6.857964720231566957e+01,6.247110852389847224e+01,4.649182407552179086e+01
9.795094430647496608e+01,7.463797301452906652e+01,8.498026854638816019e+01
7.614968919053855245e+01,4.865704527570274252e+01,8.449115710427832937e+01
5.880243808201438327e+01,5.337648426455695727e+01,5.952808556437106802e+01
3.539393180449427234e+01,4.169690960904978994e+01,4.305352427583690655e+01
6.665352560383796288e+01,7.375667452653908640e+01,6.783451855514627482e+01
8.214804911813503452e+01,8.541306792049141450e+01,9.720120717880753602e+01
4.728081195951816795e+01,4.227124800940379146e+01,4.468198025087085057e+01
8.797619392961892970e+01,9.121925654754012669e+01,8.098958497159564729e+01
6.236629024499021057e+01,6.081784641537744562e+01,5.548883637137182490e+01
6.577600460363420609e+01,5.486080872032221123e+01,6.763539377899743954e+01
8.557452180408010634e+01,9.154600870381749189e+01,8.702104034002636013e+01
4.495336893580314808e+01,3.728593212892787534e+01,4.851081226187486806e+01
4.098992011529112034e+01,3.530787479264028406e+01,4.008786314065920919e+01
8.837710381886154209e+01,9.430366636987599804e+01,9.557495968287607013e+01
9.707696892338273642e+01,8.445482503174393685e+01,9.305565185085207247e+01
7.373749063067535303e+01,6.584709665665742762e+01,6.606855131646503310e+01
8.385252024999748244e+01,9.915665670655131692e+01,7.787988497203630800e+01
4.298752282572455385e+01,2.377224464934764114e+01,4.429453965278293737e+01
8.720254273128470857e+01,9.244015232426518480e+01,9.672644503896120227e+01
3.861982411212812849e+01,2.440159059477574743e+01,3.734190274970340795e+01
4.470345987403455013e+01,6.179770695854789153e+01,7.972412729794064035e+01
6.205412413030985874e+01,7.515730518611844957e+01,6.233243709588672488e+01
4.376215924691588555e+01,3.176131082920815629e+01,4.327405398890289234e+01
7.591884790429270424e+01,7.848326146506704504e+01,8.730088546545120209e+01
3.945321769310429261e+01,3.977349331478186656e+01,3.385635653007879142e+01
3.863444683024903981e+01,4.303794300502368486e+01,4.991327998736348093e+01
9.159449830661601766e+01,8.172044784104467396e+01,7.909436208900461907e+01
6.168913160263654305e+01,5.700458881932626554e+01,5.934284002889788212e+01
8.258054710945270926e+01,8.763118003568538938e+01,8.374755892275730673e+01
5.825656958921810258e+01,6.314570010283105717e+01,7.623302703686472626e+01
8.095607089475286955e+01,6.983042993740549775e+01,9.412160488610162190e+01
3.846956540094708288e+01,2.979450941329662328e+01,3.093370228797215304e+01
4.741927525725388648e+01,6.061187112080990858e+01,7.374925446316984790e+01
7.385640729871019516e+01,6.114150835846532317e+01,6.603376440547248194e+01
9.421188844664051487e+01,8.024484082993024003e+01,7.648813838298485734e+01
4.910098799221201205e+01,7.571666338650824457e+01,6.332819362133589181e+01
5.683674595128951523e+01,5.648884080181699829e+01,7.369307052373071087e+01
4.959783824275336173e+01,4.375781871788039012e+01,4.054480770750175367e+01
3.617330089206911481e+01,4.927277155275346843e+01,3.685809937416345861e+01
7.936667847503419182e+01,7.411988210182580872e+01,5.540858916847117399e+01
9.031316454925968173e+01,8.672153190322740102e+01,8.201745505082392640e+01
2.578410688539139883e+01,4.259210019351984045e+01,3.391847929104875448e+01
6.591980140450074543e+01,6.770237499709593010e+01,6.454648682055382380e+01
3.703332094650789941e+01,4.524260779663342902e+01,5.185831839489434003e+01
5.956726057207044533e+01,5.889920319408301452e+01,7.492849540007043174e+01
6.609122130755984870e+01,6.060192507394015848e+01,5.872490811331901028e+01
3.267341218162849970e+01,3.462470381056258617e+01,5.181914907336027909e+01
2.809554604854517379e+01,4.868487522379246712e+01,2.953866481292048718e+01
6.680434495016416463e+01,6.353450386163326868e+01,6.884998896047262917e+01
7.396734063012291926e+01,8.208233264814087704e+01,8.506819426616100088e+01
3.416732929805112917e+01,3.476682847945762944e+01,2.282168776209076100e+01
5.552557324561324492e+01,6.895285458981794591e+01,7.108998997077488013e+01
7.299943577054949628e+01,4.927601302395719784e+01,5.829974340448407588e+01
5.020383188619608461e+01,3.932361313413087345e+01,4.933237364597766828e+01
3.955250404751662074e+01,5.415266660616095606e+01,4.428794243940179598e+01
7.872384191744197324e+01,6.571990775287066811e+01,6.941939665397529780e+01
3.900533743320878699e+01,4.156745651555175414e+01,4.691662761028699435e+01
3.856114204565377435e+01,4.579580360132170114e+01,4.672581942536334765e+01
7.374310046272725572e+01,6.736373473085924957e+01,6.154963617661000086e+01
3.462147306943668212e+01,5.175779011606836377e+01,3.531349114531293765e+01
5.062783048633384908e+01,3.474811114545020985e+01,5.610597163835680590e+01
7.985341714523308099e+01,6.732663054078918208e+01,8.792373029244278371e+01
6.472315200375520305e+01,6.034462710438116062e+01,8.447626135079326559e+01
8.161599891892998926e+01,8.474785764548752809e+01,8.705478194745688825e+01
9.118419398610312498e+01,9.056003194773143150e+01,7.690609506118551053e+01
4.355953650035697677e+01,4.364238750733260730e+01,4.224683478980417561e+01
7.449447212379591576e+01,9.061385848520873765e+01,9.858090932377113802e+01
2.997342216782696767e+01,3.862119622197137403e+01,2.808857980851709613e+01
3.966117649474308138e+01,4.525506808992313523e+01,4.668958492544694394e+01
8.497211508816555181e+01,6.975402746134250265e+01,5.578643854870389163e+01
4.411220163969122154e+01,4.849459481614183431e+01,3.872825513416626819e+01
6.425409932088507503e+01,3.817976467709423360e+01,4.204154681404813232e+01
4.737798352937549851e+01,4.194414049078554285e+01,3.748846036201718590e+01
7.373003342343984912e+01,7.217469183884706752e+01,6.430810303191934452e+01
2.607744347732462487e+01,4.369243134369023096e+01,3.639199016442564272e+01
8.780098634098189336e+01,8.112227802899568019e+01,8.373191509747869077e+01
6.183592727957896784e+01,5.728944854185920121e+01,7.734919453906901765e+01
8.891063636983760432e+01,7.987773898865874855e+01,8.209375753160438194e+01
4.148667662015132152e+01,4.919501472766253869e+01,3.964213652649705466e+01
5.216364515083265729e+01,6.690012842421492678e+01,6.297954015632642921e+01
9.461925895972960632e+01,8.705275693042447926e+01,8.813772813549704210e+01
3.197216472396733167e+01,2.862617006841040990e+01,3.849221271701149050e+01
4.075674026366159808e+01,4.627750972905349158e+01,4.696658216293310772e+01
8.890108693890604741e+01,8.215402467172935985e+01,8.620570534019856268e+01
6.044507517045535394e+01,6.467940900362306422e+01,6.640014724279683378e+01
3.661872743594248902e+01,4.478232707623666897e+01,3.720933844377073285e+01
5.837935269049071252e+01,7.272040867691202948e+01,6.366194124589658543e+01
5.083411176818846400e+01,7.759423887201010928e+01,6.608423570562398197e+01
4.717912500259983233e+01,4.574913788248546354e+01,4.211114782409239155e+01
8.355608169061878243e+01,8.934351636289717646e+01,8.619830992463585062e+01
6.441681916254295004e+01,6.100763723153027485e+01,7.357739334231953876e+01
4.606110263612594480e+01,4.376853819879512741e+01,4.220552586193637978e+01
6.782634214822593322e+01,6.427521800888817438e+01,7.888498908517931341e+01
7.050524110080260698e+01,6.525036699904916304e+01,6.845089268594959719e+01
3.528090447441760347e+01,5.729553424950802309e+01,3.797390712272952129e+01
3.998742396424643175e+01,4.088144462225086073e+01,3.164152884554730250e+01
6.392931812717971951e+01,6.748623965463930574e+01,5.782693932107617485e+01
4.035726624770773441e+01,4.606682426115252582e+01,4.105438741608656272e+01
1.000000000000000000e+02,8.252023782566217847e+01,8.512874593056974959e+01
6.223185053044766590e+01,6.207611840228282318e+01,7.495766132666187787e+01
4.688792206003532215e+01,6.451203111381093436e+01,5.931551389848020506e+01
5.582352770502032513e+01,8.579222515832442753e+01,6.902898976021850785e+01
3.599711138082480488e+01,4.388128890036590235e+01,3.577665890140549010e+01
7.343352797371230167e+01,8.058251753153568586e+01,9.725305168044562265e+01
7.753847284903905290e+01,5.669037636204652841e+01,5.616736718394441397e+01
7.257482602812117989e+01,6.156472206007570946e+01,5.613000586877917897e+01
8.330649640416571344e+01,8.267443481368199798e+01,7.869425204931134488e+01
6.757239488820812312e+01,6.664652397304530496e+01,7.713397413324760521e+01
2.747578218025249441e+01,5.216084897933496478e+01,3.618234696844108100e+01
7.545431799700314457e+01,6.052704545112176504e+01,5.310074929237414665e+01
6.394234849680388066e+01,5.829954417579831727e+01,6.138366482909380295e+01
9.376498924803229329e+01,8.374320939843083522e+01,8.062035781595953665e+01
8.001338549570732539e+01,8.112238402506393697e+01,7.406109548588426605e+01
4.926704380088899882e+01,8.234011581249728806e+01,6.749898629536060923e+01
4.474575504563288320e+01,4.614786989872478529e+01,3.928207089016536457e+01
6.095360995375248336e+01,6.266953690762659335e+01,5.960236546988927842e+01
7.995199695823779962e+01,9.314690772126009222e+01,9.298951709843730384e+01
5.178579476511576019e+01,3.377460572577707154e+01,5.184183895177045542e+01
9.280614491239579422e+01,7.783226174191374014e+01,8.566545155575710169e+01
2.910359335317878049e+01,2.862358587087894080e+01,3.342531762873957035e+01
4.364464349869261639e+01,5.166229355769122122e+01,4.240234749952944071e+01
4.302037482852682615e+01,4.344946500831383673e+01,4.380401866521506093e+01
7.084417145031011387e+01,7.273468920940700855e+01,6.915696744748247227e+01
9.023702286130738059e+01,8.125054119954154430e+01,8.393024416479367744e+01
5.500945019454547946e+01,6.157665361672454907e+01,6.531808767421038908e+01
3.634823084620222033e+01,4.905787657743398000e+01,3.484506303829581952e+01
4.300835495698088806e+01,2.811955616698051230e+01,4.952330850634994874e+01
7.196802541264990793e+01,5.929484399163385433e+01,5.938959820654485355e+01
5.273854106927506535e+01,6.250364148153700228e+01,7.194482857251691144e+01
8.776092918907824014e+01,8.754186630664258928e+01,8.179657670737583430e+01
3.264438171198710847e+01,4.397728595243011540e+01,4.113940588856452507e+01
3.374114025586111154e+01,3.587807804694480751e+01,3.110277675139074205e+01
8.872488470127295557e+01,8.958637842172387877e+01,8.695412109953532820e+01
9.264892568415243090e+01,7.660488982172995520e+01,8.919999335921164629e+01
3.892778223352507183e+01,3.513408216530170591e+01,3.378820473481309250e+01
5.049335981453467070e+01,3.838207928442352568e+01,4.124292596892474450e+01
5.848515180516069734e+01,4.902765968291926413e+01,7.054724708981309789e+01
3.070027131739778881e+01,3.549135010316859251e+01,3.276101912011317552e+01
4.799469065979591420e+01,4.077930730366225731e+01,4.636622407795386636e+01
6.584029660822272945e+01,6.944590272672112974e+01,6.650497794884657310e+01
5.482291979950858263e+01,3.370398413221965939e+01,1.951410091473102781e+01
6.038017051016965553e+01,7.743655561544990462e+01,6.368403308741663693e+01
5.381259839427322333e+01,7.336326092259574239e+01,6.454106704282229146e+01
5.538775766162456193e+01,6.297388539589844214e+01,6.827874382613013893e+01
8.395517628395549536e+01,9.994191557091626521e+01,7.848558743801505955e+01
8.240988484164284955e+01,8.344492620030806052e+01,6.750572468081567479e+01
7.144863913024494195e+01,6.886879452208417263e+01,6.179845430642198778e+01
4.088490498062942180e+01,4.001071877403589383e+01,5.178362857751659476e+01
1.000000000000000000e+02,9.071468597928483746e+01,8.129211966777663179e+01
4.662076218850739195e+01,3.229668890027341632e+01,3.622807182798594283e+01
4.577329567847591818e+01,4.866984624485899502e+01,3.234085819140486251e+01
9.148465991049307888e+01,8.654821464530564867e+01,1.000000000000000000e+02
3.312566029693409320e+01,4.295000627265999071e+01,3.232893919336800792e+01
1.000000000000000000e+02,8.230990206316711522e+01,8.386985210429206461e+01
6.180374449247597113e+01,5.647680535517909561e+01,5.594725707102621470e+01
6.135680415327482251e+01,5.888601484811961484e+01,6.571808700175776607e+01
6.719039305236030657e+01,6.516558552209940558e+01,6.662046716569182081e+01
6.306316135405857892e+01,5.627175729461209386e+01,5.801135215736655937e+01
4.592011389043468483e+01,4.509525026697767913e+01,4.272633126401684933e+01
3.574182874702897550e+01,4.904779542245016444e+01,3.775542089556511627e+01
7.870843830584067291e+01,7.162005066372053363e+01,7.892766757104777753e+01
7.300603368817918692e+01,7.675612320882778761e+01,9.258826747879993491e+01
7.178186661393665702e+01,9.023772539148400540e+01,8.261005685925141506e+01
6.452860301870191506e+01,6.390886578228285941e+01,5.998130063106038534e+01
5.887481856587083229e+01,6.691544056464452694e+01,6.763560727285798180e+01
6.566443137916429862e+01,5.977833067625109464e+01,7.156399364303793220e+01
6.236740184642785323e+01,6.708480242444129260e+01,4.913033086396848859e+01
2.417067466488514782e+01,4.741101398266597045e+01,3.383456592262266582e+01
3.346780930619712535e+01,3.831955381601440536e+01,2.963968258534880462e+01
2.889292559208114142e+01,3.028958651127029356e+01,4.007369354105671277e+01
7.920277727788955247e+01,6.326522011946582325e+01,7.199621905129892241e+01
6.958936026380871454e+01,7.170195923236914837e+01,6.438018228365159246e+01
8.370040156218712468e+01,9.625203579652166752e+01,7.364375087054065716e+01
3.595264766813878765e+01,5.470649903749428233e+01,5.507607756811957245e+01
7.006090045201462146e+01,5.245250841424032018e+01,7.583207254881807557e+01
7.817642969406776388e+01,6.784244177635467565e+01,7.944955557786387601e+01
8.451040858358528851e+01,7.170832639773385608e+01,7.935090220591425236e+01
7.278159567658526896e+01,8.599748975833054487e+01,8.760729763546984827e+01
7.776826878673170995e+01,6.350329456199757061e+01,7.334487138306046461e+01
8.597474362539810500e+01,8.501389700712545050e+01,8.585917259509091082e+01
3.942070128935564810e+01,3.513306003276785106e+01,2.481651585198802934e+01
8.906671294735090783e+01,7.898275383536871175e+01,7.470613670095315229e+01
8.762256703075603070e+01,9.574932456355010402e+01,9.763059918224362832e+01
6.276779397209328692e+01,5.042961470984401728e+01,6.685629865598654931e+01
4.129673446847072427e+01,4.332532775946494041e+01,3.886625523564934070e+01
4.162710592495955098e+01,3.193171166445513620e+01,4.565479712719240979e+01
3.655847999910470492e+01,3.140690122208076929e+01,3.582762304214877247e+01
7.359298808187284635e+01,6.093282890106555527e+01,6.817544262404493338e+01
8.789483770405695395e+01,7.978675836417536971e+01,8.650999258727561880e+01
4.172083387537171006e+01,4.444315925953851831e+01,3.747477032927508844e+01
4.766810287245986189e+01,3.309863244596935772e+01,4.104956391474716781e+01
6.228323075375072193e+01,6.628290932551843184e+01,5.052249597672791026e+01
7.646074343922822436e+01,9.066914867168020464e+01,7.598705021328747478e+01
5.867588234778970246e+01,6.586409443627454152e+01,6.967355955340822504e+01
7.744306712320586428e+01,7.065956639655982485e+01,6.221811869765812020e+01
4.057703606171095601e+01,3.576405832748957891e+01,4.186140969083763252e+01
4.130846409116214346e+01,2.965533113587368064e+01,3.173375018130597880e+01
6.775126049992101684e+01,7.298135290878420278e+01,6.902115479002409870e+01
5.421055438432463802e+01,4.724808342056486765e+01,3.663324123195781112e+01
6.304513875230556152e+01,5.914451987297389479e+01,5.597261053963735122e+01
5.285287957569477157e+01,6.424733584342858705e+01,7.376489629701363526e+01
3.537552208100812123e+01,3.857366382408699934e+01,4.576037928397851573e+01
6.804118100064783903e+01,7.017306764958742349e+01,5.548762588306249910e+01
6.438811383242503439e+01,7.798184664508519859e+01,5.943343561869951230e+01
7.960460914342796457e+01,7.039470459077178077e+01,6.839435939649888496e+01
6.956173475235482329e+01,6.340962881963848474e+01,7.393368440516312035e+01
5.062525296716637513e+01,5.345906868272078327e+01,4.906854962300499778e+01
7.724617829521065460e+01,9.076723769952539556e+01,9.303688694447639307e+01
4.437567612012830409e+01,4.535858736733150209e+01,1.866466017573682024e+01
3.514600925881948257e+01,3.679164946064728525e+01,3.685361642382283520e+01
6.774268681909875056e+01,6.777344067548429507e+01,6.269829633383795908e+01
9.427577853934693053e+01,7.289559739850115250e+01,8.832804038123002499e+01
2.734951374791205581e+01,4.563352276098533622e+01,5.552693551345495138e+01
5.056499111730988716e+01,6.466600233998914860e+01,7.603016271319334862e+01
6.367901949328567923e+01,4.893481755359827901e+01,6.201110046389221253e+01
7.878436344776699229e+01,5.791087757248348566e+01,6.531401659160026441e+01
7.540713499808231290e+01,8.557397946454310045e+01,9.113821392069596072e+01
8.872521087266683537e+01,7.885461524393124932e+01,8.171337225029741091e+01
8.090490599929265159e+01,8.861202816101103963e+01,8.515568555529956996e+01
8.798240205330134245e+01,7.786479330073986205e+01,8.365954760187351269e+01
9.197064947208760088e+01,7.427147974023336019e+01,8.857315152410208725e+01
3.145924984764091192e+01,3.956052107037665877e+01,4.906151856415671375e+01
9.319717392569805270e+01,7.011984670588471147e+01,9.243103427072246348e+01
3.879158497914456660e+01,3.403121394677989286e+01,2.999747568861482705e+01
6.743035094119171902e+01,7.548295119658446595e+01,7.498193497489110371e+01
1.000000000000000000e+02,8.147941198155058373e+01,6.898439224761375499e+01
4.078083193996351952e+01,3.247575827599026610e+01,3.576582154640085776e+01
9.160055276865644203e+01,8.757451370774074917e+01,8.686130001814240131e+01
3.227051702342050277e+01,2.824113987114292001e+01,4.179114165654446111e+01
4.529193387139338256e+01,4.200592495929061698e+01,3.408652369742546284e+01
7.770816754872838317e+01,7.616620131976405617e+01,6.767297768578019657e+01
4.188455896511915455e+01,4.697547493215560621e+01,3.550554765179528260e+01
9.860547780127372164e+01,8.297761935234198916e+01,8.850787225985692430e+01
6.971687476339101863e+01,9.488962977821054778e+01,9.203022179969981664e+01
6.194013281385741010e+01,6.773812339817585837e+01,6.580216559231404005e+01
7.301051459641566055e+01,9.316076254436303827e+01,8.681018642365476978e+01
4.806788598029827853e+01,6.358159611331613092e+01,7.663130003029966986e+01
7.822078472632354362e+01,6.477481894926707184e+01,7.434995843365214796e+01
3.726277687414362561e+01,2.874468667518510401e+01,2.417800750106297514e+01
8.786878020787858645e+01,7.477730938363231417e+01,7.621339501677043415e+01
6.142069547209860048e+01,8.441773395339458830e+01,8.417606025066834263e+01
6.341434065520267183e+01,5.186291800293636811e+01,7.421273365058917193e+01
4.881779502900355538e+01,6.555884392089721757e+01,6.738431771893534972e+01
8.436189913457295120e+01,9.495625744531574242e+01,8.650777017134240054e+01
6.619449481713523653e+01,6.286996680403098736e+01,6.650504533750644498e+01
8.643848958152634054e+01,7.584155852189331881e+01,8.158860149907484072e+01
3.146576609954080084e+01,5.085870067199844868e+01,3.413505334973923055e+01
5.189733754766552920e+01,3.383307062323697778e+01,3.613129352461474042e+01
7.167815694982483876e+01,6.530384810455467459e+01,6.152460833271859286e+01
7.892890713681912018e+01,8.496114098714694762e+01,8.028911516412986771e+01
4.347935743615957449e+01,3.644444380965521191e+01,4.489083536206566549e+01
3.389554232244186238e+01,3.110070822413265645e+01,4.952914362471091891e+01
9.456733851781159217e+01,7.532134883801990100e+01,8.306727001804762267e+01
8.274245288683793831e+01,8.767159056697342123e+01,9.009408195863714752e+01
2.770045640698686995e+01,3.052905709888020880e+01,3.585759997841623914e+01
3.829376323456182973e+01,4.031429457256439974e+01,3.725077378861566757e+01
7.223813808359955146e+01,6.609799181346042474e+01,6.203568089933231278e+01
6.218868403857661775e+01,6.058121924137319070e+01,7.494673202378886856e+01
8.552054020689922709e+01,9.862957038979871527e+01,7.934659588891267390e+01
2.421053858873118969e+01,4.848261763823755643e+01,3.783682755357312999e+01
9.181530884063752751e+01,6.881637164873755808e+01,9.336219860132450776e+01
3.469907879860789990e+01,2.345058436891337905e+01,2.720054423232931384e+01
7.930629647179016217e+01,9.013773831561971406e+01,7.557301376911374291e+01
4.256233347205780149e+01,3.849421982966455857e+01,3.427024707910987900e+01
3.863672274212014202e+01,4.010589338241336321e+01,4.588586688224130938e+01
4.602197257198670854e+01,2.796207409272958699e+01,4.458212502735166538e+01
8.453477899799905515e+01,7.385615701879967787e+01,8.371094379580104317e+01
9.058923550831103455e+01,8.160918936210696017e+01,8.973434927993316990e+01
3.668421547331313093e+01,4.507128302186993807e+01,4.002394632959964582e+01
8.311072215415721587e+01,6.464526705173366850e+01,6.580826658019402942e+01
8.087117768586509214e+01,7.621455427285157214e+01,8.534605988820750611e+01
8.973489539076568633e+01,8.141001132792702322e+01,8.966372174325861977e+01
4.615523716491149031e+01,7.324132406788314142e+01,7.700402490894315122e+01
7.974401301573422529e+01,6.630937157863142772e+01,6.454793446283200353e+01
3.115331854278305457e+01,4.052426064664040695e+01,4.092105094006247867e+01
5.866918346339664936e+01,6.769039371207247768e+01,7.019775065124522939e+01
7.380007548389949079e+01,6.695640370390530904e+01,7.266875264621876340e+01
4.689406795362693714e+01,4.953274891346053010e+01,3.438924680188926430e+01
7.603691213756778211e+01,8.547803797664008130e+01,9.766173987601241890e+01
6.140832087359296310e+01,6.490504375457601327e+01,5.997472892795983057e+01
6.341372329555934328e+01,7.170390662622534705e+01,4.983350622491074944e+01
7.503617982101303596e+01,7.205080649903507606e+01,5.726208428631237268e+01
9.503642116921619731e+01,9.074494235724674240e+01,7.945172904901191657e+01
4.569170921254037410e+01,5.449627112863028344e+01,3.451434703141621441e+01
3.721019942201250075e+01,3.630118565868346536e+01,4.686380705005723257e+01
3.895117715235763001e+01,4.444942204584809531e+01,3.634886056139521315e+01
6.207983674778328265e+01,5.214239494640561645e+01,5.368240563832540602e+01
6.095715403078477834e+01,6.035441978070121394e+01,7.065320786831772182e+01
7.165101998267826389e+01,7.775903046309105093e+01,8.183317251049112429e+01
4.859493783714768966e+01,6.388477800368908532e+01,6.179716504727621640e+01
6.305660334709428128e+01,5.670091199478237343e+01,5.671198388069119289e+01
7.136429038533773905e+01,5.583795094662890790e+01,6.346489935382066250e+01
5.831600492276604086e+01,4.309820845011636692e+01,3.740890380223527956e+01
4.810247323362879968e+01,4.213433476635734820e+01,3.348406809710873233e+01
7.111982696883856647e+01,6.852941127264902832e+01,6.163623833565847576e+01
7.004640746739585211e+01,7.633270983595537018e+01,7.620142828635498233e+01
3.111116079265953260e+01,3.062422725679364177e+01,3.125340913690094169e+01
5.755348644203848352e+01,7.895749511560346434e+01,6.443947880165119102e+01
7.457669701081739788e+01,9.226000075936521228e+01,7.469313451915462565e+01
8.737872096033180469e+01,8.377621060867113556e+01,8.583942710817765942e+01
8.256195927167551929e+01,7.317649994452453655e+01,7.915421416432164392e+01
3.783682446323646076e+01,4.335571914282598982e+01,5.006223160695554242e+01
7.689623611475379050e+01,6.860125855160676167e+01,5.767110031740308784e+01
8.057384071145617099e+01,7.913463393623462139e+01,8.056574041731738589e+01
7.658897507651138881e+01,6.469116723298485283e+01,6.642861675558570766e+01
8.640743742864250976e+01,9.451095102733901854e+01,6.937473226024819439e+01
6.470508877618378563e+01,4.647776258488208612e+01,5.267334185299805682e+01
5.096637248611072835e+01,3.916114089773573426e+01,2.301090032765655380e+01
4.890360183753810475e+01,4.787442124382049258e+01,5.255982556885800960e+01
3.533959885321467453e+01,1.784901422828510320e+01,4.192736569964922211e+01
3.643099513317693550e+01,4.446574860438030186e+01,4.121213577398382455e+01
9.513995316532080437e+01,8.074943896447948077e+01,8.602399408762057931e+01
7.935300867048100315e+01,8.611960124072140843e+01,8.190646283244200276e+01
7.205851036023756251e+01,6.272056445933351654e+01,6.781742646694215182e+01
6.970140430370281592e+01,5.846992151154377382e+01,6.926777210091140091e+01
2.815570789947987151e+01,3.289492917013077999e+01,3.713586649540456364e+01
5.949558803844610111e+01,7.272121602672444851e+01,6.294210859337494668e+01
5.023331922372261005e+01,4.000379989093218569e+01,4.102484899948351682e+01
5.117801607211363546e+01,7.452325834532544491e+01,5.832230944786059013e+01
8.376974657814926672e+01,8.244110826545889381e+01,9.131309610760823148e+01
4.659671222393650680e+01,6.046406844396319258e+01,7.316657329157514766e+01
3.633059772048533631e+01,3.765446730680990584e+01,5.549784929943613321e+01
6.821732427562091061e+01,7.467132761817255471e+01,6.610937026600610977e+01
6.433525139051202757e+01,5.413732151355519306e+01,6.402463692995974043e+01
3.399361381366360746e+01,2.903598347956493342e+01,3.511710694796615684e+01
7.620108568365333213e+01,8.833965128330517302e+01,8.105055904805058731e+01
7.944137983501505573e+01,7.242027723703529318e+01,7.790261611148467580e+01
3.998126889450433197e+01,5.576391972387181539e+01,3.441084643301534385e+01
3.528583312748803280e+01,3.939040849024156898e+01,4.258558077486966198e+01
7.343756501844437423e+01,6.948120791042748579e+01,6.862155386299481563e+01
5.482588274313390997e+01,7.963361838292183847e+01,7.089873548474353981e+01
3.497929970850464088e+01,3.490707773518211354e+01,4.432905288643625141e+01
7.387301351718758724e+01,5.684911386346630024e+01,6.851291754148955704e+01
4.133722630067872927e+01,2.906229686958401359e+01,5.432578190944936125e+01
6.362926773612002052e+01,5.833392780094260388e+01,5.753915695789793716e+01
4.440739504714832009e+01,2.098167606616015135e+01,3.372176602275207102e+01
6.762192026628193275e+01,7.464937361627872292e+01,6.625147734682798273e+01
6.292470641219378535e+01,5.481707019195733466e+01,7.399285427167632179e+01
3.784918422925063197e+01,3.919904386450730982e+01,5.175803150388013307e+01
7.165237560059878774e+01,6.412618935496990957e+01,6.122330450869175422e+01
3.708457265548607040e+01,3.663593325250486998e+01,3.572963248272633052e+01
8.687314086944942915e+01,8.069549649593471941e+01,8.092082874213069488e+01
6.761527700492258930e+01,7.711858625248791554e+01,6.615975496246261400e+01
5.488828765948189670e+01,6.939979165301740238e+01,7.304557272935431911e+01
4.894059357546524325e+01,5.208909253087307434e+01,3.704435729741001637e+01
4.786332965169409448e+01,1.899882652722558163e+01,3.334591060589752232e+01
7.729645019345397827e+01,9.343679684667098684e+01,6.798702948498532805e+01
2.633529835669340002e+01,3.882626695897130986e+01,4.490868412809101073e+01
7.895820753725719499e+01,6.529384787497239984e+01,6.318813531181579179e+01
4.136406548815719475e+01,3.767947380850198869e+01,4.003306306123892711e+01
4.901589001824896741e+01,3.905148677622852915e+01,3.841563063420176860e+01
7.115095689967314740e+01,9.162900027450646689e+01,8.509293025494736185e+01
6.465441001281257627e+01,6.156578211750201746e+01,7.284848503578750467e+01
6.149587080674254480e+01,5.306889892016121735e+01,5.276086408366420244e+01
9.376023749129771545e+01,8.289707828414381652e+01,7.677917473821976557e+01
7.134417509320735462e+01,6.476594137629656700e+01,7.895501114740558535e+01
7.132612405251688870e+01,7.458937757650693356e+01,6.489842557904381692e+01
5.130365285000202391e+01,6.480750565071946312e+01,6.455089483672259121e+01
6.473664913630663875e+01,6.603801289437586775e+01,7.086892295701586875e+01
6.700488220926185079e+01,7.347736509879888445e+01,5.532318342148220580e+01
6.878285158226348983e+01,6.854176701465200949e+01,5.712795909021027541e+01
7.591580681317199719e+01,6.748202981810796075e+01,6.815300692711896602e+01
5.792304433878928194e+01,7.071423390154770061e+01,6.588658819445529957e+01
4.766483463989499114e+01,7.075045444598289635e+01,6.695572453108063371e+01
5.891872388547180606e+01,5.820530270278728580e+01,6.416014764659259129e+01
3.329741392977880565e+01,4.562420367236329355e+01,4.989640433473974923e+01
8.645721634325508376e+01,8.402154105653602301e+01,8.940139457107328269e+01
7.263875908863107611e+01,6.597640502583284672e+01,7.315140968933836518e+01
6.705510146015245709e+01,8.040378291554223722e+01,7.380213127436881848e+01
5.289941513857655764e+01,6.800570123130540878e+01,7.987306046768753731e+01
7.878624336672405093e+01,9.055182221360648498e+01,9.237246838245778235e+01
4.591704963989249677e+01,5.887817547463689039e+01,3.717405046537913194e+01
5.319978438848816893e+01,5.106781634345311716e+01,8.365845307764706718e+01
4.264832123996956170e+01,3.757904192423642797e+01,3.613767873020284327e+01
8.050745569326657858e+01,8.528123475582665947e+01,8.409341367374338461e+01
6.673063590204799311e+01,7.678997376041172629e+01,7.435026761903451131e+01
7.683137238944296143e+01,8.016773706046654979e+01,8.927148112446933226e+01
9.091156108748310771e+01,8.799716985612167264e+01,8.003420254382724863e+01
7.543674005967977791e+01,5.995705882602275949e+01,5.029492425235779507e+01
5.504333653854838104e+01,6.871897044677366750e+01,6.204226379811183989e+01
6.909066379231097699e+01,7.328699403785530819e+01,6.007213771858261708e+01
9.566423219032969882e+01,9.973858241160178295e+01,7.763025370502867872e+01
8.023292555622076350e+01,8.894181824173570305e+01,8.343940474129480833e+01
6.422283523997431587e+01,6.550460538803962152e+01,6.490828462671889554e+01
5.524197797567553891e+01,7.650986600023131246e+01,7.116253965723662134e+01
3.868279177964839022e+01,2.598321141818423285e+01,4.075346446585849947e+01
8.952629313926317423e+01,7.433708605684198290e+01,9.065772933919164700e+01
6.576201917957968135e+01,7.115675493125372952e+01,6.577193186046265794e+01
5.526505125284990072e+01,5.708277882857279906e+01,5.978066460482904887e+01
3.179134399254947496e+01,4.031382342209405323e+01,4.042281047895158963e+01
5.137301582465767069e+01,3.678996048544141217e+01,3.399420305387909735e+01
3.413284532257560500e+01,3.567281847789762139e+01,4.275865367581636889e+01
7.406316137513090325e+01,5.987123693807321700e+01,7.776091087037914917e+01
3.694450627932945963e+01,4.059060706725107792e+01,4.447157829779860094e+01
3.840330463068929845e+01,3.676266504267172053e+01,4.057296822808547176e+01
6.035996084028393938e+01,6.959479674019814865e+01,6.580072858262860791e+01
4.058058464472815530e+01,3.618065102873833183e+01,5.291396875499917485e+01
3.675915862615528340e+01,4.943972591566071628e+01,3.580097193486368212e+01
6.245949252219088521e+01,6.146841698387031272e+01,7.109757282349444552e+01
6.221850531875616497e+01,6.694876793635738466e+01,6.577596941710585554e+01
3.171007221933500020e+01,3.539825383663372094e+01,4.641777913724111926e+01
7.521730669883828568e+01,7.126665175215873660e+01,7.422391444273911532e+01
3.918082634711122836e+01,3.479549103675526567e+01,3.460630030620392716e+01
6.875904647719545437e+01,9.592349127595761615e+01,7.931892463037900143e+01
3.087027803551341876e+01,3.812571438138107993e+01,3.745434822293932342e+01
6.826077644337307504e+01,6.880290066931361537e+01,5.376462267418095564e+01
8.488923321309735570e+01,8.368691777668323084e+01,9.502760331649182035e+01
8.962105832960723717e+01,6.319963166995692205e+01,9.159369884506845949e+01
5.926543059476831132e+01,5.325118038782350993e+01,5.388891223309971679e+01
1.598617726488529200e+01,2.776491147353376476e+01,3.984236115323678717e+01
1.000000000000000000e+02,8.390796467739464504e+01,7.956252471903179924e+01
3.860660350223041348e+01,4.110578740379442308e+01,4.869963696118771423e+01
3.826645396755263562e+01,4.460855602849112955e+01,5.339179596216837353e+01
5.031924421409335935e+01,4.611843417381271593e+01,3.445356618239660662e+01
7.896541270495400511e+01,6.810972558203957306e+01,1.000000000000000000e+02
6.446922711313966659e+01,6.405017047453439716e+01,4.017791362700741331e+01
3.507045808007444521e+01,3.044507615420432955e+01,3.148421803099062188e+01
3.219232947108076104e+01,3.271540092862841220e+01,4.446839167419378924e+01
6.286343569293529043e+01,6.311912681273481951e+01,6.069614458275355418e+01
3.843611845261384730e+01,5.469138965930738294e+01,4.185797274179086003e+01
7.392572561438697676e+01,5.764810904576305717e+01,5.800014634665326696e+01
4.771743515330894070e+01,3.093046651562559646e+01,4.993710894902064013e+01
3.946103162215720772e+01,3.952297894087669050e+01,3.642375233898299314e+01
8.219805461698675231e+01,8.244730716973901963e+01,8.435591999725899370e+01
3.969169390525269847e+01,5.391718433544809130e+01,3.614214017037663496e+01
5.537393129015116955e+01,7.687362177402899022e+01,5.912115943653682848e+01
4.264231956493273401e+01,3.830612957964484622e+01,4.398975552855778659e+01
8.610729386712260691e+01,8.883894785072628508e+01,8.498546910855816350e+01
4.120737221445196496e+01,4.463425577056746363e+01,5.748691013134100558e+01
1.000000000000000000e+02,8.383804801505387161e+01,7.214697994237937451e+01
6.342689377958428310e+01,5.898237817844416497e+01,6.883591034579235668e+01
7.816968160366698726e+01,6.941552814205898869e+01,5.003634280750169694e+01
4.581498290957139119e+01,4.952480543094334564e+01,3.477762964923364564e+01
8.446365027743941312e+01,7.062236631164333289e+01,5.690000063560411547e+01
7.223967958867238792e+01,6.924794622547655365e+01,6.237652133769817198e+01
5.727018292058567539e+01,5.522969666951713918e+01,5.074362374699289546e+01
8.428927810762117190e+01,8.541778750717814717e+01,8.505900809267924956e+01
8.673690172289487066e+01,7.003940591138230332e+01,7.505813379012852238e+01
3.843998067607697777e+01,4.881732511935631891e+01,4.739608214651267559e+01
7.735029384946840025e+01,6.502012253167272604e+01,5.981378100738316306e+01
7.647487885975115773e+01,7.703811921598087054e+01,7.174336596221522200e+01
6.572622607913930892e+01,5.858985652337644012e+01,6.757807964279366786e+01
6.911013462472098468e+01,8.030511897708483104e+01,7.035027008487438138e+01
6.809439643539622011e+01,6.899586021831198934e+01,6.224879527376604216e+01
8.790343791165490472e+01,8.391456772746975901e+01,8.655025477664304390e+01
3.154987673367465817e+01,4.604201420780880483e+01,4.281047740790334188e+01
3.001897760684965988e+01,4.567729492510301270e+01,5.336896982850598192e+01
8.892900010582476966e+01,8.681666128253249326e+01,9.203745258399189311e+01
4.621870060849395401e+01,4.347812859573294730e+01,3.699075143015920730e+01
1.000000000000000000e+02,8.423746046131712717e+01,8.817499622822825245e+01
7.142546256144828476e+01,6.651629814495493065e+01,6.032057751813206181e+01
7.587201885587772665e+01,8.224909322463598471e+01,8.917945713284434817e+01
6.841932932918022914e+01,7.398973489473399923e+01,6.237042554156470686e+01
3.559346466132964792e+01,5.327117734089050316e+01,1.750122405195183006e+01
6.302841808065517881e+01,8.277593831347621744e+01,5.136445506885870316e+01
4.057035690797949457e+01,3.062593318493377836e+01,3.519995780231104732e+01
8.113147868553065223e+01,8.219548065357318478e+01,7.390303758945601942e+01
4.831495235934842469e+01,3.131172357572681975e+01,4.140560364931879889e+01
3.419684593897407865e+01,4.456027356867218003e+01,2.515183448090568419e+01
3.610018625023472083e+01,4.708841082128552813e+01,3.039380107261546016e+01
8.252403004910135564e+01,8.250157999511819185e+01,9.244569877243603173e+01
3.618303278385534583e+01,4.608756420704893486e+01,3.717522934865755246e+01
8.603900033112348922e+01,7.760553467241119563e+01,7.614988040321009066e+01
5.649626566089693824e+01,7.105006359240042002e+01,7.287988021688852314e+01
8.215153550588904352e+01,5.951983385088445289e+01,4.776027823599915934e+01
9.306616804473000570e+01,8.823072755828485469e+01,8.298471249315635134e+01
3.372686165223672816e+01,5.460967477525439762e+01,3.092983179664217275e+01
6.236013612462920719e+01,5.549178938162819463e+01,6.453500035971609350e+01
5.679330590624282138e+01,5.929303106287937908e+01,6.505272289787258444e+01
3.862748391826921335e+01,2.752493411755512653e+01,4.773839388674218043e+01
3.894123461314011081e+01,3.622047830342060593e+01,2.940494233538489510e+01
4.198410808571380670e+01,4.062669167962501149e+01,3.869138078382145807e+01
3.548549409791006326e+01,4.626509228217960157e+01,3.850080623276812730e+01
6.200868053716631323e+01,7.089726046685770200e+01,6.903827009988393115e+01
3.160340138772034990e+01,4.540897548240059933e+01,4.363442644591845010e+01
5.337553442920248870e+01,7.580654933633528003e+01,5.620319769696074275e+01
7.845042288527007202e+01,8.633283484816132614e+01,7.627658164889786008e+01
3.888312081227375927e+01,4.267795925514234057e+01,4.540980357122074906e+01
3.639059714208468677e+01,3.089338618431245820e+01,3.646646564661604373e+01
4.980827127928543518e+01,1.706356036973805246e+01,3.746049156129854651e+01
4.226513807603767248e+01,3.499996763040422110e+01,4.061571506601564607e+01
8.024394415278644033e+01,8.386505492267045270e+01,6.760134032844578655e+01
6.933056769085168014e+01,6.353925851553603366e+01,7.426231279064514013e+01
7.211919490594826243e+01,6.375986637670794011e+01,6.150148083378056896e+01
3.303722385874053202e+01,5.406213173344657719e+01,3.176317924092176526e+01
9.226018267150175234e+01,1.000000000000000000e+02,9.048609216078396855e+01
7.245152727454696162e+01,5.492773967477420882e+01,5.643239809100052184e+01
3.468330662193122294e+01,3.163789774881220751e+01,3.545822285397838414e+01
4.398926727696801464e+01,3.085027377620568956e+01,4.616401771084635186e+01
2.916953984362513808e+01,3.721304509412742334e+01,4.073221151391089023e+01
4.534660814486397840e+01,3.449302174215392824e+01,4.718252326728438106e+01
3.274950805639596041e+01,3.541946678703008899e+01,3.576859952683404487e+01
8.502690400293454331e+01,9.316022102896303636e+01,8.683815059479435661e+01
6.482038377202253798e+01,4.796712924475293960e+01,4.902442991862665167e+01
3.815152256080407511e+01,2.705418184385286295e+01,5.957054287128258352e+01
9.825093577135315570e+01,9.268128087139707816e+01,8.482674803970081712e+01
5.151468616969101078e+01,4.131750095855774418e+01,3.801261433623173502e+01
4.109498656551507878e+01,4.390306673615653210e+01,4.421358433683661104e+01
5.347646642990273591e+01,5.992229514351036812e+01,7.557858939740928861e+01
5.011631847470429335e+01,2.862589080524341512e+01,3.750115646675303793e+01
8.141282179124723939e+01,9.341514192063735322e+01,9.452996757757033208e+01
8.884767813946801596e+01,9.087271159908195273e+01,8.740786766624718496e+01
7.771073635308059124e+01,7.118135582941077644e+01,8.091111074266376590e+01
3.566413279819045812e+01,4.918605139612790822e+01,4.433756228579404990e+01
6.605790103592894980e+01,9.860741333436656930e+01,8.350334360498965225e+01
5.125985489050973598e+01,4.072467925521396381e+01,4.515151034621486303e+01
8.110988253767078504e+01,8.647379617722607748e+01,1.000000000000000000e+02
7.459886251602937079e+01,9.076118319031004944e+01,7.556674704777631746e+01
7.827590168826604611e+01,1.000000000000000000e+02,7.733871108778259895e+01
7.412017689634623707e+01,7.297841398647229028e+01,6.111617450917111682e+01
9.071361889151434355e+01,9.385285230138923396e+01,9.186826123474398287e+01
4.530132776308386866e+01,4.308030350124880670e+01,4.445226754201010522e+01
6.496854848312018760e+01,6.903605702805531052e+01,6.103134402044121032e+01
7.524743628223245651e+01,6.464475161368655165e+01,7.773778000751151751e+01
8.528713759403085248e+01,9.870040738780573975e+01,9.902213454687148442e+01
3.259137567719606210e+01,4.981552701148751083e+01,4.504640131316816110e+01
5.795645133593639287e+01,4.846614305857240623e+01,6.665966992296087312e+01
7.652588000456918849e+01,8.996210292188314384e+01,8.606592524776839070e+01
7.297151449730168338e+01,6.842088186274509098e+01,7.251114086978942908e+01
8.772907554801571450e+01,8.617444206862403178e+01,6.570981261313504262e+01
3.719890580820293735e+01,3.464653613569115009e+01,2.546330376703877718e+01
9.078056657805083773e+01,1.000000000000000000e+02,8.235881759155476800e+01
5.939219929529937758e+01,6.600522779232355219e+01,6.459459233946994061e+01
6.239091912236035142e+01,6.869740498200168588e+01,6.438908400454626246e+01
6.741770770863995210e+01,6.692311058003679136e+01,5.471603550293107077e+01
4.142121101297041719e+01,3.667605868608643505e+01,3.237970666963451549e+01
5.516722859577803462e+01,7.009217637366589315e+01,6.418601664530800122e+01
3.157773549510670108e+01,3.512717484941343571e+01,5.106297791232587002e+01
8.658563019619319334e+01,7.967762207998669055e+01,9.340396322668277662e+01
8.775670678124899382e+01,8.702899057161872065e+01,6.811794419623194585e+01
9.238078687590729032e+01,9.003672979813961774e+01,8.177652890029327182e+01
4.548039170920411323e+01,5.710539576388165983e+01,2.696291127612563798e+01
5.831345636936595156e+01,5.969852782437950367e+01,5.547582746122896680e+01
6.455205606641544591e+01,5.751980580710760194e+01,7.399480129118956029e+01
9.216440424104474971e+01,9.788641516645284923e+01,8.694150806810093002e+01
3.280244170809797311e+01,4.151874714269954580e+01,2.836142011793768702e+01
6.348983315898733082e+01,6.474959734598562022e+01,8.121314048142527042e+01
3.836584409754161129e+01,2.487702201832993154e+01,4.406129415110974179e+01
7.508698004066802412e+01,7.204128307254032393e+01,6.474389555869281310e+01
5.275818846725638167e+01,6.478626776801368692e+01,7.981187078050319883e+01
8.901847891971620186e+01,7.515082804352670109e+01,9.173548162473022671e+01
4.081050554977061040e+01,4.857482182923898506e+01,3.952444828036088609e+01
4.768733048329821145e+01,6.569869455125039792e+01,6.110285618748883962e+01
8.566633662406451322e+01,8.379396501699795863e+01,9.191287802330285217e+01
8.118392953196459416e+01,9.521795341882412345e+01,7.971120694252445560e+01
6.710418657252472485e+01,6.466165701989885406e+01,6.749760365306829613e+01
4.782874290931971473e+01,3.569360723746680719e+01,3.969795972441175280e+01
6.579073164047719047e+01,5.619577870805228059e+01,6.416273974330722751e+01
5.946490567189147924e+01,6.354119313980287131e+01,7.447151299113467360e+01
6.930897169419488080e+01,5.618855960382593651e+01,7.084053741924161329e+01
3.672880727832968262e+01,4.032944016279341781e+01,4.914071378232091547e+01
3.977057369860160208e+01,3.957910325555688758e+01,4.490435367816628798e+01
4.585193926352747695e+01,3.322604725692784200e+01,3.139542171085587796e+01
8.137958513418122664e+01,6.862316986761430826e+01,9.132338671045259559e+01
8.989471398138968539e+01,9.163905017995188018e+01,9.051048800652000637e+01
5.336157733121402202e+01,5.947448047780300584e+01,7.187401691260851067e+01
9.018327850513432509e+01,8.582523629246259134e+01,7.872768584230465194e+01
6.542347259242833957e+01,4.838963501206669093e+01,6.522304833200010421e+01
4.528538330401800494e+01,3.987623389730558188e+01,3.704629366824951830e+01
6.280710243812301741e+01,5.152500165752353922e+01,6.927008146461356830e+01
6.233537606831073674e+01,3.632015551262638553e+01,7.727847459678790187e+01
3.420525984473439252e+01,3.534622920638202714e+01,3.707624324708619667e+01
8.625529969815512743e+01,9.685784770126309695e+01,9.585797769820503333e+01
5.260748784115109800e+01,5.073507450485161030e+01,5.607169027840193110e+01
6.174719014205243894e+01,5.377589328350828168e+01,4.494147991070688164e+01
7.621355160548773711e+01,6.008480052240189195e+01,6.238661083132001295e+01
7.793798244254398355e+01,7.410285292493210818e+01,6.295031661096737707e+01
7.231721907259147031e+01,6.381012327386233807e+01,6.001544744034495693e+01
7.894606699895751944e+01,6.613624823200910896e+01,6.534050797163133950e+01
6.442607530088207568e+01,6.308976974201072352e+01,6.144455220252363858e+01
6.174196860825337296e+01,7.049640664345791663e+01,6.468285909051532201e+01
6.095786093030746855e+01,7.077522227096940810e+01,6.024835881801689652e+01
6.876920650664071388e+01,6.422096065970319501e+01,6.848004302242721053e+01
3.095588802795853667e+01,2.969852264179505852e+01,4.763607964496812031e+01
6.483336479075320824e+01,6.506914964492719378e+01,6.286688302152231245e+01
5.835691580765058717e+01,6.986987487515531825e+01,7.247941186274920256e+01
9.656481558831484335e+01,9.271244904284846200e+01,8.565588954811515521e+01
1.000000000000000000e+02,9.543671709404780756e+01,9.133594676104219445e+01
4.975996273476945930e+01,5.320369495418272265e+01,6.028987337618261932e+01
6.600251073191016360e+01,4.714201495718963031e+01,7.258226926819074265e+01
4.191326947661790570e+01,4.418559557815800076e+01,4.722701678784643775e+01
6.974914732994561462e+01,7.714615285630236485e+01,5.464849374267004123e+01
4.474866542099655931e+01,6.626857927849651730e+01,6.973766218866194322e+01
7.290978240577572933e+01,6.716850867430807170e+01,7.181519415012145657e+01
8.631633435339171001e+01,8.059741635502004442e+01,8.018726471611010709e+01
5.160685343794526858e+01,4.616785271354518727e+01,3.687383246293342864e+01
8.360729373372251416e+01,6.556956494991597140e+01,6.899200717837554464e+01
9.446420547816090618e+01,8.242021718340549796e+01,8.728542700261580478e+01
6.436260473608916755e+01,3.548409021220833637e+01,3.277336006595302820e+01
9.100999787292261090e+01,6.805989933068454434e+01,8.219247641818196826e+01
3.991748272575878786e+01,4.746735043346533445e+01,3.771975269959531119e+01
9.369035784319892457e+01,8.296107570118388708e+01,7.052797732468458491e+01
5.849464900514263377e+01,3.242349738324838881e+01,3.182330203218642595e+01
4.561252377552374782e+01,4.442182800719810132e+01,3.807463777091422941e+01
4.176983633600497825e+01,4.122296568896001645e+01,4.556684604821422369e+01
5.713951607388482046e+01,7.607284677204738443e+01,5.495243315651786986e+01
6.082910622654712540e+01,7.671920295260187572e+01,6.973224036422979566e+01
8.758493929013715729e+01,5.524944722804094965e+01,6.077795377672543253e+01
6.330916759674914829e+01,6.077967319937577173e+01,6.251613694245664021e+01
4.299509161365010357e+01,4.505585187009116055e+01,2.876584721527400745e+01
7.351015465697595630e+01,7.845471143619869281e+01,7.490585612160383278e+01
7.857311742513788033e+01,7.246605414584206528e+01,6.242063953383741648e+01
6.340455989344289378e+01,6.004383485050321667e+01,6.261853211567823507e+01
4.347015297771561393e+01,4.363625497495048933e+01,4.041118283453673854e+01
5.526358794677505415e+01,4.678298631597873936e+01,3.661668595341997445e+01
4.431550816509318480e+01,3.250280634789493206e+01,4.734586021226758845e+01
7.562227904906490039e+01,7.860167270940669937e+01,6.311236120127783522e+01
4.956572216817419729e+01,6.962280978662512609e+01,6.793410770408257804e+01
5.757315367341107759e+01,5.672470557046896289e+01,7.401922181651661958e+01
5.336430772477624629e+01,6.843905258529186142e+01,5.639788718831310632e+01
6.375919568559453410e+01,6.071165744838218359e+01,7.624553298245021438e+01
7.546830894928525879e+01,8.538048558718080017e+01,8.374932003991520446e+01
3.340356286293677357e+01,3.911636790953829035e+01,4.587608729046893785e+01
2.650825479012718233e+01,3.339016426908838042e+01,4.198132720887154790e+01
8.547849428952942219e+01,8.957129373347397916e+01,8.851223421035244598e+01
4.713898699609161724e+01,4.251973829721431031e+01,4.905139496402183852e+01
9.526872811572150113e+01,7.971585193454707507e+01,9.951870016232335558e+01
3.933688370913584009e+01,4.635700649851194299e+01,3.084399506054631601e+01
2.924484157373355941e+01,2.924204202946869913e+01,4.621252441369260566e+01
9.194436214617033443e+01,8.554478454163063361e+01,8.943227663841068420e+01
5.835685144474145147e+01,7.107354806830912253e+01,6.158374581406430082e+01
4.296790579951642286e+01,4.481882271114016447e+01,3.036786468931152427e+01
3.839116276384935844e+01,4.890372713328211063e+01,3.803951479047437800e+01
8.996851667658316387e+01,7.418279893039080264e+01,9.737483875181305848e+01
7.894631605897015447e+01,9.562425425086294695e+01,7.999193988251580834e+01
6.271916957850994834e+01,7.052934828206309703e+01,6.823282199651001179e+01
7.720312462038067736e+01,8.471163128561704525e+01,8.581183383336312431e+01
8.284478172702051779e+01,1.000000000000000000e+02,8.699093200730443698e+01
5.186401498850442238e+01,6.565541804104246637e+01,6.390815814591641697e+01
4.131512562381841747e+01,3.687628840429751875e+01,5.478260010364836319e+01
7.675827084025999625e+01,7.052259917691054625e+01,4.980773258849463758e+01
3.952116481843318496e+01,4.626014544537918738e+01,5.242851734795384289e+01
4.039792532355679100e+01,3.285814232609592977e+01,3.793638325407148670e+01
4.670551284340294274e+01,2.985915785017034452e+01,3.394148283620942408e+01
7.663219522420214957e+01,7.070567650780465385e+01,6.230187631447366670e+01
8.775168209307973655e+01,8.783056879302517927e+01,7.084867978566109059e+01
5.890550893952278244e+01,6.035808544378058116e+01,6.011457489963653700e+01
4.836051732616898846e+01,4.377607654702458717e+01,4.454727619659855264e+01
7.722390712129514156e+01,7.244368055830585718e+01,6.100255233119160891e+01
4.161326034107584348e+01,3.192679726906526483e+01,4.244262629878953419e+01
8.358231346390600436e+01,8.000219613120484041e+01,7.308171661346933945e+01
6.553603473440385585e+01,6.327161369246417877e+01,6.000862167373674083e+01
3.790148379535203560e+01,3.276437418963163850e+01,4.157682600696961828e+01
9.037980143175272474e+01,8.920349490176201357e+01,7.315679843736263877e+01
7.728596376978129001e+01,6.526245765964867473e+01,5.847323397124348787e+01
4.024005230824752033e+01,3.773469336890795489e+01,4.242481507960264508e+01
4.421245800394859060e+01,4.447038281713852115e+01,4.310100617211798379e+01
7.944395585780021918e+01,7.873750981783634018e+01,8.040086065156548045e+01
4.251261779095839444e+01,3.803390799989679039e+01,4.761642922511911991e+01
4.464959049595401552e+01,3.338925458536873236e+01,4.574180487000050732e+01
3.467297831103650907e+01,4.347207858760085486e+01,4.201483532236004237e+01
7.426394442063670454e+01,7.971513777755843932e+01,7.709986757331522256e+01
3.507059932660381207e+01,3.319344302093846011e+01,3.137933401917030096e+01
7.911863027682881011e+01,5.850304970114339653e+01,7.013049661562310177e+01
6.859613716521667470e+01,6.208047629013618263e+01,5.963895406938170396e+01
4.709352060324876987e+01,3.211475064826655768e+01,4.536491448405136850e+01
4.381628101781166151e+01,3.999549522301632720e+01,4.031754821278049405e+01
9.259896327121646209e+01,7.572777957391369341e+01,6.898430079671253168e+01
7.220659234181812280e+01,4.553025679138332293e+01,4.079737766037469271e+01
5.720175371538182674e+01,3.824007265829298063e+01,4.477544794258476202e+01
3.252847637882989318e+01,3.591647320874176330e+01,3.047542131109351971e+01
5.556255348189654342e+01,6.432945040937678982e+01,6.772655990525933589e+01
3.770322553443546099e+01,4.425786149011931769e+01,3.904406471648003674e+01
3.535231849174813590e+01,2.179410877022598214e+01,4.512792575515978655e+01
2.828374105349129053e+01,3.178215522649872327e+01,3.399441650796671155e+01
4.694777857200956817e+01,2.544993784700865191e+01,2.799152453102788485e+01
6.673419837354248330e+01,7.915538324811682003e+01,6.661737997590458349e+01
5.547034788150549645e+01,5.568387680626421599e+01,3.017600095342002220e+01
8.158034291760641565e+01,6.342145160231352463e+01,5.384793244088022135e+01
2.607597608777747666e+01,4.013867703321045610e+01,3.902555820757333294e+01
3.791642972983571269e+01,4.144696181132522383e+01,4.701964657722912477e+01
3.185505910785051498e+01,4.424978582874064870e+01,4.091039652272237248e+01
7.581960301673879599e+01,6.817454501584899162e+01,4.386318033155572493e+01
5.528421976715178232e+01,6.604577146260768927e+01,7.021250612575582295e+01
4.490372304379679491e+01,3.887209682044465353e+01,5.225423112480842036e+01
9.504934600994683080e+01,8.050836714875498501e+01,8.224936129988483913e+01
7.080665755017363949e+01,6.412208322012773465e+01,7.417710385263050910e+01
5.785428916393912857e+01,4.581117210559166608e+01,3.926365969103176923e+01
5.399708682346201272e+01,5.710733750518495810e+01,6.526985759798667175e+01
4.773952368110325040e+01,4.221240685954026617e+01,4.242985464671525619e+01
6.024344845080182154e+01,6.342839773747844134e+01,6.968697325502003537e+01
5.938389070672192105e+01,7.315955398290748235e+01,6.473154447700676428e+01
6.960447146647700833e+01,7.971630124396595818e+01,5.723658748207782310e+01
7.486463202151679752e+01,9.222188785564603108e+01,8.465579186431540393e+01
4.108975439364681392e+01,4.287081229104774849e+01,2.599107310811522353e+01
5.864636494720252813e+01,7.367987628067166384e+01,7.366273597930961614e+01
7.024353213175753297e+01,6.982856258948018535e+01,6.693609131455374950e+01
6.813769335462251320e+01,5.823554678325178457e+01,6.424762630760265836e+01
5.470268501020267138e+01,6.413996800616297378e+01,6.362281343462567662e+01
5.965930639323058671e+01,6.125477461882491781e+01,6.744572215778268287e+01
4.500068160998522870e+01,5.001380006852156157e+01,3.582941665090172023e+01
6.681600160931867549e+01,7.015382339634281550e+01,6.753571521187764404e+01
5.068627469056185930e+01,3.846924810643951531e+01,5.123057113653245409e+01
5.130085792087616881e+01,6.353174783452354291e+01,5.647705370060781149e+01
5.840781526481637087e+01,8.079048828224328815e+01,5.692091651142244757e+01
3.959554371316288979e+01,5.043673668542659527e+01,4.002964280637979755e+01
3.703509557168110433e+01,4.820951734485490903e+01,3.984193712131318676e+01
6.418925816131967110e+01,5.308750174219712648e+01,4.854837384018685498e+01
8.654968218721613482e+01,7.970426078622266175e+01,9.385206398691636309e+01
9.281942449888659041e+01,8.936181374816982270e+01,9.162138274045364028e+01
7.107045425526513327e+01,7.478451105916600739e+01,5.979910759600858228e+01
6.076526503804441148e+01,6.793882518544990035e+01,7.225769387667192234e+01
4.986694040064435285e+01,3.765559037278494259e+01,5.328770443248667021e+01
7.151220235808879977e+01,8.102029582941084129e+01,7.936520958668123171e+01
5.420476529401493337e+01,8.169197266778597566e+01,7.378943163896413182e+01
8.621977505959088717e+01,7.586899539613698096e+01,7.458143696156479052e+01
8.488443130611825893e+01,7.842776162367835013e+01,8.144355510580898283e+01
8.220423533570915708e+01,9.131695695251180211e+01,8.342881760970135474e+01
4.058294590262792667e+01,4.027525996788421736e+01,3.161257885972379356e+01
5.760213840231209304e+01,5.407324383902479781e+01,6.526307541321396855e+01
8.868855222044444986e+01,1.000000000000000000e+02,9.025072211063167060e+01
7.416271544427283402e+01,5.180875020547823340e+01,6.431940229867821301e+01
4.635945802332501842e+01,4.144291154421118506e+01,3.475156050687225928e+01
7.155669967498171502e+01,5.952353521671929570e+01,6.601263421740902970e+01
9.629067674967168955e+01,8.874436308345981672e+01,8.776805321065126009e+01
8.753253762221291367e+01,8.469175884959439315e+01,7.647649014214681529e+01
7.309479393010359161e+01,7.564257375061103517e+01,7.927167343097258367e+01
5.658062571059940637e+01,5.430398678810036728e+01,6.336048128248694411e+01
6.363482418063667012e+01,5.830507394172285984e+01,7.006565119908897543e+01
8.219187076350505095e+01,9.434104188251745882e+01,7.721449813142214680e+01
5.572195027831123326e+01,6.711804888855128581e+01,6.076390854062374558e+01
6.621045232007787718e+01,7.018019163887066725e+01,4.455691912202854610e+01
8.131852182105282623e+01,7.954199360852058476e+01,8.786472837126132163e+01
7.245679799702642754e+01,7.668047570606887575e+01,9.185366944798616373e+01
5.192099473837257761e+01,4.287165152521176736e+01,4.036846510861692394e+01
7.475790247162842661e+01,9.975319977538207183e+01,8.468985692930975517e+01
8.301073816036036135e+01,8.835207448965658728e+01,6.961207451553147507e+01
5.478247769159683855e+01,3.986170045687210006e+01,3.934891836414226418e+01
4.665077640815306381e+01,4.381959683299683661e+01,3.757445317296198084e+01
6.256878292062918945e+01,6.922385361192809228e+01,7.307080672216100936e+01
9.153701995091765298e+01,8.857964366576102577e+01,7.275621070378385014e+01
3.788507445189279821e+01,3.770949274570548937e+01,2.838635668987681271e+01
4.656479435998124927e+01,5.001634850958929945e+01,3.957822899196690258e+01
7.525662842722971391e+01,8.114822934299850488e+01,9.698902155792085011e+01
7.243052624100910464e+01,5.863419037832925085e+01,6.685634083794592186e+01
6.740182124195202107e+01,6.000710932500744832e+01,6.384684672952792539e+01
7.719198480876534063e+01,6.902578563541139545e+01,5.948317259132573298e+01
9.299942117346147086e+01,8.443700652541215845e+01,9.135488468537511153e+01
6.068729844662546924e+01,6.163642850074033674e+01,6.553152643771198882e+01
2.928676020208339636e+01,3.723708311036210716e+01,3.239848002499190471e+01
4.743936177141372923e+01,7.198541142413282046e+01,6.054065268813648970e+01
4.002628627559273156e+01,4.076901751513844374e+01,4.323372108815178905e+01
6.970440169268107411e+01,7.926671391723003524e+01,7.911885317667643847e+01
3.952654741671826599e+01,5.130819481440781971e+01,4.493707137658868334e+01
6.927451302617585327e+01,5.996500374178202009e+01,5.757287474568752828e+01
4.548599228219729440e+01,3.719238094225617886e+01,3.182175774682136193e+01
5.173794527660878373e+01,5.270740923448196469e+01,6.165559308754423995e+01
3.433808976416050740e+01,2.718180218119204383e+01,3.972779197853540012e+01
4.996154123014984094e+01,5.694567849944157700e+01,2.645951461142713157e+01
9.022722347024327405e+01,9.360335750066306559e+01,8.426089520159274571e+01
8.479380278908816138e+01,9.158279278695668779e+01,7.801184584525407217e+01
3.207114947530119764e+01,4.774399043643091289e+01,3.930432019515183129e+01
5.571933537885117715e+01,5.989860940359431396e+01,4.791340466390910535e+01
5.986986364800121407e+01,6.460196681924134054e+01,5.891918847136602011e+01
4.275853662311830305e+01,4.465882085893697706e+01,4.449024421120973471e+01
3.284196810105520115e+01,4.582170329626208627e+01,3.063128011437274978e+01
7.160811917996399245e+01,5.975106455965528340e+01,5.323635580494737241e+01
4.885030968047911415e+01,4.343005150769290879e+01,5.228604793596793598e+01
8.273885488379488606e+01,9.961296801122698241e+01,8.993958016956732138e+01
7.318523076072909817e+01,9.069889371534553391e+01,8.282947279071096602e+01
3.756852258783885645e+01,3.737485734282671501e+01,3.593503206067450151e+01
4.431443642354299328e+01,3.266360842831391409e+01,4.051954470040593748e+01
6.645677676949254931e+01,6.957829746919918534e+01,6.537642358258300135e+01
6.936552274496810355e+01,6.063926524507375859e+01,7.751087451081012603e+01
4.552850052693501937e+01,5.148782499841420446e+01,3.628495686243640961e+01
9.419534005295776069e+01,9.720542535073515467e+01,8.883731456223335954e+01
3.623342673779571044e+01,4.591460820539922594e+01,3.070613312852522725e+01
7.636990212737227068e+01,6.327296161017663678e+01,6.246823165880092432e+01
9.195927334852973445e+01,7.450389939985061005e+01,8.128686517766868747e+01
7.217089140413906989e+01,6.367103539336422102e+01,7.264356068787445508e+01
7.286922876168713969e+01,6.012665430766622165e+01,8.206417415959369066e+01
8.766331511837212531e+01,8.151193413396397602e+01,8.379078351878315800e+01
3.875893495055525051e+01,5.082458862033647051e+01,5.172962255700545597e+01
5.818127192714665341e+01,4.164284545801165649e+01,3.379512416590716839e+01
7.547541041556409880e+01,6.080436629736768595e+01,6.650940918687619785e+01
6.099989183799762316e+01,7.183060992565211222e+01,6.919043556909609549e+01
4.221831624968677232e+01,4.388065413651303714e+01,3.137950936906139532e+01
6.568281774094675995e+01,5.294212351974842079e+01,6.499576389195307513e+01
7.126705799082164106e+01,6.631654756307983689e+01,7.286178556087618574e+01
6.644103555044648601e+01,6.442243570722634161e+01,5.673495533233527510e+01
8.317172753444506839e+01,6.284687640609585912e+01,6.705634282368538379e+01
6.945532922211252469e+01,6.763233430248740774e+01,6.931890555581286151e+01
5.387875345285121398e+01,5.593250493486952024e+01,5.554495032663454879e+01
5.411372723717850164e+01,6.001059560485921907e+01,7.645170120764200306e+01
9.966791826510589658e+01,7.728564785646678104e+01,7.677123124623014405e+01
5.288635293327211429e+01,5.827263546511816372e+01,6.584126307618083729e+01
7.680897785922252297e+01,7.972986149895355368e+01,7.497511151524545880e+01
8.926592111392898232e+01,9.030003898050819089e+01,8.913449067890908850e+01
3.381729034288188274e+01,5.199177329952697590e+01,2.827595475056878627e+01
5.351463497363809552e+01,6.619486582158941701e+01,6.423504866626726084e+01
2.919662865555691411e+01,3.750688452840223874e+01,3.403106813645818818e+01
3.070336389812570133e+01,2.306676440823575192e+01,2.510523877405990589e+01
4.021307344380986137e+01,2.973964296236810156e+01,3.836046186910692057e+01
5.420558425892571108e+01,3.319245420950743153e+01,3.845429583393445938e+01
5.732639279859139947e+01,5.685668363475725329e+01,7.295542375789243295e+01
9.580254450870033622e+01,9.251494215038997027e+01,8.240430296719337377e+01
6.893398553761335279e+01,8.086077628389047334e+01,4.944327500877150783e+01
8.642655958536813898e+01,9.115670603698652030e+01,7.367924121501039281e+01
9.700463929470397773e+01,7.511774379057504802e+01,7.045095067166226954e+01
5.835796701802181019e+01,7.690226877732276023e+01,7.959987932973457703e+01
8.043214911741723938e+01,8.817676285688150983e+01,9.361537377856500086e+01
7.677415404396425913e+01,7.096309847074569177e+01,6.223978300735250002e+01
7.338519031397400738e+01,8.286928055711219088e+01,7.839555855129913198e+01
4.202718333776960691e+01,4.555750817917765261e+01,2.778731314649852635e+01
3.552239783080149493e+01,4.288958307243196799e+01,5.070556906350922333e+01
5.588983284787671124e+01,5.955478628688315723e+01,6.879831854947497050e+01
7.521993810517986390e+01,6.403107242328495374e+01,5.082408379001145704e+01
6.245057893295356166e+01,6.722847990539044361e+01,6.312107845823910424e+01
7.446133150455838745e+01,6.557806041221184046e+01,5.713655853924890948e+01
5.087095067291765105e+01,6.283630607684590785e+01,6.893235407275953719e+01
2.529124486600749933e+01,3.395997581840156698e+01,4.416089785938237355e+01
7.459365013926731081e+01,5.819446249836136076e+01,7.036581450293866169e+01
5.501009747148955853e+01,5.269172614969330226e+01,6.941427265829929638e+01
7.394892234290543342e+01,6.881211730581743780e+01,6.357698724258902701e+01
7.201365261900691905e+01,6.049334818414901349e+01,7.208302042319300540e+01
6.292386514269550446e+01,6.552489821773750123e+01,5.999010053269246612e+01
3.791252301283744686e+01,5.215266941386305177e+01,4.578591665753823747e+01
5.618584174348914928e+01,8.309091859833655747e+01,6.009436048080534931e+01
6.381564264997879832e+01,6.452849289703013369e+01,5.883378981076064917e+01
3.102127703397955116e+01,1.991256907962288736e+01,5.383899115661297685e+01
7.043130766102900964e+01,5.975454296073952776e+01,6.339845245184123002e+01
3.831793798581257704e+01,3.867475349900680470e+01,2.934306056472109958e+01
6.518786933345819534e+01,6.931402064206466207e+01,7.670204153488499799e+01
3.963429142026652841e+01,4.629279787728363260e+01,3.840885970491947177e+01
6.263543034781497454e+01,5.705799900355011545e+01,7.182303983616154142e+01
9.284559383800286980e+01,8.457558349073046600e+01,9.397761077114765271e+01
6.565747481654204876e+01,5.973368487499116952e+01,7.079415470974196012e+01
4.779197070207589348e+01,3.630451848586375974e+01,2.937283835629512296e+01
7.502286855326330794e+01,4.766611965501107306e+01,7.435906891660359008e+01
3.048895877121915987e+01,3.437796032143036484e+01,3.380731292014360179e+01
6.027205126857793260e+01,5.810662379410477740e+01,6.396011947389971652e+01
1.000000000000000000e+02,8.603984037213876945e+01,9.578588085462510548e+01
5.756442065878312064e+01,5.607476799072175311e+01,6.056405004563483629e+01
3.352720586244073786e+01,2.408665942962181461e+01,4.432487602357660705e+01
3.575342537496282347e+01,5.771322092633528911e+01,3.638439216117193098e+01
5.555809790120391511e+01,4.250031931186063616e+01,4.379853058290473200e+01
1.952066746958002241e+01,3.097597433245179488e+01,5.171141123611467094e+01
3.511514082960295724e+01,3.580653674995998159e+01,3.811696005749607963e+01
9.178567241661797027e+01,7.667081107956262542e+01,7.396449382395856276e+01
4.119587280591607481e+01,4.963025722420356800e+01,4.468111565968861498e+01
4.155213959595192819e+01,2.508718374278284813e+01,4.079274406817543053e+01
9.351780693507565445e+01,1.000000000000000000e+02,7.946934460265960354e+01
6.284227490980085662e+01,6.097233264737995739e+01,5.963927445899965107e+01
9.638402016915682680e+01,8.217466947714484604e+01,8.386139953234919631e+01
6.133406400783268708e+01,6.087229095622269170e+01,6.690177659859061521e+01
6.459366657603517581e+01,5.376194767760701865e+01,7.090435284569898045e+01
5.599501812296081482e+01,4.641734105152191603e+01,3.400360068827797733e+01
7.754233954695905595e+01,8.906181677071000991e+01,8.970265007182834438e+01
5.654737876011299136e+01,6.080579296289768365e+01,7.294975854493571887e+01
5.069894114321930090e+01,3.960756581230908324e+01,2.618799659518116130e+01
4.336160405490603154e+01,2.126645567314843532e+01,3.102727190677500957e+01
3.615779977100463327e+01,5.273695718391035570e+01,2.877608011876231231e+01
9.511305525014927298e+01,9.030071809310246067e+01,7.929306380655953035e+01
4.741248055373646508e+01,3.071770283232117293e+01,4.009876365940911569e+01
5.283403489213712589e+01,3.633840455234539490e+01,4.086304355474426586e+01
7.120748869785728630e+01,8.677297726302145975e+01,9.043326483109514413e+01
6.957710607917206858e+01,6.316028534077285173e+01,7.041418235828781746e+01
6.179398734006351646e+01,4.985039404704770760e+01,6.320754788396130408e+01
4.972385933198155072e+01,5.292785939329638012e+01,4.623623536617159857e+01
9.235793740941865337e+01,7.804650199819462841e+01,9.237176939958024491e+01
4.934402708261272608e+01,2.986329277496019330e+01,3.177592561682793360e+01
9.661333634019264593e+01,8.621389929534569774e+01,7.112943095216340339e+01
5.294636711645907212e+01,3.825992634695771955e+01,5.191710472632499318e+01
6.717322722394209222e+01,7.901699288531527543e+01,6.373917606086304488e+01
7.385139789363958585e+01,7.420885340977118005e+01,8.402406860981331249e+01
4.251797044471670262e+01,3.864925931837627360e+01,2.734437986049680802e+01
6.116865717734273034e+01,5.595472668957407336e+01,6.811076923986860265e+01
3.389248546151471686e+01,2.896680598921129501e+01,3.204531913203904736e+01
5.427008807492099862e+01,3.949482937649456460e+01,6.167460586443268511e+01
4.997733533895387126e+01,3.872933826825396864e+01,3.033376044267311755e+01
8.569437630981003906e+01,8.650628601344038771e+01,8.800392182786293915e+01
7.212737368441889885e+01,7.798969756446629731e+01,6.508167429250204350e+01
6.105588403426240518e+01,6.665357359231806811e+01,6.844613663424181027e+01
7.805184091554176007e+01,6.177427874928284979e+01,7.180287113611370842e+01
4.726450274814388308e+01,3.037842731279175723e+01,3.770907091307859815e+01
9.609672267165591109e+01,8.250409427470910373e+01,8.390501046286416909e+01
6.578207105059442483e+01,7.810452416393722785e+01,7.063819602084022620e+01
3.897044609164237983e+01,3.237990745525194569e+01,3.224105581751246774e+01
4.719999731543786936e+01,3.418460032855874431e+01,5.039477544442831913e+01
6.935165019842489187e+01,5.929704890884349311e+01,7.151147094330418952e+01
5.635566693154243012e+01,8.293761670877144354e+01,6.194137629380606569e+01
7.573520534448260833e+01,9.186784019409655855e+01,7.147242806990573172e+01
3.414171694878339736e+01,4.732744241823678522e+01,3.912683878750932109e+01
5.739208704907100156e+01,7.364334774471186051e+01,5.576255469196055969e+01
5.354633853698297941e+01,5.575786045448219141e+01,6.855518289983538693e+01
5.221908823324598359e+01,4.314254820971927984e+01,4.108092082467364037e+01
3.851529057436759729e+01,5.120377957758223175e+01,4.144804429384677036e+01
5.744593639959288112e+01,6.963356188750232434e+01,5.593876987387724142e+01
5.929386616723473225e+01,6.241860370032755867e+01,5.510131883936002595e+01
3.502882582620772922e+01,3.304226110140076855e+01,3.566086792425367946e+01
6.033917786483014822e+01,6.128364510399019593e+01,4.634550250370873670e+01
3.532776533422394039e+01,4.095299143493021887e+01,4.254398955531237903e+01
4.144889865054015132e+01,7.842616121194696177e+01,6.261926855823737270e+01
4.724207521195163650e+01,3.754298341531371364e+01,3.518831350752795117e+01
3.609629714921838683e+01,4.660420325903260164e+01,2.565786536719857835e+01
3.996656965269873041e+01,3.616255218636592872e+01,3.690429922155654197e+01
7.772230715972722237e+01,8.312487023032743139e+01,9.522330129661098397e+01
6.552817877741179586e+01,6.431012356265112828e+01,7.545300665663117456e+01
6.852695477158425774e+01,4.695144900570983992e+01,5.991994776650286525e+01
6.280272092153886376e+01,7.658276176144224223e+01,6.374931656818811376e+01
4.702760241045817935e+01,3.960059271210997878e+01,3.852110109163791662e+01
7.039978999159004047e+01,6.338909091556293873e+01,6.617419162210282479e+01
5.894567357624099202e+01,4.590876254905834486e+01,7.006810779107935616e+01
2.870405938279820646e+01,4.386725852778607049e+01,3.870880740322755997e+01
7.485942967743019949e+01,7.964039330522827242e+01,8.328793987737360283e+01
6.640851730972674716e+01,4.999159303169740554e+01,6.635388252793075026e+01
5.651171782506936836e+01,5.518158675062044694e+01,7.136657629630440169e+01
5.723262961341236377e+01,5.766644508898048116e+01,6.245076222077144479e+01
6.650691753494514558e+01,6.814326217394955165e+01,7.064035849615868301e+01
6.212569243977792866e+01,5.985685481072475511e+01,3.894105885866740380e+01
4.036008620393078417e+01,3.074228957586488775e+01,3.851616019276595182e+01
6.282255578162729392e+01,5.637593828829142240e+01,6.117330408223201488e+01
3.847670594391963306e+01,4.921775197322135398e+01,3.654368368391375554e+01
8.098757951765617236e+01,7.899464132172428776e+01,7.892558717308276073e+01
6.295239996316833953e+01,8.308938822886497633e+01,7.938401976081769362e+01
3.172223207452204008e+01,2.749035905165480642e+01,4.175522135803124257e+01
5.880693646520492734e+01,6.337025775517633974e+01,7.210440748650616172e+01
8.778660920703583770e+01,6.656617807380165175e+01,7.899119059983935642e+01
5.902093119160105772e+01,6.653489536796274706e+01,7.279294331877910906e+01
6.198808173889790396e+01,7.818041287153253904e+01,8.113890189780511264e+01
3.158457742416141656e+01,3.812895591265651518e+01,4.880954026703359006e+01
2.508501441795691278e+01,3.403103548081210761e+01,2.784480517953398149e+01
5.939674258988704736e+01,8.248842293274891802e+01,5.368641752492020913e+01
5.981534977173117795e+01,6.634183334172782054e+01,6.077681338139321809e+01
7.059363753240822348e+01,6.032990379823340987e+01,6.986345312142643138e+01
6.618278843961552127e+01,5.463721863307534221e+01,6.911472040165079989e+01
8.594262508222627162e+01,8.417563685682146968e+01,7.467341011821208951e+01
5.631217293350767505e+01,6.186547693973324158e+01,6.663657319760261544e+01
9.648424021006300677e+01,8.929027536936202125e+01,8.923291570177266863e+01
8.236140543011792658e+01,8.056127310113116380e+01,7.499794428694218595e+01
4.674810586381268251e+01,6.209391820484919577e+01,7.087292735795412568e+01
6.283835583669982583e+01,5.279615883258840370e+01,6.343929422190935696e+01
9.650597285544712634e+01,7.776812780505953526e+01,1.000000000000000000e+02
9.346628321413933804e+01,8.709496230792480276e+01,9.317252956781192097e+01
3.469718222290635623e+01,3.899010394181388506e+01,4.008229381869980301e+01
4.328652471359564657e+01,4.158687333855067436e+01,3.057122359999152295e+01
4.005983717143237754e+01,3.245864518283136846e+01,3.959421492728944969e+01
2.759184470121556387e+01,4.362415005049737005e+01,3.640023694508280983e+01
8.642204644052723950e+01,8.941960597507201669e+01,7.835984439507383570e+01
6.109900664834914608e+01,5.904704132709344577e+01,5.926168642943811449e+01
5.483083698752741952e+01,6.549828966792489382e+01,4.985430157423355979e+01
9.244167365298496009e+01,7.551982950140401840e+01,8.335351200449052556e+01
8.347060283750123233e+01,8.805216090786304051e+01,8.491112097618470500e+01
4.799521340375483192e+01,7.616073229856628757e+01,6.859407499220819204e+01
9.507386325496385382e+01,8.341085794251951313e+01,9.194931610704756508e+01
6.540098028614839620e+01,6.715277246197784677e+01,7.072768780137450051e+01
5.032451009856939095e+01,4.328786061520700201e+01,4.626047060572127378e+01
8.629396346373282256e+01,8.706132079923816036e+01,8.179801178283885577e+01
8.936562045600297211e+01,7.767316113427762048e+01,8.861528364412492920e+01
4.327948467984453629e+01,4.269298965301874205e+01,2.320078411419902054e+01
4.967372314147568346e+01,4.107790434814042868e+01,5.441314083477205088e+01
9.890636281446759881e+01,9.029903574329122762e+01,1.000000000000000000e+02
7.543114962707795712e+01,9.810179643993492959e+01,8.345418893920401615e+01
6.735010787047127678e+01,7.967347744219323147e+01,8.941443809157972566e+01
3.611683037668701957e+01,3.386830532641864977e+01,3.031957720248772858e+01
4.585569070708050532e+01,5.347906418066030909e+01,4.135148796606993926e+01
6.971464649198375696e+01,6.187086553073692130e+01,5.977532509368195690e+01
6.308921011044679261e+01,5.533006636191474570e+01,6.648566430038110298e+01
2.524274222387018796e+01,4.349310062149191225e+01,3.195457266280919839e+01
5.995546506498423867e+01,6.756222552559216865e+01,5.921732300803810745e+01
4.353086954023959265e+01,3.720981855038958486e+01,4.180847671281620137e+01
1.000000000000000000e+02,9.208722001918003741e+01,8.798239819004061246e+01
4.967411654740301685e+01,5.257068652865893910e+01,5.255998787999157429e+01
2.509646761734143183e+01,4.335216483086384187e+01,2.557813159956238991e+01
2.749615318688734078e+01,3.542000659215035796e+01,5.147914459560199418e+01
8.877023807611388406e+01,7.961719121740486571e+01,8.741487561938399153e+01
2.385404731360264918e+01,3.935681284875300889e+01,3.465399540436343528e+01
7.617935017103154394e+01,7.117689103019212382e+01,6.562061285692549006e+01
3.246769918216158857e+01,4.161075882571937257e+01,4.351612915433143058e+01
8.110868264574494901e+01,8.095424285274415865e+01,8.638588184458892272e+01
9.995910778277088582e+01,7.667068326451209259e+01,8.057384612879008046e+01
3.769371633498145258e+01,4.323985855139741119e+01,5.787508996958145246e+01
6.997370450658048924e+01,7.446703907762308461e+01,5.522529564602788810e+01
7.852988458058078436e+01,1.000000000000000000e+02,8.603067918637457012e+01
6.487410650783178312e+01,7.266856822561524609e+01,6.869131291533970796e+01
8.881004951749939380e+01,8.263795149768778003e+01,9.616877808971295849e+01
6.413369240697255691e+01,7.629778423045193847e+01,7.551839303500500478e+01
8.092854688794490414e+01,8.933801694538426830e+01,7.313384283446812617e+01
2.879918177425876991e+01,4.453470401591415850e+01,3.955304696097244488e+01
7.336387940409898079e+01,6.791240189998219989e+01,7.587306348122368149e+01
9.092803487627853087e+01,7.430415559668423953e+01,9.842261513110335613e+01
8.698984192573082908e+01,8.047776786215447942e+01,8.109004637627268153e+01
5.631971328057567661e+01,3.198692957472340836e+01,3.842993754002760909e+01
6.293720558343866145e+01,7.911449548005994359e+01,5.651098425497756494e+01
8.434655863089386685e+01,8.996073956287798978e+01,8.460413135398250972e+01
8.187567504957713993e+01,8.255083536175466463e+01,9.723531030643538031e+01
7.459485444225371964e+01,5.956380936137383486e+01,5.779463215958422495e+01
3.296286058105994954e+01,4.539035514934206361e+01,4.688423766369156453e+01
4.364162179709713740e+01,4.173569458891619632e+01,3.817857896651337768e+01
8.471772425225532288e+01,8.008142938015150492e+01,9.093897414435586768e+01
4.669538228499300914e+01,3.652033200691084147e+01,3.800772235244957642e+01
5.458348811077330964e+01,5.264309522511326378e+01,6.434395215497580978e+01
4.430291015283326317e+01,5.111671872667805161e+01,6.289117045487508761e+01
6.593721419877796563e+01,7.368867073535392365e+01,7.239385214658571499e+01
4.408977451638027389e+01,4.313011727946587825e+01,2.570633990905537658e+01
7.693453461064511600e+01,6.581403101221093266e+01,5.358411940155809816e+01
8.313482226696483224e+01,9.005279361833041207e+01,9.411916573187372137e+01
7.737171019966307028e+01,8.650057262158239269e+01,7.194140560042799848e+01
4.685768282845289434e+01,3.110364596512638968e+01,4.668301595121784686e+01
6.350367381374255871e+01,7.248571716571194656e+01,7.263754004845029044e+01
9.236064624834887127e+01,9.270573492876957289e+01,8.632689732271423111e+01
8.793151200299618608e+01,1.000000000000000000e+02,8.423271074801050418e+01
5.994307765648242992e+01,6.716651325504811609e+01,7.037199622800198995e+01
8.410341991494466640e+01,1.000000000000000000e+02,8.041520134768644823e+01
5.034317649696110664e+01,6.215813972813746346e+01,5.553456967824173773e+01
6.804025125755434544e+01,6.148379761746308958e+01,7.236117236904868832e+01
7.607716098468871735e+01,6.171674445267701259e+01,7.860014438193523745e+01
3.735159574822335316e+01,2.904125227830284217e+01,4.476598325369373299e+01
3.861306515691484265e+01,5.689223465048083028e+01,2.532760850316448398e+01
8.222453581516342069e+01,7.944128640740753156e+01,7.698573384640783956e+01
5.867994162850357043e+01,7.804417517252736047e+01,5.215115448167608747e+01
9.277279842095650508e+01,8.658079740385829837e+01,9.303073560329194436e+01
5.290752768180287546e+01,4.162533181392830528e+01,2.893790715125739155e+01
6.562436270770220403e+01,8.263233687609259448e+01,8.035144628334084871e+01
3.065142800114512767e+01,3.105532814138628339e+01,5.316578090894567765e+01
7.336437973802094348e+01,6.532214072995368781e+01,6.554738833835430967e+01
3.874689681873528002e+01,3.967389979091652918e+01,3.476169843656487757e+01
1.000000000000000000e+02,8.179501724809618679e+01,7.207230866460461982e+01
7.698682285606093956e+01,7.650264846505358207e+01,9.070682445503541658e+01
5.379115062499089106e+01,4.529716225192482426e+01,3.551759378481479956e+01
3.319980665830163957e+01,2.955214101769914237e+01,3.942843677561915428e+01
4.970306953378524639e+01,4.887335849193705428e+01,2.726389598206835529e+01
8.718868869050284331e+01,9.138382895104440706e+01,9.076343787757869563e+01
7.575549154824493314e+01,9.990955837765488923e+01,8.969119390540610937e+01
6.891206363975142324e+01,7.041423822350493822e+01,7.668949101977347027e+01
5.710963876342052004e+01,7.920303435282650639e+01,7.005490014179224545e+01
4.074143556823202772e+01,3.385315472361669720e+01,4.068794784598100023e+01
7.687203596027212882e+01,8.350520103259556493e+01,7.739242031941397215e+01
5.873681824330695633e+01,6.391570298601377687e+01,6.459210256577922848e+01
6.570976330974129098e+01,6.413086260763880375e+01,6.133432100624408889e+01
6.286337089013761670e+01,6.776191663761979100e+01,7.790795620358815654e+01
2.760123369608599475e+01,3.871503087903384710e+01,3.674393876544456106e+01
9.187388309573042022e+01,8.088279109560832580e+01,7.167013638309980195e+01
9.120084279267997829e+01,8.844421946841508486e+01,8.314444530610688844e+01
6.971503959733064448e+01,7.215158657444789014e+01,7.767524666379250675e+01
8.312762436891259199e+01,7.257830635598250524e+01,7.144704609703993015e+01
7.183690556051543297e+01,5.518944928562181929e+01,6.962846607027344703e+01
9.454983016385806138e+01,8.710293818562270474e+01,9.961572126126799276e+01
4.599640431140917229e+01,3.193561703300777310e+01,3.266333958231754764e+01
6.964998412328102972e+01,6.339461047899701640e+01,6.592794146649937659e+01
7.772680576881488435e+01,6.760258873841689820e+01,6.262007161440649128e+01
7.194934412565375226e+01,5.773555659538227758e+01,6.733442963305111562e+01
5.587654316407419230e+01,6.013759367515876164e+01,8.197179641111796400e+01
3.705840303002938185e+01,4.111867276011984984e+01,3.484868630108975651e+01
8.915531518606280770e+01,8.358593196518535251e+01,9.316441335259280265e+01
3.908866885557532811e+01,5.421375877694096346e+01,4.191319427706768863e+01
4.086149055595975454e+01,3.481817885537348900e+01,4.318387646050305051e+01
8.141875584642654928e+01,1.000000000000000000e+02,7.932880802736065107e+01
6.980519268502825980e+01,7.445598441540430201e+01,6.135734123916094518e+01
3.454708357975653144e+01,5.625120131822802705e+01,3.974020540866035844e+01
7.019268082474762593e+01,6.303136211338788542e+01,8.068875908415786569e+01
5.345810598981344697e+01,4.034817977348591711e+01,3.901482968560630837e+01
4.765112213073575020e+01,3.984992032461095590e+01,3.347024618703564869e+01
3.444588990201545187e+01,3.245856068374927617e+01,4.749255484685430417e+01
6.295326034280353156e+01,6.187246775614163852e+01,6.396782303508950918e+01
8.694296696978031491e+01,7.657552837237987831e+01,8.273301166483453528e+01
4.378469758421979918e+01,3.692603269695543844e+01,4.815234954593410066e+01
9.280353245389298422e+01,8.404628416466108831e+01,8.268476062526903547e+01
6.685629660544562114e+01,6.769117012503099318e+01,6.839908156721185151e+01
8.230199235112380052e+01,7.722325802877305989e+01,8.935728852186791471e+01
5.365912774225201076e+01,5.220609771174670044e+01,6.676636079638380750e+01
3.570829484705011936e+01,3.493049612689071637e+01,3.820759435012411842e+01
8.617775112448394736e+01,8.228757231096453495e+01,1.000000000000000000e+02
5.639721101106538015e+01,6.837753320115452027e+01,5.338950207343121690e+01
2.665814083533611978e+01,3.637076763003547342e+01,4.839256334701797613e+01
6.064330543525549899e+01,6.072029636050007895e+01,6.216057621931265942e+01
5.450753711052230699e+01,8.127041967348451124e+01,6.473731743847034181e+01
6.043422614151101868e+01,5.936451616478668569e+01,6.030343837356845427e+01
6.877871593005585282e+01,7.212199397600451789e+01,6.559035049984592547e+01
5.096743798594629027e+01,6.865702872329599415e+01,4.541257346968265551e+01
3.766581024677537215e+01,5.793470240008788608e+01,2.207436591201643949e+01
6.035531468561187296e+01,6.398922391097964635e+01,7.368989523866271441e+01
7.372092506754152907e+01,8.299197398862013131e+01,7.856939273430140247e+01
9.017790475223607416e+01,7.352686936539137719e+01,9.658379685691640759e+01
8.397374769486944501e+01,8.758268348346072685e+01,8.774281193609124330e+01
6.679385152825388161e+01,7.579018275253609715e+01,6.412513996185735721e+01
8.984249623119502814e+01,1.000000000000000000e+02,7.713620529601963938e+01
7.485215014192445437e+01,9.136632414051557305e+01,7.764551929600030178e+01
5.448158669554251787e+01,5.569601141033259495e+01,6.268283685246682779e+01
7.311393256588340250e+01,7.676596372391031764e+01,6.618214049987251713e+01
9.162720294336956783e+01,8.182077618971585764e+01,8.731537258280852143e+01
6.496365314565238691e+01,6.673857301984838841e+01,7.387864609792025306e+01
6.977639245249615385e+01,6.921365355591115076e+01,8.111512186561566295e+01
6.543082943494027859e+01,4.681028459875831516e+01,3.434188376038829205e+01
3.174374203870738143e+01,3.949344112231231918e+01,3.707426571483032518e+01
7.292680341476979322e+01,5.418260731697705523e+01,5.284815838205619087e+01
8.518116095860436587e+01,9.510122388478200151e+01,9.255238827746723018e+01
8.115958011862770149e+01,8.265225244890771705e+01,8.538804834403539701e+01
3.121518117528538738e+01,3.617632869945946794e+01,3.462139519881743155e+01
6.812346759375314775e+01,5.987547711472824119e+01,6.357843984042663976e+01
7.381407409063422165e+01,5.605455123704281561e+01,7.608743155578179085e+01
7.647050506619169141e+01,7.471240272510468117e+01,4.284093105212345876e+01
7.999477095904113355e+01,6.497882295003117292e+01,6.725218884074341474e+01
7.377659252395534395e+01,9.755789079507675865e+01,6.686398421232682665e+01
7.810432570457221857e+01,8.304073674631261781e+01,7.999342741776558796e+01
4.650081030202915855e+01,4.193327775856670314e+01,2.580030352286297557e+01
6.388532411856208171e+01,7.124059160198291352e+01,6.211631927882454107e+01
3.587402732300662933e+01,3.334286478420850841e+01,4.581735399744226100e+01
7.750126629141843182e+01,7.141668699374918106e+01,6.064678469825125973e+01
3.831336229315066078e+01,3.886576683039682223e+01,4.136036422848508920e+01
4.941796266263277460e+01,4.611428953896010796e+01,5.410688654184035329e+01
4.580903244892442672e+01,4.219107150607745638e+01,4.797907666965094364e+01
6.664812999153723183e+01,6.429176798451463526e+01,6.626576389029435177e+01
4.407294055240775066e+01,5.072892489345028366e+01,3.029687492366515045e+01
6.727120474503936975e+01,5.882226635378461310e+01,5.129221246518159916e+01
8.030687758145450061e+01,8.719886803192954972e+01,8.160041884681102431e+01
3.596833806871511285e+01,3.497547133019700993e+01,4.249162267442751784e+01
6.403576847937819139e+01,7.981567216142656207e+01,6.137438683181798638e+01
5.602058769842173547e+01,6.682441197620194373e+01,5.359309369734969408e+01
4.076706367420051436e+01,4.155401722523017582e+01,4.911977588850339771e+01
6.975318437124747106e+01,5.921542794673872834e+01,5.831756842429467724e+01
4.383841856041262020e+01,2.927833291975161245e+01,3.999064008794500324e+01
3.083817623290621768e+01,2.502638810880451103e+01,2.998975493181850638e+01
6.953509289915733405e+01,6.755627979793990789e+01,6.334586665975069764e+01
4.002290060741650279e+01,4.423532514582201003e+01,3.997444573687148051e+01
5.766705747373497104e+01,6.756950673777950556e+01,5.849847969518108926e+01
5.749580671155859335e+01,4.506416758629564612e+01,4.219627869688839894e+01
8.143127637190490020e+01,8.819852709116551637e+01,8.959229079610109636e+01
6.138279107411874946e+01,7.008920127876862693e+01,7.532425156175681025e+01
6.474565215859827561e+01,6.100967602129278333e+01,5.742073470208859476e+01
4.673701567310106242e+01,3.265797170065988553e+01,6.247655176077113737e+01
3.645971430486252984e+01,5.164036461016569035e+01,4.105188653444361790e+01
6.537375395827362468e+01,6.617599526770068508e+01,5.822121508521748012e+01
9.841857936830118092e+01,7.335693690071414608e+01,8.214452669725220346e+01
3.979309721636914787e+01,4.251126569166042657e+01,3.333304955240475209e+01
4.645989787218358913e+01,4.636697590417754355e+01,5.527032286765573588e+01
6.941259170301383108e+01,8.323897260599660797e+01,5.681580774805989620e+01
6.468582705232179819e+01,6.713776078557516769e+01,5.247826826028621383e+01
1.719740715838908329e+01,3.738798242487579415e+01,2.917384885831578600e+01
8.625035254694046216e+01,8.456007992480095936e+01,8.702361611487646087e+01
7.452845676157564014e+01,6.751303297706023443e+01,6.145025435576862094e+01
6.316931058796440368e+01,5.584914455520908660e+01,6.158378668463060990e+01
3.760661216648328065e+01,1.870427730274137446e+01,1.549705501460553947e+01
7.296261958569978390e+01,8.369771262835953962e+01,9.980869331527094346e+01
9.467553887949142677e+01,8.476886875476301952e+01,7.780796738869362628e+01
4.988915178183147248e+01,3.531829198351849897e+01,5.135964463585972339e+01
6.502363973787662133e+01,6.905041284614976860e+01,6.414402734283265772e+01
7.188589928180502397e+01,7.842392542266030375e+01,9.239714022955675432e+01
1.000000000000000000e+02,8.359885700860579050e+01,8.140429368790987041e+01
4.698445280074194841e+01,3.572150929425153976e+01,2.741977399998047105e+01
4.811117467282204530e+01,2.823004772074475710e+01,4.570438052163626708e+01
7.632097413512984474e+01,9.140465510088057499e+01,8.712285204638806135e+01
7.533798752295999179e+01,9.212625228937297095e+01,8.943728722655396268e+01
5.945249835105789771e+01,6.409005410313747575e+01,7.336034034609163257e+01
8.957043962748988974e+01,8.550730945864060573e+01,8.874780043129888440e+01
6.930226965520894566e+01,7.765919642153168923e+01,6.565811110311598497e+01
9.185111153842059650e+01,8.908560246957097206e+01,9.214952675460581588e+01
7.301765931550292521e+01,6.765679582511990020e+01,6.076525042901354823e+01
3.936225431274881004e+01,2.650132452833576124e+01,2.842310022061530361e+01
7.799618215954626521e+01,7.526976589628421266e+01,8.390840455439825973e+01
5.693583586294752052e+01,6.113788348317501686e+01,5.784241246580837270e+01
5.450963811965184647e+01,6.634799035812498857e+01,6.525235742883545242e+01
7.153389739320259366e+01,6.514167169478405128e+01,7.272309864581033878e+01
6.519200490372384138e+01,6.547195832522567116e+01,6.211203942587778926e+01
6.208589389781902668e+01,6.232480476922196289e+01,6.529380022611587719e+01
3.277658257530379160e+01,4.745258410299395280e+01,4.307960772884690215e+01
6.372978804954623655e+01,7.410129561282684563e+01,7.576728998985711883e+01
5.921046836104181210e+01,7.558495041800360070e+01,5.726258971094553374e+01
7.066849267869866935e+01,7.350400416196433184e+01,4.302253834787441633e+01
3.376414082619664470e+01,4.344241087166042803e+01,3.318770248651385657e+01
9.903360975412323342e+01,9.346178623586048673e+01,8.451894895064420155e+01
5.086496876693808389e+01,4.406463284159251970e+01,4.156210425183817847e+01
8.145922367863229852e+01,8.817387022738073199e+01,9.365135438098727150e+01
5.214615130212359873e+01,2.776157207604001798e+01,3.169850649863441561e+01
7.146419210249558773e+01,6.043773326550108038e+01,6.468254849370720194e+01
4.141258686762968466e+01,3.132489542213306777e+01,4.072391825302299395e+01
8.260342885145990977e+01,9.096030870221190412e+01,8.247197726512706595e+01
6.459037679033636437e+01,5.225636379941778387e+01,7.218173111005278031e+01
6.201863069770895009e+01,8.089011744391622472e+01,6.505268924879641190e+01
7.194351886420210462e+01,6.109336460742924402e+01,6.387975483236984786e+01
4.898475704353231208e+01,3.964003833885595185e+01,2.431323521224373962e+01
4.451793806792325370e+01,3.030231981002587105e+01,4.106055767916522115e+01
9.095270784244968354e+01,7.979386369665584766e+01,7.510054540988616623e+01
7.509937628385610253e+01,7.461637324785725411e+01,9.451936850963329562e+01
5.794104543102265126e+01,6.136875782449330075e+01,6.829938526559094214e+01
3.097251490956223563e+01,1.970855996041595759e+01,4.476309483183041493e+01
7.228615721033663988e+01,5.854925536404112307e+01,6.428995751083107280e+01
7.942932645981278483e+01,6.811881391628445215e+01,7.379372656647868212e+01
9.161795542969544215e+01,9.406386282346011285e+01,9.684897964446777507e+01
6.231306452123656214e+01,6.318057079762164108e+01,7.149572876601504845e+01
8.515388652356013210e+01,8.346923613381430584e+01,6.411807214850763614e+01
5.188920516688396134e+01,4.082765731914957996e+01,3.552638021019424031e+01
6.059822598850568198e+01,6.422375806115823593e+01,6.830586258403138800e+01
4.020616154955992982e+01,4.146343002831166302e+01,5.684992238162666212e+01
7.418522120743372739e+01,7.501046396657639548e+01,6.333946108128650820e+01
5.087350060192349588e+01,4.668088996731663087e+01,4.285496847319607383e+01
7.589680698143423854e+01,9.858601454527857300e+01,9.756298392507616768e+01
4.390563711786857937e+01,3.354309183486942203e+01,4.075609194694058601e+01
3.090542861989257162e+01,5.047154525229170474e+01,4.149275315606422510e+01
3.956739859169673679e+01,4.445917245754898062e+01,3.907461726016440196e+01
6.160504108521875111e+01,6.987749234227169381e+01,7.321589479537563250e+01
7.004670686821738457e+01,7.615817133411714224e+01,8.420310137644297299e+01
4.716147985577348578e+01,3.424415813372167605e+01,2.797997235167282426e+01
4.035351935644830945e+01,4.314732644144418572e+01,2.855797373406105777e+01
8.491329594489363330e+01,8.200952110299212450e+01,6.527726952425523166e+01
8.625927011392769828e+01,7.942550739022425432e+01,7.656398874091125606e+01
4.190107093633351099e+01,3.989795159615000131e+01,3.544949863933713630e+01
4.109789703174099884e+01,2.999008971524006739e+01,3.927942243353115970e+01
6.938328865196628215e+01,5.660817371862243874e+01,6.374050502404606533e+01
8.703638803851221439e+01,9.288066714617977482e+01,8.943358090007836836e+01
3.345383968865233726e+01,2.627001058012358925e+01,3.646948404883453776e+01
7.164673497679480363e+01,5.558463910361571436e+01,6.694233448876097725e+01
7.528770469979694724e+01,9.528617363469589918e+01,8.187460878402703202e+01
5.440264208337384844e+01,7.242622356227538205e+01,6.158848164452619756e+01
6.863423563083614454e+01,6.725370419539295597e+01,7.068997534850514342e+01
4.487031817223405739e+01,3.849604049533422767e+01,3.812027205201722779e+01
9.282093169596976168e+01,8.496295459201441247e+01,9.367896137216690988e+01
7.304910191979126921e+01,8.593444933796429552e+01,9.083676600354341701e+01
4.694865550187130054e+01,3.713592555287181796e+01,4.229904567714840624e+01
4.607229715988028573e+01,5.063898598734745349e+01,2.454771114901306817e+01
5.999538907692164713e+01,5.922195747347205952e+01,6.317749429029402108e+01
7.608698268585929725e+01,9.039479711653274308e+01,7.918616950018453338e+01
9.668848555036339576e+01,9.214958186566727250e+01,8.402176524858322182e+01
7.695492252590814530e+01,8.394882929787789294e+01,6.912499302838874371e+01
2.894440774909093861e+01,3.574498004845793986e+01,3.000752023457557982e+01
6.562446571409935814e+01,6.665142498389295156e+01,5.500756998239671702e+01
5.651115628525334955e+01,5.089966595200170474e+01,2.483211840683148353e+01
9.115757246608727371e+01,9.040825686346312295e+01,9.348846273883621905e+01
6.883382375836461620e+01,6.620183425179482128e+01,6.258446456255545343e+01
7.455315114031674284e+01,5.109494844492574828e+01,5.959743281388280423e+01
8.374685738069682372e+01,6.516794834707440032e+01,7.340677915382980245e+01
4.189564310975396921e+01,3.916033475199861869e+01,5.091080259946151898e+01
2.731796301913787772e+01,4.024602038827923423e+01,3.131811767086285414e+01
5.586147686501379894e+01,6.246634089660120992e+01,6.462176648319393735e+01
5.815288062086184340e+01,6.320052498264176677e+01,5.946059558864024552e+01
5.231881189224196049e+01,3.515050441892692845e+01,4.840980778980740951e+01
4.110564103482624176e+01,3.844016091104170130e+01,4.382088583805416704e+01
5.649163292034783979e+01,6.909433755548647582e+01,6.846143367930862667e+01
5.173558626531843174e+01,5.650856080488453159e+01,7.346166963091691571e+01
6.006340116817568031e+01,7.457851787429778767e+01,5.551106894616931697e+01
4.048374758493894632e+01,4.200357040208608339e+01,2.938883117345161011e+01
3.395824464466383574e+01,1.808373502168416636e+01,2.586430481495956712e+01
9.213187315310923964e+01,8.456202324145617411e+01,8.153013181131092324e+01
4.694220416420944986e+01,3.463080963895463071e+01,3.617918165333456670e+01
6.821759132797225789e+01,6.059944712548927015e+01,6.423574312797087771e+01
4.768874788896172845e+01,2.312039482496022558e+01,3.386947720307435361e+01
1.000000000000000000e+02,8.787610648950600023e+01,9.109970581868910244e+01
6.107689912189189840e+01,5.431786021857611502e+01,6.894584139666216061e+01
4.273206948429442065e+01,3.989648985517129631e+01,2.837120576054695320e+01
8.299597384541463896e+01,7.922393935966744039e+01,8.505020833197181673e+01
4.205167128686826317e+01,4.549562934216653076e+01,5.378263906695246988e+01
8.798032826109896121e+01,7.709975348445198051e+01,9.746484981814943183e+01
6.910538231827923994e+01,6.351089195477050708e+01,5.539742789216565200e+01
3.113567562843063286e+01,3.669530889871285240e+01,4.026888229529262020e+01
5.312283275118648618e+01,3.589090991428071931e+01,4.232964160905194717e+01
9.290014368584925819e+01,8.676031237829387521e+01,1.000000000000000000e+02
8.446956056967975712e+01,7.744491085998090796e+01,7.838314920301856148e+01
7.984973253916227520e+01,6.323019479479137317e+01,6.768379761755436164e+01
9.880537643648202106e+01,7.685653129590042454e+01,7.252287438687399401e+01
6.776697894090362695e+01,7.720318135099671508e+01,6.028073008696024715e+01
8.554125361769369817e+01,7.401094977764134342e+01,8.031627237266118868e+01
6.234572115520016666e+01,6.909138054180694155e+01,5.939795003848560384e+01
8.925193904084632379e+01,8.379675828315083663e+01,9.408450874850704793e+01
8.088325088889219217e+01,5.974799800296177921e+01,8.022768239856915784e+01
5.791602303714989830e+01,4.382624560584142159e+01,3.991309002641443016e+01
2.898890000737641515e+01,3.747041836335049680e+01,4.292290993651013764e+01
3.580468085623165564e+01,3.184332393466045374e+01,4.132489720186121218e+01
2.039302297167930789e+01,2.865852663872344408e+01,3.050343658900504096e+01
9.494223972029334391e+01,8.646080127702930440e+01,9.853664521464426684e+01
3.354427657581903333e+01,3.514266331084790806e+01,4.363696818853991743e+01
3.736486770069844709e+01,4.034098018462965030e+01,5.424981542065254558e+01
3.864146371123941037e+01,3.250393257123395330e+01,3.778077132195070220e+01
8.915982053078403169e+01,8.620765026499141470e+01,8.739215264505413927e+01
6.766227910461299189e+01,6.449970046257023171e+01,6.648130351787212078e+01
6.265674891427616444e+01,7.619996628725425580e+01,6.634539379825071137e+01
7.882153777974106390e+01,9.492709182920287958e+01,8.006856389016547837e+01
3.397686466217103174e+01,3.284523163137976809e+01,3.738990395981568327e+01
6.021455862359042754e+01,6.292480591598006612e+01,6.510042178488228615e+01
1.000000000000000000e+02,8.537444273543951567e+01,9.701592149040978086e+01
8.468133935923316358e+01,7.449086652753450721e+01,8.621380026943168673e+01
5.444710835740785626e+01,7.494470886078313754e+01,7.353146870291459436e+01
8.708879257570563936e+01,8.816988588801116578e+01,9.011790081851756895e+01
5.489006985183010556e+01,6.094521556131739715e+01,6.457978105021462056e+01
3.670659110128750768e+01,2.510888195823182656e+01,4.553491217869651564e+01
6.654127720195394602e+01,5.607098061672641620e+01,6.170513667174741101e+01
4.174950877383210468e+01,4.697143022358552145e+01,4.178876439019745703e+01
7.058074441510602526e+01,6.088887896847232639e+01,7.056113942014371787e+01
6.458925831171498544e+01,7.155676206748130141e+01,7.009567042843845286e+01
7.938256718110095278e+01,5.873497523954181787e+01,6.664471831932182511e+01
4.031865414578507512e+01,3.759907925611989299e+01,3.097431435435400005e+01
3.526416953816016076e+01,3.268338977338118667e+01,3.949802652825059823e+01
8.320102970327305059e+01,8.979813472645589911e+01,8.483167876673040553e+01
6.017409486589438217e+01,5.303439432386303309e+01,7.348915299779817190e+01
3.158490181681268893e+01,3.884572497183796003e+01,3.026625265290874367e+01
5.274170987026221979e+01,3.987161900733321573e+01,4.320242725198951206e+01
3.373612883745300195e+01,3.284947605238468071e+01,3.685624908706184755e+01
3.416338244691483084e+01,4.302376798395759039e+01,4.362030735183673613e+01
4.899836772136990248e+01,3.933926830603871139e+01,4.324192073045144724e+01
5.435108924206345193e+01,6.507065012134302151e+01,6.606733335634859827e+01
6.944067399676846719e+01,5.550490820271430437e+01,6.507976308208979788e+01
4.080749433388123748e+01,4.907031418051209926e+01,5.685507786622517301e+01
3.955637300153668434e+01,3.967924070316450980e+01,3.418404502074122320e+01
7.525142726908735824e+01,8.459278480884363205e+01,8.339267643829882104e+01
3.404744629665212585e+01,4.490943983483563073e+01,2.496899158301839350e+01
6.964681141014010279e+01,6.939914021249622067e+01,5.867398574354807295e+01
6.328011640025377460e+01,6.219667715077503090e+01,7.085658789940809754e+01
2.996202017348662139e+01,3.793520901616381025e+01,2.327133725490697458e+01
3.484995508934154884e+01,4.683738469193043841e+01,2.238194584817155075e+01
6.261146230143143754e+01,6.606418336422130722e+01,6.166703706780708671e+01
5.862756597795151947e+01,6.180246442574367194e+01,6.258337646014103228e+01
4.405284727743564588e+01,3.855639978298267323e+01,5.344245684782667638e+01
9.239111284265631241e+01,7.720340022867790708e+01,7.256110967105470877e+01
3.357547884577190445e+01,5.390033946389675634e+01,5.617756045540457421e+01
8.561407984189024489e+01,7.916826387432648460e+01,8.086342840285645650e+01
7.095923439698539426e+01,6.802697622603876937e+01,6.784898768584966433e+01
4.849215016331005756e+01,4.485642747816441300e+01,4.058925275993755832e+01
8.815716192009742258e+01,7.708049231850304750e+01,8.817418468344779114e+01
4.464498095557588186e+01,2.897518926772780645e+01,3.623199791000600101e+01
6.156601426239132024e+01,3.669814832441960561e+01,4.359812127494237899e+01
8.811671384090675474e+01,7.714987275988310955e+01,1.000000000000000000e+02
8.638204117249334502e+01,9.623007200167567987e+01,8.258092024997571912e+01
5.864499088116924241e+01,6.428176600263034857e+01,7.208920762386618719e+01
8.400292574458211448e+01,9.274638898720023406e+01,7.296841604664066949e+01
4.726869441290517670e+01,4.232106661671004133e+01,5.435385423462869170e+01
6.255015707621940635e+01,5.670029614522631789e+01,6.044085246517484933e+01
4.863299023459367021e+01,4.006391447126354421e+01,4.634277694814144155e+01
6.786838783656055796e+01,9.060194384413651392e+01,6.665616102623854999e+01
6.537275333684827672e+01,7.378501973922747936e+01,5.497647906316773714e+01
3.923058801379097815e+01,2.757185966203754646e+01,5.202561131224550195e+01
6.705254802784952517e+01,6.049198176684121364e+01,6.957696121265043132e+01
8.050438477669193560e+01,6.541475910928029691e+01,5.109799085214820025e+01
4.026597213075729087e+01,5.377261533837531715e+01,5.297539302364184977e+01
3.883471141442051788e+01,3.953569177675363733e+01,4.498913679689321299e+01
7.577687176677828518e+01,7.520510621409377450e+01,5.302746044046119778e+01
8.230046511673178600e+01,8.337163528420875025e+01,8.426614064952606498e+01
7.221653455233982299e+01,6.515191814676309434e+01,5.723954689220499858e+01
6.092040949297545893e+01,6.244858478936372137e+01,6.315392841299388493e+01
9.365134322344557916e+01,8.554655531564729642e+01,8.275555142793972152e+01
8.120688842155267650e+01,8.107427391434907804e+01,8.776136473586697662e+01
3.744332760185682218e+01,7.196049723861173675e+01,7.245199323820592952e+01
5.796455540271351481e+01,5.790358907989609349e+01,5.306159668373208405e+01
4.430427551942600672e+01,3.172553558660480633e+01,4.188220889270611025e+01
8.910664388438613059e+01,9.755920552511767596e+01,8.697273516407204852e+01
1.000000000000000000e+02,8.944340906920858458e+01,8.059470440937190006e+01
6.162085512633813522e+01,5.723248621538880343e+01,7.048717887874722976e+01
2.182252959651318847e+01,3.926654723962773375e+01,4.822183820117686537e+01
6.633728520389476557e+01,6.144900365659898256e+01,6.151887143468841401e+01
5.670080715626522760e+01,6.510209982922819449e+01,6.884377408420614586e+01
7.514338805072016214e+01,5.971925545628791809e+01,5.917894284577632646e+01
4.372980098121183090e+01,3.330958864035262934e+01,4.607626996610575532e+01
7.326475535215647028e+01,6.351095699976384878e+01,4.617498639443925867e+01
3.553622393163045956e+01,6.635083286694518279e+01,4.336810641968442326e+01
6.149226430649611785e+01,5.829979603621811890e+01,5.807718549706327593e+01
8.702178435154060310e+01,6.721213319395218377e+01,8.845646841579626596e+01
8.920577824879067919e+01,9.448434669808790431e+01,7.895899139346740014e+01
8.513412344236854779e+01,9.616123945405057327e+01,7.402929046446153905e+01
9.683497378318514848e+01,8.289493122237259115e+01,8.582504086064453475e+01
3.400149329372386120e+01,3.811336510260117905e+01,3.852659402787822529e+01
4.192911753600017732e+01,3.785898348083136966e+01,4.574678369064669425e+01
2.605360257834110982e+01,4.028296491477954078e+01,3.841296045921123437e+01
4.976280971596844438e+01,5.231892073662164933e+01,7.902467878173142424e+01
7.515878622256859387e+01,7.704331686295270742e+01,7.984672051710197138e+01
6.286801544775853046e+01,7.156503877766394339e+01,5.681189398259265033e+01
2.973892279791582638e+01,4.571056109185919780e+01,4.193315617341401236e+01
6.798450476300102707e+01,7.133206537557215654e+01,7.424113172955874518e+01
9.534075283111259580e+01,9.470296605709428661e+01,9.190158867937807941e+01
8.730944115847563580e+01,8.594212325632111060e+01,7.614167872414522265e+01
3.908632086577730291e+01,5.839671274429855430e+01,4.072594051001738080e+01
3.904507040578498334e+01,2.703269185353478576e+01,2.124525353264900929e+01
7.851052326603091558e+01,9.571718263313336195e+01,8.382083540543327160e+01
7.750542306910892876e+01,7.679659856507755933e+01,7.949422265001879850e+01
4.011908700166076613e+01,4.321952602674817001e+01,3.656421883284399144e+01
7.651769204989419393e+01,8.415172726520012247e+01,8.218938462931632216e+01
3.931541856169099702e+01,4.328441308046636493e+01,4.178891925151765463e+01
6.399432432225020762e+01,6.791783309834163163e+01,5.068260782089503635e+01
8.264706500437941372e+01,7.475698459364515713e+01,7.674900263735878525e+01
7.966203387015205806e+01,9.302487378924188022e+01,9.137221082718143350e+01
4.641436727920358152e+01,3.218891833786993573e+01,3.825413244362260912e+01
3.360274062161884956e+01,3.562396223324004296e+01,3.960327753694448205e+01
5.679257250288472392e+01,7.990581465513794512e+01,6.623410357713368057e+01
7.918888717323420678e+01,5.597623468349858911e+01,7.015704262211129105e+01
8.743565667168687128e+01,9.582479095813422987e+01,8.039276629813969066e+01
5.137685079938844979e+01,3.634552015409068559e+01,4.081157944520039393e+01
4.775198296220686700e+01,3.710533970332527076e+01,3.608199853679032998e+01
9.220220314590218891e+01,8.505280352179592285e+01,8.459254080068447479e+01
6.492685787941212538e+01,7.613347018720089920e+01,6.522986425957134315e+01
6.161574347419107056e+01,3.627461362973870962e+01,3.667417028526377010e+01
7.567690536668843038e+01,7.884769837127524283e+01,6.723706123937056134e+01
6.495608591780064955e+01,4.516461946749059564e+01,6.343191969119551743e+01
6.430223451602246598e+01,6.330574693092690097e+01,5.971641455513987751e+01
2.779314413813862572e+01,4.306296908297176884e+01,3.204154210284198712e+01
4.764902331820044878e+01,4.561842229617077749e+01,5.048750679909151984e+01
8.175283327787602161e+01,9.524104384647999666e+01,8.247401629919026789e+01
5.975356829354254273e+01,3.502531207516476286e+01,3.785764341059854132e+01
6.754901254244200004e+01,6.871399658937266963e+01,6.130496586290463057e+01
7.497875901695202572e+01,7.524666205210561998e+01,6.440763572427863437e+01
7.137624863371615902e+01,7.805746947009525627e+01,8.809793541342432377e+01
3.548528704746616569e+01,4.449113955249334396e+01,4.986576132408578843e+01
6.407669020231080026e+01,6.837943023414396748e+01,7.821380860524892853e+01
3.326014365945018625e+01,3.810481952709365316e+01,3.666329418286439079e+01
6.051498481370691707e+01,7.318168332655102404e+01,5.180069406604118853e+01
7.188803165538777762e+01,6.754961687910113710e+01,6.908992376343744013e+01
6.022714938627744630e+01,6.912425828029887498e+01,7.435031478646963876e+01
9.995975051862920679e+01,9.726195834208725444e+01,7.671936635806494564e+01
7.628334374893070446e+01,6.451880519374755352e+01,6.909228257946880092e+01
4.199336401030543442e+01,4.130977804046414548e+01,3.197048477093513696e+01
5.538664543365167248e+01,2.432038333392087637e+01,3.923032110485778645e+01
9.969721189057635513e+01,6.951309797200057972e+01,8.731410910280489190e+01
3.540426439715729856e+01,5.267680151842823477e+01,3.075076704366310310e+01
8.387018527284570268e+01,8.938584161325960054e+01,8.997962891066276825e+01
8.316336601751883961e+01,9.376628652498391148e+01,8.317158994422069895e+01
5.808949424655737204e+01,6.826231204766324367e+01,6.086339850728516154e+01
6.685715030914869317e+01,7.117104421240372858e+01,6.319798245986733320e+01
5.888062475354058734e+01,6.683587932427370504e+01,7.753618406405263386e+01
4.774992425538846419e+01,4.358647764605102992e+01,3.856667205429269529e+01
6.359899889545022234e+01,6.863563990799254100e+01,5.672909053860909268e+01
5.227539820321273822e+01,6.229974482210428732e+01,6.358009969354746715e+01
6.773406145086116226e+01,5.734933037604326245e+01,6.476468436038739185e+01
6.537890248587439146e+01,1.000000000000000000e+02,8.833589558598148983e+01
2.349409378556205752e+01,3.527117259847115349e+01,4.472725058234684070e+01
3.990144565656550668e+01,3.823226145770916418e+01,3.917263909140293521e+01
6.006164838870241596e+01,7.570543656037054348e+01,6.663826088239598278e+01
4.802397520360580074e+01,4.299454581896080185e+01,4.705758111954541789e+01
6.098046638433693545e+01,5.764341576094157915e+01,5.254680436608838789e+01
7.911392861520931774e+01,6.764380863714609404e+01,5.517960785894253206e+01
4.069003068980004656e+01,3.055524528197207701e+01,3.907357192022587355e+01
6.718389531572228179e+01,7.031041035992933530e+01,6.400695304068761970e+01
4.834393149861722350e+01,4.636391406563628692e+01,4.817400870121368683e+01
6.689230462565613777e+01,7.074024397660691932e+01,5.937535539247939198e+01
3.566676592480883556e+01,2.451048511792407680e+01,4.106730465256658391e+01
7.599775192396501211e+01,6.506797414510577937e+01,7.052264804003692689e+01
5.003876306766596116e+01,6.080026121680593576e+01,5.449580270596599973e+01
2.613432717432813490e+01,4.689600040329707298e+01,3.696250779885951232e+01
7.082246835899320558e+01,7.096310122468102577e+01,6.619154233103523666e+01
7.292128960084255596e+01,7.033235914536804501e+01,6.397431890797579968e+01
9.129443408304207708e+01,8.567600702300147475e+01,6.583247723119947636e+01
2.675701996810252226e+01,4.423061994707690303e+01,4.302370100827258881e+01
3.718624670782675423e+01,3.784779335018678381e+01,5.149807264348861224e+01
1.000000000000000000e+02,8.333704050057762913e+01,8.855780278433805108e+01
2.861913121218704603e+01,3.839829752302000543e+01,4.836664473408558251e+01
7.688765243580678543e+01,5.842156255634846218e+01,5.924191468039477115e+01
4.610671078025279712e+01,4.037580957039597962e+01,3.305901095818361313e+01
4.311967955358198168e+01,4.220509425863262010e+01,3.604338494270714222e+01
4.496637951317918436e+01,4.954137786732530202e+01,4.835977039157361190e+01
4.222666351656403094e+01,2.899165334741481459e+01,3.492535205179563462e+01
4.748437700372119252e+01,2.534875132627901095e+01,3.731514105505083023e+01
5.955143724186434184e+01,6.910036083280107277e+01,6.328202668320224689e+01
5.288720749131501719e+01,4.499638740710690143e+01,5.696296199234019753e+01
5.513058672807437688e+01,6.747502091597979756e+01,5.430586353457113802e+01
9.592837601905694100e+01,8.276233342286849393e+01,1.000000000000000000e+02
7.997987119507527609e+01,8.528806435200054636e+01,7.990858842735946155e+01
6.796547474392924926e+01,5.805108367317160400e+01,7.045268695231541756e+01
6.282790760283035780e+01,6.696959762143036698e+01,7.305150653004153583e+01
3.188744645691776469e+01,2.986722984215326093e+01,3.961212879623474947e+01
9.461478081663018713e+01,8.230119236611012923e+01,8.328735647437230227e+01
5.802051218008798372e+01,8.040170462207403546e+01,7.185047181564414132e+01
3.127472020504572114e+01,3.406024351661137217e+01,4.059332941284817764e+01
4.497001288716044343e+01,3.423721570112520851e+01,3.847115032176071736e+01
4.491715238465457816e+01,5.004126733363778357e+01,4.246540070980066162e+01
6.947326783736663458e+01,6.934484177898823987e+01,6.110067377890291596e+01
3.737687149895030103e+01,3.870292394684865656e+01,4.108340788196424143e+01
7.492570109613988905e+01,6.805138653633639478e+01,6.486488542108145339e+01
5.601014347495269163e+01,5.596223972547959136e+01,4.821182580074653146e+01
7.611376294124993080e+01,7.480457218172108469e+01,6.872379789642353387e+01
6.413997723735305101e+01,7.171384752630585524e+01,6.517045246248459023e+01
4.205326984569809667e+01,2.628411283603102788e+01,3.428944402225030785e+01
6.013409000784284331e+01,6.861929694438390470e+01,6.656564902018173768e+01
5.029272105029786388e+01,3.338552715685541017e+01,3.983434908715013023e+01
6.290866160815785690e+01,7.164757343493292296e+01,7.617608308035678988e+01
5.331292887015685267e+01,3.400483375268186848e+01,3.789298659641620759e+01
3.573266433666798747e+01,2.923683789313847825e+01,3.542623111058303209e+01
8.269272757820840525e+01,9.239861334604489684e+01,7.909971778232934980e+01
7.154552724058233082e+01,7.028542569230586423e+01,7.642744917391864590e+01
6.307975920624608079e+01,6.464223795944592155e+01,7.815022742249196597e+01
9.539290482909625268e+01,8.537023550906914693e+01,9.405656106049306686e+01
7.933868014793017664e+01,8.387518632266100838e+01,8.624212870316260648e+01
4.178497614724933129e+01,4.493451359751824015e+01,3.200230217064495264e+01
9.427523585558432728e+01,6.284135270659231054e+01,8.097144854893099364e+01
3.916018652252267174e+01,2.794306571492409574e+01,2.397304696479843500e+01
4.163951458922859672e+01,3.960810809551238520e+01,5.188831114812117562e+01
4.576980298239833189e+01,5.169439334037843992e+01,3.323118291058135298e+01
3.784775612591472083e+01,4.350770899821328186e+01,4.273352708766531549e+01
9.637490632666397516e+01,8.301888402592845750e+01,8.325106453071916235e+01
7.230248303861789338e+01,6.739372968328031277e+01,6.692531270445634561e+01
7.531085604616006890e+01,6.833779563535622970e+01,6.564159373175776580e+01
7.406271253982868075e+01,7.132091980604567993e+01,9.281010875665063509e+01
6.422713157278809604e+01,7.626664284238097480e+01,7.369366097652394387e+01
4.656422780333934952e+01,3.685007062220342533e+01,4.416933804585690382e+01
6.486984269384161905e+01,6.389002121998617412e+01,6.684974886905860103e+01
7.792926542586376115e+01,8.564410766334563618e+01,8.430081846163595571e+01
8.167937036450666710e+01,8.888396036127572586e+01,9.291885945503555888e+01
2.794015040176980591e+01,4.252273614229262222e+01,3.130771979012566675e+01
7.909990416469756269e+01,7.393453756273656552e+01,8.847924423665615734e+01
4.935630517835107156e+01,3.857075864788887998e+01,3.444689151083467493e+01
8.167052597252845203e+01,8.772749714879414284e+01,6.476775893016666430e+01
6.801698753016175658e+01,5.918298948684853400e+01,4.615228782823056974e+01
2.977649940544304741e+01,4.138070334177695742e+01,5.263273005128348103e+01
6.976703587197360434e+01,6.575645528011450835e+01,8.094586375603741146e+01
3.420993060179566214e+01,3.304103741951363560e+01,3.428021336024364274e+01
5.365414112335178487e+01,4.172963741058150333e+01,4.643904452689903195e+01
8.544253460819604129e+01,1.000000000000000000e+02,7.734951773857001456e+01
7.675276877440855117e+01,8.198359080632407370e+01,7.367514788350428034e+01
5.462816369223621393e+01,4.514426253866997740e+01,5.824219054141266128e+01
7.350135311679758843e+01,6.653200772163299348e+01,5.754550775121518313e+01
6.237491577728064840e+01,6.694547464713066631e+01,6.329522804100734845e+01
7.477894115865247215e+01,8.774164596889745837e+01,8.162757229001582004e+01
4.680389762561527078e+01,4.169586039817289702e+01,4.201189224814254430e+01
3.401054153177059192e+01,4.109359362661769666e+01,5.192353291280419114e+01
3.955243654363785311e+01,2.192628897937910892e+01,4.172406375441405402e+01
9.972297539542292100e+01,9.241624529710041713e+01,1.000000000000000000e+02
8.495132485912697007e+01,6.830460039986880361e+01,8.910982395036008086e+01
5.504807070238729239e+01,6.915079421010526062e+01,7.460493973047913130e+01
8.951621321245144713e+01,8.165736614524639947e+01,7.817249462005185023e+01
2.488842058365867871e+01,4.064865347529259054e+01,4.411626020299564743e+01
5.764735550684917342e+01,6.129854969292343725e+01,7.854328036102170074e+01
4.264399420480793168e+01,5.925800419552098930e+01,5.799470213531306939e+01
7.552045017165301033e+01,6.956271197011545837e+01,6.688135067193445593e+01
6.036942622730538943e+01,7.045204788655297534e+01,7.371170421907990544e+01
8.408809632917945009e+01,8.809401025927674311e+01,8.881786034080877812e+01
4.470856012510171240e+01,3.454226624836112336e+01,3.887230510807586370e+01
6.868031462598403891e+01,7.873956093468356698e+01,8.571220635830566437e+01
5.985886506826528830e+01,6.221437562131549726e+01,7.571617667958142306e+01
6.775124288455592136e+01,5.851293024706271240e+01,4.755075348215507347e+01
9.841494256116050110e+01,9.987156471867126584e+01,8.216086936739529278e+01
7.779911670366379894e+01,6.681043551023500982e+01,5.707275593636951072e+01
5.638718801397136815e+01,5.138947941215868553e+01,6.888461623959018709e+01
8.184470429473202557e+01,6.218409509994355489e+01,6.136034201740847038e+01
7.363655027920194129e+01,8.004423780854192216e+01,6.368611374090497890e+01
3.644878690864995008e+01,3.595064586646132909e+01,4.518091181775649545e+01
3.622512281822864821e+01,3.515640409702427860e+01,5.215619743447347645e+01
7.828446884370417536e+01,1.000000000000000000e+02,8.573113825361350848e+01
3.200857719085449560e+01,4.319105444758454126e+01,5.177338640536702030e+01
8.770341560716011031e+01,9.131859639269586637e+01,7.374854995703903171e+01
8.107381997105608207e+01,8.846974708019475031e+01,8.477146098159356313e+01
4.005387627281297824e+01,3.385085756030827042e+01,3.802491315338173905e+01
7.678152788384564076e+01,5.581748025824445847e+01,5.285119010089017166e+01
4.052480118674075271e+01,5.173867049661983941e+01,2.739261313450465352e+01
6.367657611676332152e+01,6.122701064004171911e+01,7.779318067585323604e+01
5.318856161671323690e+01,6.312889446316828668e+01,5.582364876641015172e+01
7.620167430594480606e+01,7.489444780296625481e+01,9.516138408762242307e+01
7.054015872687493527e+01,5.935736405834003193e+01,8.239817393453347449e+01
3.876358487050459445e+01,3.385730789949430175e+01,4.005675580260488999e+01
7.092219445993239901e+01,6.588358189716223023e+01,7.302705050964826228e+01
4.482405482741341274e+01,3.701272850540894410e+01,5.696914722106933482e+01
7.644038433376746866e+01,8.739013827976664572e+01,8.906508313175652347e+01
6.119708687830324578e+01,6.907476773489274535e+01,6.998809063702474020e+01
6.514814732218661675e+01,8.232136665205104009e+01,5.900757300546854367e+01
7.937423619033141620e+01,5.717414870301622898e+01,6.619922637912488028e+01
9.108806810999287507e+01,7.380651534675183711e+01,9.440260101061306841e+01
7.795349961857908738e+01,6.322235579863291122e+01,6.225593104786975118e+01
6.319667146466113650e+01,6.414659516758392499e+01,5.690504609092434407e+01
3.709391481944955160e+01,3.796313464187176123e+01,2.794139481781562040e+01
9.711191639868842174e+01,7.154538092478259159e+01,8.527522176649156904e+01
6.619730508134034608e+01,7.101746052122734909e+01,6.127345715762768918e+01
7.426447254689145439e+01,9.526049694338004770e+01,8.033092110522606788e+01
6.763410867527886694e+01,5.364183162580602016e+01,7.028539457694357395e+01
8.175245179173472820e+01,7.038626763130473307e+01,6.676872304100530187e+01
7.866148485810418833e+01,8.847811353991636452e+01,8.177778698326204676e+01
5.017937728227239091e+01,4.984206766303756808e+01,5.509872757004757204e+01
5.554279353636481176e+01,7.279227255111788963e+01,8.316154622113801054e+01
7.865666209541127785e+01,5.407976890888076582e+01,7.244970792952825889e+01
7.192010070767373975e+01,7.728183396989844312e+01,7.990738506847779377e+01
7.635790216185570500e+01,6.748300679228751164e+01,7.334496360415421634e+01
4.473056583081987725e+01,3.187186776473422611e+01,3.582209216365994564e+01
7.375638620186765593e+01,5.427527001587933597e+01,6.849954097648998186e+01
6.162545915146523612e+01,6.726127032183920562e+01,6.396873379146000360e+01
3.436896527160161696e+01,3.211300020005963063e+01,3.422302183817127741e+01
2.846160691552471178e+01,3.953271004913054298e+01,4.067184802651563302e+01
5.656552621552769722e+01,7.065306106003376385e+01,7.078044845120106743e+01
6.207685731133410911e+01,7.266814986328233772e+01,5.849517797707024158e+01
6.630914277902469678e+01,6.389511450589485975e+01,7.846844569791838353e+01
6.664964901446472822e+01,6.846024439815134599e+01,6.704835007518606460e+01
6.812175488467310913e+01,7.560678146470729644e+01,4.989036296675656956e+01
7.666792893910508155e+01,9.173705233569647532e+01,9.652831797092400734e+01
9.025511050483902409e+01,8.526203040171662906e+01,9.253727248230087810e+01
6.528055610801112607e+01,7.042324448711372042e+01,7.158380181075639825e+01
1.000000000000000000e+02,7.991868437829405991e+01,8.692047373533530674e+01
3.778129432965064893e+01,4.991079907738767218e+01,4.031236068451647725e+01
5.231447368652350605e+01,6.583688717692668035e+01,4.969337446346921183e+01
6.236081805998224326e+01,6.991546368480624096e+01,6.839950948637273598e+01
3.477667084268230724e+01,4.438742336663839438e+01,4.150378869988883679e+01
5.395147620934233856e+01,4.351194526990639133e+01,4.662390541437647329e+01
5.641615699010635154e+01,3.125971212982307534e+01,5.141639566591366872e+01
9.243316998639353699e+01,8.853003727204233542e+01,1.000000000000000000e+02
7.667888725040506870e+01,9.692375336161904897e+01,8.358075303665690114e+01
3.858907239608535633e+01,3.446584205598149708e+01,5.201623401474504504e+01
3.701802639753742596e+01,4.473701720922702663e+01,3.242200079816559821e+01
7.781767809092778521e+01,6.794880170367194694e+01,6.198780915723922647e+01
5.441393558197717084e+01,3.670600465852280792e+01,3.709133367754560595e+01
6.521321201600653694e+01,6.055546242858783046e+01,6.085723279085971882e+01
4.158732459925891334e+01,2.912490865204911827e+01,4.186174647263398896e+01
6.906370863143349936e+01,6.692301068442760936e+01,6.720591850325385508e+01
2.652428708366127097e+01,5.243889464821708657e+01,3.176646525383141295e+01
6.805150410822317042e+01,8.940441455939618720e+01,7.721887992742388462e+01
3.081493364156432335e+01,3.633377865346173508e+01,3.939043462380840310e+01
4.470334356730897696e+01,4.919362510136434707e+01,5.247781706001032376e+01
3.569347037710736004e+01,4.198358048681500065e+01,3.886883598284958197e+01
8.443423129159226903e+01,1.000000000000000000e+02,8.922619989099878524e+01
6.383595362014025909e+01,6.265633399494971911e+01,6.057120013400508896e+01
6.370387492885411262e+01,5.880870720385259887e+01,4.651545899619749491e+01
3.839048189204199701e+01,5.629702317567850400e+01,2.590399810397109803e+01
3.566719758852863009e+01,4.457676578878785278e+01,4.300584238089885503e+01
7.728537076823826624e+01,8.983201441758534145e+01,8.257830476546421039e+01
3.374567816213337323e+01,3.311453565468379878e+01,4.615318001573446338e+01
9.419818072094803085e+01,9.747423909835754330e+01,9.917140210495028896e+01
6.145191703058009836e+01,6.772348257362868651e+01,6.439675337596865745e+01
4.116504251475107878e+01,4.314583821587861934e+01,3.310414115749300379e+01
3.156126132545141516e+01,3.558378985472462119e+01,4.126346679067756185e+01
3.822771107415359637e+01,4.517987752567579207e+01,3.989082566563762811e+01
4.418396262597862290e+01,3.120860347527565892e+01,3.566948515651480989e+01
4.606221408748949386e+01,3.818063495395475115e+01,3.602620237765035682e+01
7.250059623510061613e+01,5.983748957645538979e+01,4.434528208150180717e+01
8.406013348853056755e+01,8.547072150862901196e+01,9.133972685347617926e+01
3.966156219461920784e+01,3.331695768921570533e+01,3.952973878735386393e+01
6.144883167755124020e+01,6.256567780736619966e+01,7.578277632972513800e+01
5.869520283197947919e+01,7.690493549255468508e+01,5.941765236425872132e+01
6.807307140675571588e+01,6.612829428458842074e+01,6.140883626493334901e+01
7.262000431673652656e+01,6.608731521846050327e+01,6.265745315383643543e+01
3.674508388356235855e+01,3.700295763937959492e+01,5.047747029333355329e+01
3.265832820399792524e+01,3.049288916321384590e+01,4.851367591086406605e+01
5.817926525286031847e+01,7.522523941890160870e+01,7.805376348887007509e+01
7.602314130188173635e+01,6.547424712117459933e+01,8.639386704237988113e+01
5.987063033310905524e+01,7.112275337531600883e+01,5.897120730823258583e+01
7.700556368013127440e+01,9.358335024305313254e+01,9.118832474286901402e+01
9.137175476576628341e+01,9.090073094813362786e+01,8.520314181325005620e+01
3.850907196243429098e+01,4.683225648988150169e+01,6.748742092787615832e+01
3.080020293843648460e+01,3.663876069799584911e+01,4.345979924374732661e+01
5.770821198834957499e+01,6.711620192086603254e+01,5.959194430620959793e+01
5.951584087869505169e+01,7.399174843494155596e+01,6.623419843358156811e+01
6.743192005807871681e+01,7.513765987521728107e+01,7.004689211344634714e+01
7.069002137070221181e+01,1.000000000000000000e+02,8.669859585522011969e+01
3.604429954155177285e+01,4.775228703482923720e+01,5.451403906678775257e+01
7.618715343435945897e+01,8.953975691197184972e+01,9.103990934376513167e+01
6.611055493124571569e+01,6.271799653921672757e+01,6.710373714213730523e+01
6.782899065112822257e+01,7.203811782501884409e+01,5.965205214485489904e+01
6.815250058707783865e+01,6.313485474578693157e+01,7.625754913211849839e+01
4.943163662873318742e+01,3.282005623316270260e+01,3.205722553732848468e+01
7.564835173430667226e+01,8.359843167676731923e+01,7.473873025125753600e+01
4.111289391809273752e+01,3.923293117947223152e+01,3.332119077782798655e+01
7.392292401513959987e+01,6.659815467724635596e+01,7.666591199982124749e+01
8.657596030437261447e+01,8.871357206468869094e+01,6.406474741283871310e+01
5.661267886700662189e+01,5.912159004665313944e+01,7.575516656824926542e+01
4.914123028944595717e+01,6.728563557384957505e+01,6.535075164970795925e+01
6.628906681427899628e+01,6.141732270324035881e+01,6.213756167906790751e+01
7.168214463703947104e+01,5.702327013674389633e+01,5.508781774953369847e+01
8.876411693384619639e+01,9.441678249939867840e+01,9.059537377607821895e+01
7.042790131348915850e+01,8.102433514809038684e+01,9.926416616572466012e+01
8.116267612603392934e+01,1.000000000000000000e+02,9.167132485893645821e+01
4.644542911394000839e+01,4.541921094953841731e+01,3.236166546295342528e+01
4.041109336348949199e+01,4.294469366864697690e+01,2.638087501847175531e+01
4.861982834175746859e+01,3.725395390530507456e+01,4.624544871940621960e+01
7.191615359739144253e+01,5.788364176491167967e+01,6.716586968108127564e+01
7.740021448787575764e+01,1.000000000000000000e+02,7.880288453000143534e+01
3.804713025182319086e+01,3.746907661470844886e+01,3.478963098911884089e+01
4.168888594896903754e+01,4.997941069458944696e+01,4.906881886404798365e+01
6.047462114239953479e+01,5.207174867755178838e+01,6.519377964682369964e+01
3.885873509388562752e+01,2.843764041415095889e+01,4.479339325423990914e+01
4.122050009681974814e+01,5.177193578394525275e+01,1.946673247254961936e+01
4.687516872392335898e+01,2.934241829367190491e+01,3.341043218742933618e+01
4.495652164900434400e+01,4.317862646610291222e+01,3.386889055911071011e+01
6.641867544207858032e+01,5.668004516843978990e+01,6.585230688024168444e+01
6.728807386522223055e+01,5.909955883823351996e+01,7.412720894726891174e+01
4.836425819831744377e+01,4.950107514176896473e+01,4.162220038601893890e+01
5.286888567607704914e+01,7.292617472727432926e+01,5.215856212141152071e+01
7.247951793703603585e+01,5.236655267745800302e+01,5.317776179801534653e+01
7.361952289802339067e+01,6.842975738324918211e+01,6.060636294859707363e+01
6.884218678596565155e+01,6.773568921648836749e+01,6.767378069711956812e+01
3.531039458736820791e+01,2.543083532089992360e+01,4.756064682094381624e+01
9.396559451469369151e+01,8.871236806146528409e+01,9.010819228753675247e+01
6.052592944104200967e+01,5.800400037992974234e+01,5.584101819492923369e+01
6.357269655711893819e+01,8.257354205064356734e+01,6.090119826368875522e+01
2.320634925951004846e+01,4.671654472619401588e+01,5.148004942391148120e+01
7.292248304658636471e+01,6.639241792033635647e+01,8.033541433200262816e+01
8.659848699933728255e+01,8.903555297807220370e+01,8.000165532921081990e+01
8.735589504645281522e+01,8.406103375393729493e+01,8.432546204788660305e+01
6.876695783897791614e+01,4.868432096111963858e+01,6.048075111081598720e+01
6.674225210255949037e+01,6.457057515810384984e+01,7.190349284788105422e+01
5.739657667255713136e+01,7.101266551316265918e+01,6.463490473062861952e+01
6.029548996703431385e+01,5.761599167638060948e+01,7.551109220774748110e+01
4.719860665702626079e+01,4.650606142975711776e+01,3.961796305209167457e+01
3.175426374454128364e+01,4.056335301861830800e+01,3.059039746685253647e+01
9.527827043286215769e+01,9.036287101770319907e+01,8.475103694787482311e+01
6.938043103195364836e+01,5.512839960327292488e+01,4.981290893730322011e+01
6.719473860182120006e+01,6.015642935435352001e+01,6.613104457780477219e+01
5.894335178168793732e+01,5.354432577610269561e+01,7.244594862452346717e+01
9.675714966658816252e+01,9.080585771998575240e+01,9.110380643950661295e+01
6.239757777469847611e+01,3.706656965079582022e+01,2.666593653607809955e+01
7.271137954036511530e+01,4.544029339968027159e+01,6.171645287199236662e+01
7.288791464046816770e+01,6.593783465334979610e+01,6.596771568562179766e+01
4.290074399757278911e+01,3.281585797268637350e+01,2.049330068976302144e+01
8.588604886232266722e+01,8.213332172377927520e+01,8.128773307578047991e+01
8.743186360441684712e+01,9.144098817128278256e+01,8.936276313566659724e+01
6.080959119081910558e+01,6.585566435093764426e+01,7.034364724235931021e+01
5.263895275910687133e+01,6.055831922398732559e+01,6.042659947771868190e+01
3.208369503974508774e+01,2.294362975414952643e+01,4.214169169875068377e+01
4.787713190666609364e+01,5.606954912231856269e+01,5.190358348637455776e+01
3.300832919901694140e+01,3.941714355658444191e+01,3.786732092301490127e+01
8.086931323387622683e+01,5.912959343308788362e+01,7.096777471195264297e+01
6.895088459068583120e+01,4.979971680017666102e+01,6.376383773849833148e+01
4.978153186056713508e+01,3.224273909305877339e+01,4.000265300205082752e+01
7.527056450266309184e+01,6.127570956539523195e+01,7.354027400086276600e+01
9.186772567298388026e+01,9.783729918046768148e+01,7.918517705455890621e+01
7.488757551147247682e+01,5.826890573619377989e+01,5.944443603493434125e+01
8.727695765834012320e+01,8.560726524389062320e+01,7.541172009243852870e+01
7.698195102506903709e+01,5.814670356030728726e+01,6.902726444653164606e+01
8.023609210455298069e+01,7.394185010626830490e+01,7.831544009176478482e+01
5.207896546496252199e+01,3.139769295822900119e+01,4.695808949731964788e+01
6.373680785842740448e+01,5.619194929192518373e+01,5.627653076263274556e+01
3.613415433627631046e+01,3.987376863701631180e+01,3.027797228557813014e+01
8.023475280293531853e+01,9.987896854451730633e+01,1.000000000000000000e+02
9.467320023045161292e+01,8.704563606592725478e+01,9.394274984124993466e+01
8.250307178281281040e+01,7.991197892481795861e+01,9.576505595415980565e+01
6.069500149967080915e+01,7.356781117456165475e+01,6.521335194361512322e+01
3.338559169815195560e+01,3.739338226045354929e+01,3.818462053166547321e+01
3.732277713854715984e+01,3.716189062115613240e+01,3.635645069864279577e+01
5.432718153215925128e+01,6.991601584422961935e+01,7.321281063601817607e+01
2.205033334494656572e+01,3.397643361253408045e+01,3.340886764238999262e+01
4.903192880769613993e+01,3.955918320766168250e+01,3.046083735646053015e+01
8.786333320682476256e+01,8.490456184046124122e+01,7.702750276036540811e+01
6.262535874150063364e+01,1.000000000000000000e+02,8.558419380492010475e+01
5.600719774978694687e+01,6.779071010855393808e+01,6.854467849055562567e+01
3.148067025423247856e+01,3.783952261157572394e+01,2.845389289861341808e+01
4.027689499348204549e+01,3.773763400681944091e+01,3.915054455501938691e+01
5.027009598558959880e+01,3.475815104849326076e+01,2.206345023891463342e+01
7.282538741606182953e+01,6.912162010883122321e+01,6.622127590012640042e+01
5.906849765759865534e+01,7.995611729050007455e+01,6.599417110761430649e+01
4.916951502131890805e+01,1.389386637980778616e+01,3.645762142774702852e+01
7.538499297660719378e+01,8.486717598455933853e+01,8.978032756597404784e+01
4.139689478000963874e+01,3.790202513170442700e+01,5.956782889150422733e+01
6.924834239605985431e+01,7.439984715469817900e+01,5.173439481120737327e+01
6.469515233720950675e+01,7.753782450950323835e+01,5.894534653049309014e+01
3.551738213736185656e+01,4.286767661093414716e+01,3.284994929364422234e+01
7.737389925824626857e+01,7.469383273689606995e+01,8.065137418587660534e+01
9.430311902423136416e+01,8.219429727586198453e+01,9.609407976977030330e+01
8.926657562332744078e+01,8.351869262204048994e+01,9.588867978462727137e+01
8.458905768798607028e+01,9.043311054660156856e+01,9.338551713190545911e+01
4.024055683290865204e+01,3.011461135348032059e+01,3.043297215087108043e+01
8.396029710820840819e+01,6.121562110173422866e+01,9.215744806968778846e+01
7.184378073964118983e+01,6.937330661479927585e+01,6.831638685580024628e+01
6.621611076092735004e+01,6.749954353662452888e+01,7.884422364095087232e+01
8.251518840230579599e+01,9.943440652047530648e+01,8.216825889690055362e+01
5.075088799819057783e+01,6.245980004906756733e+01,6.320072854521113470e+01
6.573175148257578826e+01,5.908487155918680855e+01,6.672176182832309621e+01
6.472816342716257054e+01,6.493362585904171169e+01,6.547051852967123864e+01
6.739482712295901479e+01,6.895420535426461583e+01,6.169441637619523533e+01
4.860646386706157074e+01,6.536297287168589776e+01,5.639318809068363691e+01
7.971193880661259357e+01,8.039827390073587310e+01,7.981482628114854094e+01
7.109880528761576102e+01,6.226902784193192986e+01,6.745861869280840040e+01
4.573172163448327154e+01,3.868006599891858599e+01,4.138121027885404146e+01
4.104219617178308965e+01,4.786191608818445786e+01,3.600563521168677994e+01
5.433161109149070001e+01,6.753919105984249427e+01,6.351503039249219285e+01
6.420725080726006695e+01,6.546783538446639739e+01,5.791840840796840695e+01
3.922135432369191221e+01,4.748016152586068017e+01,1.821476549699953651e+01
7.356194981629697338e+01,8.282767600564702093e+01,6.643722521365754119e+01
4.809328330965317377e+01,3.803423381070241049e+01,3.480317032324135340e+01
5.753820021048776567e+01,7.091191557629312570e+01,6.010716080044467446e+01
7.166101017245340188e+01,8.568449811437587016e+01,9.746782243912257115e+01
7.139241890293322967e+01,6.753153299903384266e+01,5.813974088609336377e+01
6.520432166712191702e+01,6.043991155512512137e+01,6.209895164904204279e+01
6.733488962848163339e+01,6.122266834762366727e+01,6.258557160019442023e+01
4.415256570337449915e+01,5.408704912025842759e+01,4.417862034283677986e+01
4.151712399217910843e+01,3.153698988375300161e+01,5.037645757192927221e+01
8.392625675826930376e+01,8.174416419744224527e+01,9.188176768224174396e+01
6.911349336602364701e+01,8.521806106261550440e+01,9.838955810052689799e+01
7.197889673290647750e+01,6.177835283674563271e+01,7.673772324018325719e+01
7.251204008853039795e+01,8.054233585359257575e+01,7.100764565645896198e+01
9.778174406682362019e+01,7.010068578733744005e+01,8.718123456825132678e+01
5.929524164629073368e+01,5.928314157078102653e+01,8.066509547938177604e+01
4.397708992308875509e+01,4.425268788594198810e+01,3.212277932006098524e+01
7.222318828239535549e+01,9.670492817895035387e+01,7.511362957676115570e+01
8.448838134497340491e+01,8.408988145362445721e+01,8.173695829411323643e+01
3.852709654306268305e+01,2.983000672070077286e+01,3.133834542170547621e+01
7.234820959758489778e+01,5.912719279815854634e+01,6.263436727603394161e+01
4.513801720070638623e+01,5.233128030467280922e+01,3.705530312570746787e+01
7.271523916288423095e+01,5.721426244106861958e+01,5.651426469496699667e+01
7.451226887072149907e+01,6.795242540805247700e+01,6.216947322016266497e+01
4.443101056223065370e+01,3.893538846390986663e+01,3.903931803945004475e+01
3.151046248531662997e+01,3.294697854018959049e+01,4.508327440814632325e+01
5.801794033242426707e+01,5.850814010415983546e+01,6.355402553508086072e+01
5.543874255377019011e+01,6.263526413425873329e+01,5.346935092395303002e+01
9.250812517660178003e+01,8.807298970990157727e+01,8.126616353265688986e+01
2.959132451515294804e+01,4.007964468576224704e+01,2.509261481221692236e+01
5.468919976096695024e+01,7.376306160992048433e+01,5.786788655738176601e+01
3.999189413970707818e+01,3.607843109217584043e+01,3.725017062769716603e+01
1.000000000000000000e+02,8.353722854785995366e+01,8.497801527454366521e+01
7.829868000765119973e+01,8.750900005891331546e+01,8.644803808933758660e+01
6.094336266372956601e+01,7.732914541889205395e+01,6.082363551787332057e+01
8.243807472999114339e+01,9.055517578611436136e+01,7.922323450236753217e+01
4.233368807275284951e+01,5.595797134727290256e+01,3.559987537301955740e+01
7.530193426312035854e+01,6.380823220833819676e+01,5.036631177828820682e+01
8.451541437538520540e+01,6.768903612576254147e+01,8.122202686490358303e+01
3.625259441680433525e+01,5.608740889920411377e+01,4.439186299261528745e+01
8.653550454536272696e+01,9.048356929254563852e+01,8.623791180283913604e+01
9.724220977648664643e+01,7.339678495747577358e+01,9.308176142293353905e+01
6.097045380593250741e+01,7.150401446973437203e+01,7.319903386261313472e+01
7.537006730349446570e+01,5.232221585429662980e+01,7.088770562978221790e+01
6.262340389399965090e+01,5.488612649601888904e+01,7.430444189722476267e+01
7.197849075280265652e+01,8.553846829200787738e+01,7.282665657687724092e+01
4.901554514569838972e+01,4.779726152560161978e+01,3.434899598307365665e+01
8.580807654699792408e+01,9.903210621380921452e+01,8.394662592158012160e+01
5.492909229892730139e+01,6.501036965224885478e+01,7.458996748923573250e+01
3.970923101066476590e+01,4.795258536004716632e+01,3.159059242186327765e+01
2.816693956686590639e+01,2.748957199835463072e+01,3.702859097844288527e+01
7.481439580774357978e+01,8.671874380844663222e+01,7.926733416204264415e+01
4.234927432921367085e+01,4.150497315356400208e+01,4.481935508775268318e+01
9.048925835044161659e+01,8.754952362378446651e+01,9.660417920104750067e+01
4.336703215737895789e+01,4.475708980003263093e+01,5.374992127799288255e+01
6.438192507734119374e+01,6.401082161456810127e+01,7.352105098108356174e+01
5.960558484725378747e+01,8.483522761723858707e+01,7.110456304123007953e+01
3.218552189107899864e+01,2.683213044533053804e+01,4.209910749224582815e+01
5.309768055753318805e+01,6.630369697059988709e+01,6.129787692266614130e+01
4.212254144062386274e+01,3.405503673956439314e+01,3.903177267376019444e+01
6.300473674563794191e+01,7.609047956145435876e+01,7.752090678051273187e+01
4.645423864438481587e+01,5.181446904958566080e+01,4.297414112442290701e+01
3.928981056497957525e+01,3.210406915457969745e+01,5.069107789945537235e+01
3.065092091208502367e+01,3.769108096984405165e+01,5.155400317121903697e+01
4.549397883329343983e+01,3.669574939988436313e+01,3.804533286981063611e+01
4.006190667537295269e+01,2.130606898914089342e+01,3.115382163827754880e+01
7.527777803360390863e+01,8.681245542505315882e+01,8.343576911407647856e+01
4.429947083381869533e+01,5.577756761555050957e+01,3.848603442745286429e+01
9.011303126225921289e+01,9.188251878464826916e+01,8.329737455962295201e+01
7.183293867628174212e+01,6.799054847011076674e+01,6.637996879225865143e+01
4.530078520340200754e+01,2.650818635047885863e+01,3.612080005776932268e+01
8.430662365745089915e+01,7.339588002423883495e+01,8.177091750712578744e+01
6.420643103929950257e+01,7.436849218129481187e+01,7.820501302322666959e+01
6.522083917470966696e+01,5.963057354364656959e+01,6.941539701405176288e+01
8.521757883421049939e+01,8.407576362241448464e+01,7.820049487344353167e+01
7.780368402546989159e+01,9.482539825750087914e+01,8.635673672779176968e+01
2.663012491776327550e+01,2.346388936958650362e+01,4.830391432016620712e+01
6.412740040819822696e+01,5.211973764847134305e+01,6.653736731729442511e+01
8.489790073192962438e+01,8.608859701218713667e+01,8.833220563800590241e+01
1.000000000000000000e+02,1.000000000000000000e+02,8.115885908370459845e+01
9.106714019570790697e+01,9.681908903628276164e+01,8.107294347320562622e+01
6.364747186949800550e+01,7.080696853396750612e+01,6.632402138419493554e+01
4.523727622758228506e+01,4.596399125219986104e+01,3.783257495873753840e+01
6.153278459498378083e+01,8.159589131006391938e+01,6.643764249047488590e+01
5.753067610460363568e+01,7.601842124712182169e+01,6.889671130670018329e+01
7.626982488067963573e+01,9.086171811541912291e+01,8.417520775406127598e+01
4.150459227439229437e+01,4.160374176861000706e+01,4.096992435741634608e+01
8.468024728678932433e+01,8.166372017418856899e+01,7.786966176448274268e+01
8.660000202731801267e+01,8.939220738094732610e+01,8.354691477018727142e+01
4.283583163996365073e+01,3.979764587548038435e+01,4.675360952554308369e+01
6.669399521266252862e+01,7.092544827196282142e+01,7.476230019667453064e+01
8.379495691854403105e+01,1.000000000000000000e+02,9.179102130225291489e+01
7.529578169716522495e+01,9.025208413575228406e+01,9.326938618230786915e+01
3.847479153995872281e+01,4.936997674773855493e+01,4.600695190985008054e+01
6.417501819482076542e+01,6.340047889609388676e+01,7.020852898189815505e+01
7.036334362217546357e+01,7.594719473640323315e+01,7.460369354786820395e+01
8.056283874236351039e+01,8.617782606970763482e+01,1.000000000000000000e+02
8.221867076163283627e+01,8.639818199444901836e+01,7.031679561014763635e+01
7.216652517996234906e+01,4.537740339289442204e+01,7.087853653382967423e+01
8.457579621154442862e+01,8.183238676100619102e+01,7.709113761749615890e+01
6.385578984173672978e+01,5.205883863319286320e+01,7.019249504447114418e+01
3.886397428473983240e+01,4.492205413574848905e+01,2.615462715594225429e+01
5.993442508990734297e+01,7.354674381561146390e+01,7.221042076126984455e+01
4.992477236954457709e+01,4.628048734599988734e+01,3.230338295942720350e+01
7.983404325343698815e+01,6.574823427154566957e+01,7.315372665580478895e+01
5.783018761464033020e+01,6.209763532977333966e+01,5.866791759233839088e+01
8.027627854679154495e+01,7.638314313095307284e+01,8.332821448258680164e+01
8.205826749429519396e+01,7.382121192910896923e+01,8.443218612394088041e+01
7.014354714761371667e+01,5.933303718681390393e+01,7.435357622666444399e+01
7.565179959603725024e+01,6.725491070767951385e+01,4.913983752244533321e+01
6.098922660799230755e+01,6.746253496130159988e+01,6.656262532026083534e+01
6.637226233527879060e+01,5.782585866385144158e+01,7.140464233159057983e+01
6.656714267974068377e+01,6.257535651581477509e+01,7.738968397328787319e+01
7.609943331338081407e+01,6.760316360868257846e+01,4.976305682494758997e+01
3.732435062115298763e+01,5.040035675759166622e+01,4.466124193590165703e+01
5.777012678787584576e+01,7.140285176449607718e+01,6.300385559576480432e+01
8.910987848580340653e+01,8.951502936753016115e+01,8.209653700708813062e+01
6.822358287931483289e+01,6.673080258383502894e+01,6.823621979876568844e+01
9.977070129616005545e+01,8.118833155255123302e+01,6.696632629830648398e+01
4.087957513718102120e+01,2.669282070125404971e+01,4.807034831393706042e+01
8.657565398657037292e+01,8.614273554025579926e+01,9.320636918516736102e+01
5.340809373169275887e+01,5.659155073438669348e+01,6.771898055064905009e+01
4.790842593972251962e+01,4.032205201600370259e+01,2.970885331933042295e+01
3.317446258978523588e+01,4.286401947355301445e+01,4.117031636886814283e+01
3.927744791795895907e+01,3.482071835438706131e+01,3.780806588082397468e+01
4.110099684165836464e+01,5.538901776338174443e+01,3.740862020857159109e+01
3.214422155507479317e+01,4.792213198163954502e+01,4.933426529752190959e+01
4.972800729111152407e+01,5.352850100772037223e+01,6.126379283936191200e+01
3.766322909582837042e+01,2.726801891264301148e+01,3.429099298523284034e+01
9.657017246036653546e+01,7.741457030286885299e+01,7.804836512513526259e+01
5.864819737246456555e+01,4.655558058094317886e+01,3.732703413295753592e+01
6.407647744095669395e+01,5.710453997349098643e+01,6.447229693416164764e+01
6.374537005392600975e+01,5.980707624771224573e+01,6.653729467142979104e+01
7.229090117966926243e+01,8.163704327996488530e+01,7.244483176714845740e+01
4.659253180509551129e+01,3.609555308615696134e+01,5.799450158616684092e+01
2.975144634523334375e+01,3.661114714831329309e+01,3.583529269715671006e+01
5.599235915452662482e+01,7.131718139831347969e+01,6.165951221511173230e+01
3.954847122490314604e+01,3.538641208857998066e+01,3.640413256184236701e+01
6.115333416111663922e+01,7.134164105391207045e+01,5.688412442726841078e+01
3.812160484708465447e+01,4.662969124903180074e+01,5.364752222967018724e+01
4.135765236114249888e+01,3.648756871916049960e+01,3.684341718504484930e+01
4.603714893738087000e+01,5.821230951634471751e+01,4.049288276951580912e+01
8.468539319854687619e+01,7.247346392300357820e+01,9.485839959982770608e+01
2.393685559356263681e+01,4.213388934381313078e+01,3.149152216452225872e+01
2.964576040298928916e+01,4.097905858883852659e+01,4.741560334376495689e+01
4.468388985796865853e+01,4.642651378899413572e+01,3.840116750319100447e+01
7.351578608053847574e+01,6.681355991330543986e+01,6.146543274802797185e+01
6.247368688983602425e+01,3.530731931943279278e+01,5.148240125316351623e+01
4.231070681327500438e+01,3.733500187293087436e+01,5.351858096352812311e+01
5.634462041081872741e+01,5.416804611204469921e+01,6.915779596827128728e+01
7.036491268630743434e+01,5.960947142974929136e+01,5.472409931210442835e+01
1.781957111957037654e+01,5.386818430753688602e+01,4.509120348342343476e+01
5.905534846667269022e+01,5.934326226441199026e+01,6.343911351322373093e+01
6.919117053192154287e+01,8.577596549957887362e+01,8.043213100721992248e+01
4.332783404715787157e+01,3.191991471060740082e+01,3.706635854283938158e+01
4.265233356106953977e+01,4.600118610585867174e+01,4.697580399775205962e+01
8.722527315084408883e+01,7.698210053763898486e+01,8.520228970115390155e+01
7.366196660231534565e+01,6.211860108439260131e+01,4.738219640741067451e+01
6.523620469585631554e+01,6.900270226255578621e+01,6.885732598599726373e+01
6.117625823571124499e+01,5.629209741098566866e+01,5.760592471346682686e+01
8.054096103055708511e+01,7.020098211009828049e+01,6.287531936736647964e+01
5.673153804879473938e+01,5.862203308815833225e+01,6.424103868716593979e+01
2.500787380055728804e+01,2.867673673341615626e+01,3.588587334989419730e+01
6.330849923777521582e+01,6.270155694127912227e+01,8.022774086900444956e+01
9.305442628469640454e+01,7.349318133346604043e+01,8.926728946904327699e+01
4.902636841917098565e+01,6.792487570746874326e+01,6.944352694327528752e+01
9.965167225487839175e+01,9.577909401773018772e+01,8.883828572117768374e+01
6.683205920835817437e+01,5.966389985842509702e+01,4.431154951652737850e+01
4.096979346951485468e+01,2.635122447825792591e+01,3.815355307609586788e+01
5.597837224598394812e+01,3.058708224456558611e+01,3.330029276731846011e+01
6.427803531608329024e+01,7.417873938193088179e+01,5.825407740329958983e+01
3.849402369317146366e+01,4.257433095238796028e+01,1.273030338822647423e+01
6.135274063860273941e+01,5.826044836055436349e+01,6.750831665284535177e+01
5.913804522116233642e+01,6.075460861271114510e+01,6.050033349367849667e+01
3.162326623386836388e+01,4.467029236234358791e+01,4.480873469931434983e+01
5.428254715379782169e+01,4.285855538168501511e+01,4.770368458599558181e+01
4.751924692676525552e+01,4.533636438066922381e+01,2.570704943896257788e+01
8.934770784529099785e+01,7.756933060587985551e+01,7.733245304070594273e+01
4.271169519392891800e+01,3.713556576631452089e+01,3.636993812189803066e+01
5.023159735708371443e+01,4.593271999874035316e+01,3.848415895211128657e+01
5.029620288632592917e+01,7.071702311671643315e+01,5.882533157882615171e+01
6.972830095133213035e+01,6.399313687322377575e+01,6.804829893644370031e+01
3.124242890375303006e+01,3.965487724744446041e+01,4.094407802503298655e+01
5.178715820631267519e+01,6.161098001126281076e+01,6.288894138850992022e+01
8.302539809245712377e+01,7.340421560488675823e+01,8.562907748714695799e+01
5.424830767393835629e+01,5.298869742378309411e+01,4.287769199123285091e+01
6.313213057701869957e+01,7.038538937725085987e+01,6.567386964580848030e+01
7.582131275724334785e+01,6.167133888223668947e+01,6.339318571086935350e+01
9.264373923364743746e+01,8.020577767379231204e+01,1.000000000000000000e+02
4.127993290858750441e+01,3.905089339112093683e+01,4.228660911682034396e+01
5.314128234748987012e+01,5.012127956390661154e+01,4.019558977535829314e+01
7.770461358194366142e+01,8.431009740239765904e+01,8.796837588207823444e+01
6.931123152891893824e+01,6.131943956298238163e+01,5.584315378360911097e+01
5.894459319682868426e+01,5.096079606795518657e+01,7.185258288007918281e+01
6.266126661433989398e+01,5.515177330714977444e+01,8.050820433872277704e+01
7.088555546899173976e+01,7.769178497033963993e+01,7.419096912536679156e+01
3.956627633069344085e+01,4.424939554947084019e+01,4.037088060999764849e+01
4.707340168771142430e+01,6.578119270343560743e+01,6.078025775876854198e+01
6.901406778722939350e+01,5.413403941684369869e+01,6.215883444123943491e+01
7.155090426177839902e+01,7.771138277879140333e+01,8.431928814739509903e+01
7.340686717532318539e+01,7.200227571735818799e+01,5.765517227165928205e+01
4.242293211601228364e+01,4.579202646829480017e+01,5.098470506084923670e+01
7.591723326920022430e+01,9.954625273530413665e+01,7.882334314694654154e+01
7.567915858763896608e+01,6.501281968198429695e+01,6.109430668323538782e+01
8.514497787269628759e+01,8.510224348023788821e+01,7.252187857834631757e+01
6.196419345107857879e+01,6.010320288093778629e+01,5.993190142326582048e+01
5.881241317902573229e+01,6.476282408862901718e+01,5.344982488480956562e+01
8.234082281078185872e+01,8.145053549445363217e+01,9.468654316779762325e+01
9.209236491474979402e+01,8.542654142289136132e+01,9.841019602312857728e+01
2.522930391103615477e+01,3.635615000916146045e+01,4.333094518511164495e+01
4.099683234196337622e+01,5.378728605550638520e+01,4.961384024831640716e+01
7.644311777110115713e+01,6.431864649793980959e+01,6.214539097425698344e+01
6.930133737591502552e+01,6.489093947256154138e+01,6.333862428794713395e+01
6.338441094715588520e+01,7.325914313208552642e+01,6.265895441909823660e+01
8.444011103933455331e+01,8.840666087124253636e+01,8.791895542085934778e+01
7.710530412355137742e+01,7.642818925627504711e+01,8.927837975076570842e+01
5.350042431589310610e+01,4.625702591275791775e+01,2.825388992104922181e+01
7.838185563659808963e+01,9.026977170021562813e+01,8.257170691352945369e+01
6.075029782584152116e+01,7.264731706209913398e+01,6.723395783332018993e+01
5.968068137568516818e+01,6.644040377121899610e+01,6.636097293726368207e+01
3.499596278483392098e+01,4.970498600372373232e+01,4.795107682782339253e+01
5.629890239133489160e+01,6.590534926634721558e+01,6.270858977105807952e+01
3.349287670122659222e+01,3.568371854463087800e+01,3.858512645141762931e+01
6.361086507861838157e+01,5.992676847923124939e+01,6.809874941002665594e+01
7.442835913558975847e+01,8.874909780848788898e+01,8.820440315568464484e+01
3.425631775507739007e+01,3.957359725692079166e+01,2.606914345249483489e+01
3.083249945327922958e+01,4.949496359124520239e+01,6.182264567894537066e+01
4.361803298161754583e+01,4.529020087106435710e+01,2.574614000719119744e+01
1.682404219474179996e+01,3.218553205540023043e+01,4.880686378705031814e+01
2.969812298479404689e+01,3.366842993017466057e+01,4.612593501949274355e+01
3.901852290003898105e+01,4.796561108719939170e+01,4.847378991117057012e+01
4.351939173350131540e+01,4.957302295189607833e+01,3.273550054136679677e+01
6.508967087583611999e+01,7.039358208452850363e+01,6.575758517639677336e+01
3.625342101348672941e+01,4.433643720438957558e+01,3.110787476020327347e+01
5.330859492252231746e+01,4.606853313481386181e+01,6.679626411809719855e+01
3.729235403006467919e+01,4.850026813047933416e+01,3.101901449129347554e+01
8.125168084078245556e+01,8.007262521877547101e+01,8.234098686534269973e+01
7.412248184296522879e+01,7.077010660010361676e+01,6.910503726873619712e+01
6.140891695587384902e+01,5.813236658068609586e+01,5.598579962408526001e+01
4.023231657204233613e+01,3.800102192731552009e+01,2.369111594742073379e+01
7.063426416319602197e+01,6.492151342555652604e+01,6.685002044084713191e+01
6.460060596920631326e+01,6.720959428953926817e+01,6.839715516352544000e+01
6.118417619849856948e+01,7.578462266709885853e+01,5.294959547831427926e+01
7.946277282890510207e+01,8.297863116971620911e+01,8.436740147789731736e+01
9.019740026393651533e+01,7.825160727771734059e+01,7.521782594877579697e+01
7.652690142684512864e+01,8.693112102398225716e+01,6.369208369634794309e+01
5.822562990522487780e+01,6.271675409003790236e+01,6.218211904804272905e+01
7.290315104758757059e+01,6.543966759737968175e+01,8.572849734329895455e+01
6.340742670725521890e+01,7.785121609529224429e+01,7.177349838861194087e+01
9.076271342662886354e+01,8.449128271545896496e+01,9.707006240184654189e+01
6.832885718626970117e+01,5.727799585014771111e+01,5.850946136340797921e+01
7.496071600233719323e+01,8.812561199574408022e+01,8.382762758916634027e+01
3.455944676777271951e+01,3.895684608864375775e+01,4.331077908649790231e+01
4.908663879080103953e+01,3.973499152510392207e+01,3.612284648307434765e+01
6.220504715584232258e+01,5.303884761938634540e+01,5.668748846720883705e+01
6.072541535105093402e+01,6.843465541749102954e+01,6.680675287358717185e+01
9.118435849832793849e+01,7.555297793078786128e+01,7.864175829867821221e+01
2.679848086427693943e+01,4.106681713277052381e+01,3.669037615983341993e+01
3.522398593183162063e+01,4.368969694963477934e+01,4.155309012758004172e+01
7.477964668951763372e+01,8.880755677803112746e+01,7.955226519731053259e+01
3.570244964789265651e+01,3.334971331239138692e+01,4.317126801765654420e+01
8.856862481244317564e+01,8.548534784634200889e+01,9.248249185869312328e+01
8.807659097744095789e+01,8.595766029159450738e+01,7.956634120487007067e+01
6.656951726996231855e+01,7.055687307516463136e+01,6.964702651411636225e+01
7.097965565793734299e+01,6.564172831751170634e+01,6.390532421857701451e+01
7.140040536418931083e+01,5.796961790051335583e+01,6.779749108892994514e+01
6.017096231484190838e+01,7.033150980121683915e+01,4.972690146973854297e+01
5.851907522766528302e+01,6.328895441774335495e+01,7.963939223144355140e+01
6.646887331512276376e+01,6.346807575316632466e+01,7.224652308226694686e+01
3.211873574151339028e+01,3.311326657181143673e+01,5.965939273660713127e+01
9.779549523610805295e+01,8.254094038430714875e+01,8.531904994541334020e+01
4.267436102798171760e+01,4.040913646841729445e+01,3.387571778056229732e+01
4.051671725554577108e+01,4.457793936149819558e+01,2.525162066033032460e+01
5.683822913229600005e+01,7.346833526770998901e+01,6.990288684592822221e+01
4.570473737819747839e+01,6.724345521260674730e+01,7.076350386467851195e+01
7.296964662520690581e+01,7.881009150017563059e+01,7.540180230412899220e+01
5.787300687850883207e+01,7.543061419085073283e+01,6.923559324999696685e+01
7.191527082134994941e+01,7.278500698440994654e+01,7.618754920306923850e+01
3.639649089739317134e+01,4.101024909790055517e+01,3.471458444982556557e+01
7.451459718842718871e+01,8.140246063182408420e+01,5.611724778961907845e+01
3.989510855202663464e+01,3.746701755950513757e+01,3.799373972657781451e+01
2.618625478143660246e+01,4.494376606043152833e+01,3.078796550901244444e+01
7.220130614112466105e+01,6.277811950127522067e+01,6.262036645586653805e+01
6.070593520114292119e+01,5.698905793325936031e+01,5.107268092994605979e+01
9.363868463199743530e+01,6.754413050922511275e+01,8.732815039315434547e+01
8.717879269399412578e+01,9.354405981784098856e+01,8.291262767023803804e+01
6.655273303602542967e+01,6.445895568579186374e+01,5.710462484199479150e+01
8.714857036144043434e+01,8.692188629695837676e+01,8.568270657612106334e+01
7.683740983631059862e+01,5.707455718259328847e+01,5.470763437661326378e+01
7.264798884512097743e+01,4.543627183987771190e+01,6.030997714179377311e+01
5.308937150923975423e+01,7.815448496978733317e+01,5.523236577392184898e+01
9.338107901684116996e+01,9.356996608198346621e+01,8.222842494967490268e+01
6.137964446221280213e+01,7.001510177161220838e+01,5.544751615980282367e+01
3.941018496836266394e+01,3.843380630314054969e+01,3.326071174242576944e+01
9.039662348863933516e+01,7.859793922170754854e+01,8.924290114861354084e+01
4.611497837074350059e+01,3.997676053122084028e+01,3.451122685807358437e+01
6.720757678880005415e+01,6.952450756081246652e+01,6.810388467511052113e+01
7.400969909078145292e+01,7.208648111660309610e+01,7.370485034200665098e+01
3.986052882440792899e+01,3.968190214857460774e+01,4.139855461616645727e+01
2.918998604722917634e+01,3.694965274095925878e+01,4.483632319305887393e+01
4.019261925187129236e+01,2.894736661176737869e+01,3.855024138955616309e+01
4.039139859744125260e+01,3.779752630110356648e+01,4.293715501508964394e+01
8.795441526342978023e+01,9.104463710632515472e+01,8.799625156617616994e+01
6.443715533916302718e+01,6.824481810769819390e+01,6.163801798031048662e+01
8.366649180095026850e+01,8.216840205366243310e+01,9.998166789506645102e+01
4.011738533735282886e+01,3.375636700393067713e+01,2.436582890596331552e+01
5.711155140178993861e+01,7.097019604545431548e+01,5.410006241826007312e+01
7.111920444214608494e+01,7.162460794038535994e+01,7.927085470320596983e+01
4.729781271284699073e+01,7.454978799181681381e+01,5.843304790962021400e+01
6.886465241665749204e+01,8.027333826651761228e+01,7.072111523191941274e+01
6.471413545375447995e+01,7.062848386094896114e+01,6.038019983263278334e+01
7.948129195354739807e+01,6.829905833616390964e+01,6.200185816569933905e+01
6.473223888625047096e+01,6.911822841474945278e+01,6.359645246253376172e+01
7.912488527533868421e+01,8.996838017852363123e+01,7.684742155718419099e+01
6.906005485821621903e+01,6.778013471311126636e+01,6.946284255510191485e+01
3.689332877493882989e+01,3.997048779481286118e+01,3.375086006173776809e+01
5.755577369041210289e+01,7.215245220705870111e+01,7.403246535619440749e+01
9.631553231751247779e+01,7.924077111399650164e+01,9.595450921816751588e+01
7.123155353418260916e+01,6.934021272411871450e+01,6.894964186965491137e+01
5.887469042578155154e+01,7.027677928475434044e+01,5.800821951483407446e+01
6.219302416507738229e+01,6.136136035036539482e+01,6.370852273198414650e+01
3.986641109530961558e+01,4.278961598414910839e+01,3.747583999002623045e+01
5.344947054215663229e+01,6.717403081226511574e+01,5.910172680367348619e+01
9.450909615165564048e+01,1.000000000000000000e+02,9.623621230209811017e+01
4.003965357607255982e+01,4.189016616471210597e+01,4.924600829998734497e+01
8.758071390679882029e+01,8.013703151428336469e+01,8.372479083334096117e+01
8.721785613846942908e+01,9.555927756602979173e+01,9.926719784736945940e+01
6.560028209793206599e+01,6.807108643525887715e+01,5.727768037744522900e+01
9.533552909298056477e+01,8.241037786734202086e+01,7.642824626063118387e+01
7.136572980308683611e+01,5.363684914756888844e+01,4.957645537633149502e+01
3.260587454342766023e+01,2.977969586113495737e+01,3.894605179430422481e+01
7.462606578413431180e+01,6.147253789965682813e+01,6.051427107786215487e+01
6.179586321322705089e+01,5.047656776521797894e+01,6.211992597346025491e+01
6.884373677602596331e+01,5.675072003082917860e+01,4.926588750939666284e+01
1.000000000000000000e+02,9.678637516443363609e+01,7.637007601621300523e+01
8.826014897633933742e+01,7.971119407878198615e+01,7.543485530639091508e+01
5.110062988183668864e+01,6.488052277778024290e+01,5.734740520450842638e+01
8.626215499027316014e+01,8.058079825797639728e+01,7.564570081660248491e+01
6.542676629039320346e+01,7.074046730102132585e+01,7.198853054106942295e+01
8.419636211893632094e+01,7.625495484342320651e+01,8.419215199085711276e+01
2.710553385918857217e+01,3.423281705876475201e+01,4.458121367192325124e+01
7.280858145577711582e+01,5.730979211234667758e+01,6.445209972298563628e+01
7.261211731951200932e+01,7.145941262832596408e+01,8.409549727677138264e+01
5.388820116688141582e+01,3.569950629515695795e+01,2.689904557644641869e+01
5.374479996991857433e+01,3.808228977175358665e+01,4.042089660729104850e+01
7.116585653962337688e+01,5.461254424722780243e+01,6.607189841486373894e+01
6.437615598484458701e+01,6.099136424313974203e+01,5.547707091009920077e+01
6.120008130623497777e+01,6.137761732760185396e+01,6.691831804335093636e+01
4.273602765936816894e+01,3.482032457216384813e+01,5.315441368186952786e+01
6.024514177306011931e+01,6.370404115209726115e+01,6.163663427989929744e+01
4.482348817006339914e+01,3.504690434019512679e+01,4.568109082301232604e+01
4.505989906527737787e+01,7.520211630896498889e+01,6.851085956964905677e+01
3.348909435318602590e+01,3.434521299960560725e+01,4.151780943358909326e+01
5.261241451420552551e+01,5.772747751329770693e+01,6.192133345996548144e+01
6.595705199284692810e+01,6.467518851822032389e+01,5.283466074054428674e+01
3.765747600810949791e+01,3.635583900898681264e+01,1.736395758200772121e+01
5.891283876405767472e+01,6.697282513586029040e+01,5.204397525497162746e+01
3.457992706495490864e+01,2.351576842300550041e+01,5.029673807957529164e+01
1.982833383522843818e+01,3.942222702122206357e+01,4.897939527439857699e+01
6.226942630248669275e+01,6.413460782602639654e+01,6.218353416374530696e+01
5.555904046639109595e+01,6.674200738205591676e+01,7.116590340364749068e+01
2.734724480436846150e+01,5.180759238442806947e+01,4.294685290160526847e+01
6.245037385282022058e+01,7.157312147244130074e+01,4.817888804950091242e+01
6.841185923384229284e+01,5.972353685085784036e+01,6.159415943560706097e+01
5.593402571451939309e+01,5.931371622867352755e+01,7.738321612442175024e+01
9.230732332783244942e+01,9.132651187392281145e+01,9.226264076207594655e+01
3.600849960030443242e+01,4.711477003017879639e+01,4.779801452069265366e+01
3.497938207031176461e+01,3.293259875129891157e+01,4.841659908818994040e+01
6.849836757451004132e+01,8.334791238743999031e+01,9.216318709189812353e+01
3.620407016458343463e+01,3.323381764219284662e+01,4.821140544437774622e+01
4.265391188044431914e+01,4.147606842978224506e+01,5.252616380363531334e+01
8.665180825534216069e+01,7.820397142343313135e+01,9.386918495955239905e+01
4.592178450884549790e+01,3.560458384179680991e+01,3.650378153911998425e+01
3.952203056831645256e+01,4.701464716851242542e+01,3.573092600672520547e+01
7.674437222892849775e+01,6.452141855017349314e+01,5.529106906048606618e+01
5.636097949338540047e+01,6.542712892332959029e+01,6.177914285797817939e+01
4.492988317242649998e+01,2.138320162443751826e+01,2.511045052395554933e+01
5.625869619768270269e+01,3.181081790640087092e+01,4.162565546715124043e+01
6.463626488648398549e+01,6.833803577492784598e+01,6.022455144959094753e+01
3.088456799126740293e+01,3.615007100907670434e+01,5.150221551933169906e+01
5.915866971307478650e+01,6.510742732345640604e+01,6.076993521187198155e+01
3.760277548755707500e+01,3.026717027768476242e+01,4.268033894029930764e+01
6.867186320356852036e+01,6.407300722033411944e+01,5.768358725791176767e+01
7.699952752284106339e+01,8.398985448075737281e+01,8.486144775378731708e+01
9.177045166737718773e+01,8.215787593325376292e+01,8.849606104521309646e+01
3.350719959046314500e+01,2.708414996727688617e+01,3.412681802708264911e+01
6.005715110030470072e+01,7.598035427277797282e+01,7.972612641787836196e+01
7.345643151977790808e+01,6.181176560339444848e+01,6.691739394877039615e+01
2.315568577432812702e+01,3.564542566181800964e+01,3.801909573500459061e+01
9.402473065640340621e+01,8.040282237296156609e+01,8.928977407424258672e+01
8.602166804295914915e+01,8.383685454558244032e+01,7.097989046901898291e+01
3.858180270812800217e+01,3.978856036207442060e+01,4.858026691768155558e+01
8.490226496817722079e+01,8.072001622595045944e+01,8.544382658792807206e+01
9.723820690450851600e+01,8.429126965585440701e+01,8.170151066613337321e+01
8.665761358642807011e+01,8.894738426557964317e+01,8.469172720030739754e+01
6.319866830706430250e+01,6.473687557534138648e+01,6.470833013638268483e+01
8.949419504396041702e+01,9.900235578094377331e+01,8.467543029292225754e+01
7.894664102392994209e+01,7.026677828681775395e+01,5.889121873897651227e+01
3.619400704549906322e+01,2.943661482524471751e+01,2.210459601019183040e+01
8.429360072766441192e+01,9.164197730368709927e+01,8.207653774408997549e+01
9.010619671899169703e+01,7.999026011277452142e+01,9.401762604508898846e+01
8.071226491601890984e+01,8.123920957884027416e+01,9.091701093276883228e+01
6.131180838670307764e+01,4.774484090554039994e+01,7.046214009846313786e+01
2.405551703156675103e+01,2.962822137540191392e+01,2.814251682045743408e+01
8.027197261390423932e+01,8.830969426055825977e+01,9.161164626684517032e+01
8.993731574302823617e+01,9.198525528985821609e+01,8.901230233241632561e+01
8.771166613776860288e+01,7.720322690666870358e+01,8.732086163014638203e+01
3.887367290866891523e+01,4.852784184630115050e+01,4.125638853956275653e+01
3.963553498596367319e+01,3.610309151347857437e+01,3.750486950195680436e+01
3.663793681839811711e+01,4.444055776057076201e+01,4.336943266931380947e+01
8.785250849909617443e+01,8.682095650999669090e+01,7.879871381196524283e+01
4.430492349603140667e+01,5.069918485954195120e+01,3.876395456600079825e+01
7.178084689892855863e+01,8.613312030448726375e+01,9.031175151482487706e+01
2.228650103165597685e+01,4.276581263841264047e+01,4.951697604230114536e+01
5.598011677463991731e+01,6.648183464749132554e+01,7.118146814425705315e+01
4.226753148595710030e+01,3.172711088376231814e+01,3.756062263248670519e+01
6.016021342504426173e+01,7.500376032184857422e+01,6.010139288557041937e+01
3.445450443086043890e+01,3.860990088510271789e+01,4.073741686021466535e+01
2.851008465349716658e+01,5.624298392607283148e+01,4.243735599297461647e+01
5.881137306329056713e+01,6.040765853272543495e+01,6.654661311808769142e+01
7.661549040502819707e+01,4.552421533704372081e+01,5.846909980090113379e+01
3.983986375975259620e+01,4.892322130477556641e+01,3.336021778416180439e+01
6.084691558046839077e+01,5.941932108995037254e+01,7.615074402138371568e+01
7.699583958385981930e+01,5.766163760070727307e+01,6.476189904311651446e+01
7.243413596581656577e+01,9.039091813097540751e+01,8.185295941128418917e+01
3.546401331247006539e+01,3.164867486942050334e+01,3.525474794129534217e+01
7.761805214415976195e+01,8.079438144293310131e+01,8.525656778403356384e+01
4.259881326808836377e+01,3.738701333145757388e+01,3.875149199342477857e+01
5.804523952255494379e+01,5.605883693908748455e+01,6.792666634131451531e+01
6.024183829142953783e+01,5.991376758408669900e+01,6.400161713876481429e+01
6.071112011739714376e+01,7.730164480637714064e+01,6.648199028828859980e+01
2.882501672573771145e+01,4.367864245171861626e+01,2.146057399833999924e+01
6.647005905432561690e+01,6.672055338046017425e+01,7.019499887510693270e+01
5.685338641301645168e+01,8.061652696037687349e+01,7.978958181254063220e+01
6.627289245242378968e+01,6.394884715538826470e+01,6.442020099092799512e+01
7.429663790392611133e+01,6.176481080971908000e+01,8.115948215039593094e+01
8.840469605821705557e+01,7.292742881152241807e+01,8.627780196310804683e+01
3.037119828083637785e+01,3.173203574831674700e+01,2.831893176118575539e+01
4.112935215066111994e+01,2.594818623402948532e+01,3.808183189685126280e+01
6.817803744026996071e+01,6.406647952050674633e+01,7.849140540748207684e+01
4.073701326747287510e+01,3.330081420938030590e+01,3.524479718241011739e+01
5.804141083864467987e+01,5.854254108026769643e+01,5.766389479153206565e+01
4.243773663803545304e+01,3.168012715007603575e+01,4.600360956645165800e+01
5.088575110032728332e+01,2.781632988804423690e+01,5.001168567344500104e+01
5.381880171331347640e+01,2.772910876067089703e+01,4.691062410958550544e+01
7.934085811493723384e+01,7.287747382358729453e+01,7.694777162910868640e+01
6.610727803569547234e+01,6.714206590067232128e+01,4.749000723910434374e+01
6.168596421774660854e+01,3.828956353527607348e+01,3.361693789105203933e+01
4.346124922063752649e+01,3.746130308186264557e+01,4.882931896603810884e+01
7.678551516998847148e+01,6.247246664670558403e+01,6.987668545130128450e+01
8.813671107771347124e+01,7.744390746766454470e+01,6.617725997675387362e+01
6.793940676694251124e+01,6.563194374086721439e+01,6.086090033853301406e+01
8.006298941172622108e+01,6.577911420136140919e+01,5.624717565720010981e+01
6.643594688326189157e+01,7.013310630022321845e+01,7.791537720777981235e+01
8.778164181450013359e+01,8.503001813592486258e+01,8.694667252054944129e+01
7.005847841673349308e+01,6.725067496625526076e+01,6.848134937052040527e+01
6.113814418207533663e+01,5.439911690300992575e+01,7.121361786967823093e+01
6.364472848754923007e+01,5.794717759925573830e+01,5.963950000251364969e+01
8.914027316255220512e+01,7.496984093325872323e+01,7.531176295879141946e+01
7.090409325433425636e+01,7.176298651845911536e+01,7.842990139635330138e+01
5.526557499011919816e+01,7.559426553655990233e+01,7.236071611465463604e+01
3.874769137827924226e+01,3.809853089275775773e+01,3.863174302705814966e+01
6.730785449286887001e+01,6.987983557098441167e+01,6.168503078455030675e+01
8.796900795506154225e+01,1.000000000000000000e+02,8.680590892496161359e+01
3.069220960166182977e+01,4.129647647250299514e+01,4.583772539026966797e+01
6.954319621702524046e+01,6.870260836916739322e+01,6.659674722208153241e+01
4.664318199286034172e+01,5.055231468732185363e+01,5.110177015736739037e+01
4.096568283342369909e+01,5.579475821328520624e+01,2.231637589024066415e+01
5.585010763777539466e+01,4.200971037836953315e+01,4.695460341506092306e+01
8.811628352764833494e+01,9.494996251179813385e+01,9.878723518826251393e+01
6.896219199668396982e+01,6.708108326081081429e+01,6.028384079787564787e+01
3.739796869131515678e+01,3.247800091176967641e+01,4.374039833580338410e+01
5.871683171247841670e+01,5.591230460712753825e+01,6.655474771585365090e+01
6.690560523249610014e+01,6.066524728496098362e+01,6.381222345274426999e+01
8.741740104178411741e+01,8.854441952321114684e+01,8.592700759494314866e+01
6.435854423133697821e+01,6.328979551564142270e+01,6.612360389866593380e+01
3.229895619931239281e+01,3.880531810342802146e+01,3.867785623982050680e+01
6.975456683474897090e+01,9.316951595040922030e+01,8.371836208099983878e+01
9.000787262901292252e+01,8.405328298605022042e+01,9.237864068011808172e+01
6.838055052945986745e+01,8.584789030687463196e+01,6.539881126852698401e+01
6.866624970632119584e+01,7.036088555897680408e+01,6.061901131290395028e+01
4.486351626991551456e+01,5.569161459010918236e+01,3.899004496452175061e+01
7.088812354514635672e+01,5.906721594778881723e+01,7.085566983449687939e+01
6.534861863864489351e+01,7.939198221475798789e+01,5.063997509837319910e+01
6.089931895577914389e+01,6.219228062744819141e+01,5.530479220260987461e+01
2.866392869517611075e+01,5.884656945278521079e+01,3.976846614148188053e+01
5.938746020184403562e+01,6.926427427986017449e+01,6.614500867032734277e+01
5.712045187321191264e+01,5.099133333964221748e+01,6.129648106272644981e+01
3.888870549835920087e+01,4.678725159170270587e+01,4.443329188065738578e+01
6.428773048700182358e+01,6.647764396006164134e+01,7.126180533503335823e+01
5.082211894631764437e+01,6.365088492776266094e+01,5.899542312231918118e+01
7.614128518780449895e+01,6.913093952204140180e+01,7.321115435281588191e+01
3.689218539505429106e+01,3.406186690273884210e+01,4.138005750708059338e+01
7.560328003132447350e+01,9.300880073476731980e+01,9.407773795653301363e+01
8.563080860601375832e+01,8.777276724028233446e+01,7.842234154860186379e+01
8.799194031581590991e+01,8.250413039793356518e+01,7.195036244223952338e+01
4.729721916781423374e+01,3.422404368210630565e+01,4.179431519533539330e+01
7.722823667595145025e+01,7.504816589904039859e+01,6.476799509875667127e+01
5.255321050542239192e+01,5.056311919970256952e+01,7.497201933958797326e+01
5.907088830385498568e+01,3.947045893848991227e+01,3.673815382716453115e+01
1.000000000000000000e+02,7.145933347425459203e+01,8.768321061746428313e+01
5.241268277271556997e+01,6.522958487263514371e+01,6.818888450774728938e+01
8.903502268268735520e+01,8.901476140172084683e+01,9.155133279915672517e+01
8.486506536002626433e+01,8.494092806966645526e+01,9.385836234558945534e+01
3.605134198937545875e+01,4.522801057230810784e+01,3.591269870586659607e+01
6.170217917809866748e+01,7.208521886236853504e+01,6.548369044001195505e+01
3.335819296287151303e+01,3.001969231522135573e+01,3.352324333635537101e+01
4.262929601825985060e+01,4.289537483143075036e+01,5.056529324422533733e+01
4.315679537096432483e+01,5.475293130715415657e+01,4.314979999451517756e+01
6.798452067049785796e+01,5.387436335985140090e+01,6.513155186795755469e+01
4.347830100971727063e+01,4.105303449143340089e+01,3.595620014402798859e+01
7.938682588979175137e+01,1.000000000000000000e+02,1.000000000000000000e+02
6.572142127877033602e+01,6.052452940297035155e+01,7.533309610826604796e+01
5.611223494758319674e+01,5.947466040334904136e+01,7.925540691492017231e+01
5.835375736005124736e+01,5.969847551240106043e+01,6.951667290653273312e+01
5.767957795450558933e+01,6.554107028614245678e+01,5.118518244978014309e+01
5.349807356993751739e+01,6.593183077780967949e+01,6.927239151603168921e+01
4.796024622707204799e+01,4.461344187303928521e+01,4.316366919039312933e+01
2.735728545723571870e+01,4.357329212223122994e+01,4.913184614482574375e+01
4.508428792747208291e+01,4.547598722294915774e+01,3.705490772884917305e+01
3.429562334646949040e+01,4.841483888422015980e+01,2.787446462789222679e+01
3.187536735033966551e+01,4.250811077960156581e+01,4.670501254315504980e+01
5.876954207376774519e+01,6.342128373138156405e+01,6.615069915321251415e+01
7.777370305340465961e+01,7.147324288101282264e+01,8.309820232811128449e+01
6.735394845814126086e+01,5.295560023959914986e+01,7.749710158762263745e+01
3.122571537236288464e+01,5.469530822657051061e+01,6.324053735392325848e+01
7.319690494176694529e+01,5.396211456776948978e+01,6.305543182544693082e+01
3.467592234169044474e+01,4.185729058453375728e+01,4.093348647312582500e+01
8.545037281827814013e+01,7.892532721742391288e+01,9.051163301005601625e+01
9.439763082031839758e+01,7.526364926597912586e+01,8.812514227252165711e+01
9.116186539058988103e+01,8.461651971231522396e+01,7.718695307397180727e+01
7.431458283488515804e+01,7.982538857134669286e+01,7.690161696417563064e+01
4.827352076613416898e+01,5.017348157307786494e+01,4.226479135479436167e+01
9.000888174046029633e+01,8.001760656875045186e+01,8.490930396228083055e+01
8.364434605141748591e+01,8.560884030364177022e+01,8.411855262643609876e+01
1.000000000000000000e+02,8.457419665701556255e+01,7.816405102731016541e+01
6.731101106687270885e+01,7.288990626414340568e+01,7.194666253864184569e+01
4.076556302077004545e+01,3.049978739210261125e+01,4.144268272531130748e+01
7.305793848467807550e+01,7.699376595649039245e+01,6.660821516972902145e+01
6.741775794154912660e+01,6.471592045201660426e+01,6.400407851061531517e+01
6.889096350899890808e+01,6.980292990089593275e+01,7.211744816975001982e+01
4.508120757451523275e+01,3.822221842320981011e+01,2.823354964397873701e+01
6.618380792979297667e+01,6.617013535599889451e+01,6.208005050625031629e+01
9.166414823696996450e+01,9.423237367336949433e+01,8.563158448209951246e+01
6.276235515926111219e+01,3.700163940167933418e+01,4.056795772339958717e+01
9.975043691619507058e+01,8.818281978405397581e+01,8.038656289092602947e+01
5.489854049115903933e+01,4.482121957045199423e+01,3.854000125879790772e+01
5.156883287954510564e+01,4.455766305218158152e+01,3.970634243504803607e+01
9.416846330320142044e+01,8.072966912801945227e+01,6.385204372120684724e+01
6.873936853882746334e+01,7.196952731291629846e+01,7.902682394087860018e+01
6.807587466664094222e+01,5.800608497879704828e+01,6.492387851613221983e+01
2.947976715569797079e+01,2.895068854807380987e+01,4.393162071951672232e+01
6.591087694520419404e+01,6.788758971478944204e+01,6.250941078813355034e+01
4.419350274250216870e+01,4.221019343462842954e+01,2.869787292886106655e+01
6.480727798241889559e+01,6.221391503804189682e+01,5.682929958436687912e+01
5.731404709473959258e+01,8.182511626712400243e+01,7.353449621013402293e+01
5.973474211028316461e+01,6.166340958276744288e+01,5.498169408882552034e+01
4.436889464713957665e+01,4.194115417059089879e+01,4.445293332542043174e+01
4.711530765219620065e+01,3.920630611819159128e+01,4.319282564238602617e+01
7.790774951657819258e+01,6.764323962858699701e+01,7.567721017342402945e+01
7.025186149990079798e+01,6.578223200100677559e+01,5.519093415165279026e+01
3.210416195363142577e+01,3.562940513189866465e+01,4.143337419680699441e+01
3.068137522831167985e+01,5.607004308948111060e+01,3.232457797486505768e+01
8.720999169275103213e+01,6.928192529617956552e+01,8.657530872405598643e+01
4.291620030394241780e+01,3.419187921839218802e+01,3.775519642529548747e+01
1.000000000000000000e+02,8.045846952772767224e+01,9.839750589976952710e+01
8.847807815621824545e+01,8.127846557073281986e+01,9.411482823505203044e+01
6.403210601928732615e+01,6.907788818941787667e+01,6.430284110799209429e+01
8.731732249691502545e+01,8.872741190626518915e+01,9.620419432491353007e+01
8.042402042447615429e+01,7.390430904395410039e+01,6.215201775590222155e+01
5.828911372643172939e+01,6.155783951594388270e+01,7.129480196894500921e+01
4.431787613805080639e+01,3.443281690279967222e+01,4.597698590583820533e+01
7.745751250504146412e+01,1.000000000000000000e+02,8.289349899185815218e+01
5.983891423101144369e+01,6.421683786929646942e+01,5.763674953384022359e+01
4.407856566220894479e+01,4.441487017225033185e+01,1.666272095442347023e+01
6.338049460434389459e+01,6.420606071418421834e+01,6.690436987769263055e+01
3.226499126615492230e+01,3.427220860219539844e+01,3.147964504035552480e+01
7.893784465721948607e+01,7.487912709587337190e+01,8.509482454128146856e+01
5.283383283748010939e+01,3.973364208386450258e+01,3.070452474895930095e+01
7.018236539757717196e+01,9.164104015728463537e+01,8.738046005590867082e+01
4.484420164179447710e+01,3.790097495431866292e+01,3.864525994382907470e+01
5.019672532305071400e+01,4.499354491373884457e+01,4.719384857448887516e+01
5.760020725409496123e+01,5.853514509395748888e+01,6.927551722146921520e+01
9.379197634235283942e+01,7.713272768178605077e+01,9.033973572427231602e+01
2.450426453835667928e+01,4.533258134887626767e+01,3.214384464135759600e+01
7.170386168441838493e+01,7.152765727478927715e+01,6.977070800475304679e+01
7.427642486654833931e+01,6.982657104439429929e+01,5.946424579281357126e+01
6.832878940706827109e+01,7.035830948713011423e+01,6.819151147018520476e+01
2.766012313758751873e+01,3.290087982398036814e+01,3.228209245590926457e+01
5.293499518798886072e+01,4.104821692954735823e+01,3.198124815447359026e+01
4.528243855616639735e+01,6.991916492998397814e+01,6.225059611508412871e+01
3.024694065721913461e+01,4.033288278956811013e+01,3.893001742593058623e+01
4.165485853820634077e+01,4.196944225860347899e+01,3.755607289872082077e+01
4.683287285679806189e+01,6.257985908948616327e+01,6.208668503732474164e+01
5.589375694252397153e+01,6.838710627396429231e+01,6.801591416612551200e+01
8.778890735134150702e+01,8.384042379231378561e+01,8.513861020839011928e+01
1.635504940523944128e+01,3.002146024244665057e+01,4.896672521122533794e+01
4.392613367195055218e+01,4.960245006607457441e+01,4.231487325565689162e+01
8.301839777534051734e+01,7.614345352778987319e+01,9.987561401349641699e+01
6.543596461723713276e+01,6.826742650127243905e+01,5.552256159846768213e+01
3.851234658251161136e+01,3.429156814903716111e+01,1.878633332064638495e+01
6.753656361975076550e+01,6.792838237999342255e+01,5.652846649414806990e+01
5.063781501318539569e+01,6.307583060583121437e+01,6.294965112744620228e+01
6.157430653269569376e+01,5.728223547806882721e+01,5.244746604929292033e+01
5.075259966138835921e+01,3.342554480068318412e+01,2.360767095847842612e+01
3.985989010278719746e+01,3.322226433894910258e+01,4.707245080752240796e+01
9.014753964473077019e+01,9.541565231580825923e+01,8.566387558861835316e+01
3.445195068342175659e+01,4.664825486134379418e+01,2.926259866903274443e+01
3.104371299783579019e+01,4.358250973378168425e+01,4.046619464748357586e+01
3.215503351386062292e+01,2.250965403498454620e+01,4.863067931407952926e+01
9.217948166202725702e+01,5.728509289976041430e+01,7.858123843664040464e+01
3.480394007810937040e+01,5.508553332628471821e+01,4.128483991503553341e+01
8.372570455719868221e+01,7.578557595864904783e+01,6.982171163221514121e+01
4.424531940421975662e+01,4.353392171664725652e+01,3.513388782764928919e+01
8.528917829619722113e+01,9.254568452357783315e+01,8.795957892957301283e+01
5.438468663206193554e+01,6.901671224556758943e+01,6.256140678837140712e+01
7.983008486889320920e+01,9.181267083475405855e+01,9.606543752448524742e+01
9.161518661963481236e+01,9.463031231679859445e+01,8.419836808661247574e+01
8.025997995204693325e+01,7.511837075317666290e+01,8.246617494012109262e+01
6.499493202499388644e+01,6.448766647479179426e+01,6.304703905213369097e+01
6.708844315248070700e+01,7.457811057063715054e+01,5.136584902373361672e+01
5.845005650783297568e+01,8.134669536343022855e+01,7.569873096986354710e+01
4.218657005229499646e+01,5.791065333131538750e+01,5.143829961976334175e+01
7.812739360842761016e+01,6.221822212054419055e+01,4.614535116994670716e+01
7.683215770702720704e+01,9.926293065939833582e+01,7.678734338081503097e+01
4.372397419333023549e+01,3.191304865714946004e+01,5.203605374871381173e+01
7.040761568759232603e+01,6.777126501495200728e+01,5.428506738965963052e+01
1.000000000000000000e+02,9.420515361088580164e+01,7.190903724509330175e+01
7.646029557096579765e+01,6.566408742619005068e+01,8.021360835519351440e+01
4.238008856948444247e+01,4.709407243523790498e+01,3.608738025504860758e+01
6.963828363084950013e+01,6.257873439192156440e+01,5.356236969970230888e+01
4.587378799220908832e+01,4.917481404120036359e+01,3.327501034268684066e+01
5.142964389914256174e+01,6.314607290683496643e+01,6.484035484374277303e+01
6.524104823401307840e+01,6.359917022883480797e+01,7.406424654977314503e+01
8.337326264606635107e+01,8.663122108204935046e+01,7.919754535658998407e+01
4.140119533908618621e+01,3.905941393603264089e+01,4.435741917737689732e+01
6.286392368726532709e+01,6.213697511004633611e+01,6.497655659339791612e+01
3.754642169739250335e+01,4.083752023910501094e+01,5.357269346376680375e+01
8.430462989415894981e+01,6.079837398723754660e+01,7.811957514259637492e+01
7.139301431678465804e+01,4.846688589716742968e+01,6.105714669036890996e+01
3.352386034295520290e+01,4.790627522482127176e+01,4.953240650120115873e+01
8.262359137405702825e+01,7.694300908318116683e+01,8.353101357518222869e+01
3.905018151279706018e+01,3.958929597970563208e+01,4.934366652809887199e+01
2.728346005352824832e+01,2.341613251206966595e+01,3.106092709608313740e+01
4.402639067260959393e+01,6.703394349022542542e+01,5.104325734539535375e+01
5.023284697542114685e+01,5.965726354306109158e+01,5.249815994288641008e+01
4.983382064500945319e+01,3.567633219176994430e+01,3.806689906270103307e+01
3.898197352811769889e+01,3.862840134809765402e+01,2.967402770467505491e+01
4.021434754495550834e+01,4.848872206082063485e+01,3.449216871307364585e+01
7.264899239948441334e+01,6.625482422635479907e+01,6.640620199392036227e+01
6.268890126318148504e+01,6.455745147171802500e+01,5.854695109498252492e+01
4.456138003286807958e+01,4.430230533498473733e+01,3.827658512446022598e+01
2.831218714115887636e+01,4.368179738565031300e+01,3.186592340129178069e+01
6.686125924838482604e+01,7.960459908946116059e+01,6.692576232463839858e+01
8.442822726686166845e+01,8.146823919700095473e+01,8.746171958577649264e+01
6.624037005043979320e+01,6.691911584094526688e+01,6.054682228566633739e+01
2.359862319175181966e+01,3.961025278455905863e+01,3.325415783765703281e+01
8.376729266203406610e+01,7.065302387070026668e+01,6.132395214815022655e+01
7.303565055097553227e+01,7.315230624013287297e+01,7.232799318190674853e+01
2.114010032810147166e+01,5.504701045606279308e+01,3.882169349172353634e+01
3.761240859607914189e+01,4.698859361989091354e+01,3.588488784142363386e+01
3.420311158785820282e+01,3.316992621930070584e+01,4.367764764011990053e+01
7.497645495215405731e+01,8.762741620318296043e+01,7.756607149844093385e+01
4.373708702324202591e+01,5.114257479453575428e+01,4.013409965809557889e+01
7.589205335951695020e+01,7.839637529921910186e+01,8.292060760996270119e+01
7.957967306130449003e+01,1.000000000000000000e+02,7.929909675859532570e+01
6.957576015397646074e+01,6.748570561394328138e+01,6.337353177194142262e+01
6.693821591092168433e+01,6.567512406270941483e+01,7.986542093550568211e+01
6.714416030527547719e+01,5.424066556349002610e+01,5.975370241150439909e+01
5.478823158744276611e+01,7.977255405041128711e+01,5.182090549535217860e+01
5.375287256018342674e+01,3.690843390218866205e+01,5.298378758903504604e+01
5.879108567842200017e+01,6.487494308349356231e+01,6.469603517529867531e+01
3.605704841740478628e+01,3.618492781573377215e+01,5.238980446770289490e+01
5.844029120079118655e+01,7.342198598302906021e+01,6.037465974472321761e+01
5.136860750455826974e+01,4.749120333611718081e+01,2.763760043576994008e+01
8.890445212441990464e+01,7.930584279236362022e+01,6.494412040497905991e+01
4.339398509964151174e+01,4.015461938933911767e+01,5.120292733505064575e+01
4.037210536171792796e+01,4.051182169095083907e+01,3.701245626920388077e+01
2.842954116375909024e+01,4.394073241315897604e+01,3.735306878556446009e+01
7.270578671730937970e+01,5.631452457041800841e+01,7.195354669251103985e+01
6.404990220106073195e+01,7.975443338563836448e+01,6.292489188425007285e+01
7.234617893310661429e+01,5.907741528710522516e+01,8.207891266420031684e+01
4.922477084919205481e+01,7.696858231812259987e+01,8.228686414399302862e+01
7.560975809806141967e+01,4.971657050890615182e+01,5.257167506061178841e+01
5.935143409694138228e+01,7.256701670971698093e+01,6.844044112538284708e+01
8.982728108772380438e+01,8.663029648668590710e+01,8.748354182776186860e+01
5.021176706224743214e+01,5.175010995723665275e+01,4.023867029701310827e+01
6.307230137296703987e+01,6.107250601889702324e+01,5.892966845555487510e+01
4.350934533933607185e+01,4.748754113041253078e+01,2.268738502821543790e+01
1.925826787678185070e+01,5.644381486894894806e+01,3.284582396677155458e+01
3.773570255303213372e+01,4.420256774442441383e+01,4.178979326660963522e+01
4.709839718252266039e+01,8.176236942344556269e+01,6.387145978561718351e+01
7.246091735974388826e+01,8.377800628923341719e+01,8.994834835028859743e+01
3.141544538350148486e+01,3.647936262599601065e+01,2.942921291739063605e+01
8.675826876903677487e+01,8.463891521065805534e+01,9.446467340792578682e+01
9.118761040376602978e+01,8.694618964544552853e+01,1.000000000000000000e+02
6.728476829866238518e+01,6.344288966240771543e+01,5.619189972196717520e+01
5.868134934454675289e+01,8.404567621883009565e+01,6.976312235779812454e+01
8.184220077488531331e+01,7.098693906869974057e+01,5.677388480542906279e+01
6.393134456020762713e+01,7.475760365644748617e+01,7.227096706627573042e+01
8.021014401539211747e+01,8.392615147589296498e+01,7.767453043860990647e+01
5.793039860114555495e+01,6.757602578830825735e+01,6.783750979578449858e+01
4.740515697115274207e+01,2.418177019706109832e+01,5.083068437434485531e+01
4.135579096954608502e+01,4.799739215897591293e+01,3.278311089455159077e+01
4.676938770422290048e+01,3.642029089434814182e+01,3.659131543815147580e+01
8.069139105229884024e+01,7.197947300424766581e+01,9.146391663897325941e+01
8.227208035288728638e+01,7.636371584055571304e+01,8.122292753944418564e+01
7.506378750974360514e+01,7.410960642467151160e+01,6.048352930854403553e+01
1.777064286667159365e+01,4.979703486079843344e+01,2.541346285181768039e+01
8.543460057862444046e+01,9.086985829948177695e+01,8.472673748354698375e+01
5.860623833505347591e+01,5.213152080471522964e+01,3.754747502970353423e+01
5.808898900036175661e+01,7.607912400482082660e+01,6.789350172271088013e+01
5.736099314344676259e+01,5.341935488011413469e+01,4.565190204637708860e+01
3.263319681752697932e+01,4.684015459437823381e+01,4.511701127598321648e+01
3.054595902236302507e+01,5.222376942978412728e+01,4.368844782516111991e+01
8.071911754930815164e+01,9.649789945049620599e+01,7.321852942144090548e+01
5.951002425584439948e+01,6.045641482401797617e+01,6.069406752369121705e+01
4.654456074619588435e+01,2.881868895243857054e+01,3.230021917055131553e+01
3.682013332056455113e+01,4.044964522471321544e+01,3.774904006475438933e+01
5.189918631748690103e+01,3.782660493050165940e+01,3.078200926978585983e+01
5.004173522011120667e+01,5.929039061223581086e+01,6.440288998421600297e+01
7.372107203580578982e+01,7.768844425677120569e+01,6.689571731254493159e+01
7.525734305557087112e+01,7.404303593901640568e+01,5.739576951423845230e+01
4.597817640914764326e+01,4.045928057150526058e+01,3.106137918358979988e+01
3.482361888473018041e+01,5.024984451010057285e+01,4.926578135036766071e+01
8.927080554416777147e+01,8.161593071672814403e+01,9.491549642032217093e+01
7.695191211485342819e+01,5.608167542638300773e+01,6.161033321319460043e+01
7.276142105446960784e+01,5.862165853660484771e+01,6.063553447540123642e+01
7.302285579819989891e+01,7.755837072500591489e+01,4.796656822636210649e+01
8.793811971043398046e+01,8.583467996181785509e+01,9.509691008132111278e+01
6.457118633711631617e+01,5.602188730228775171e+01,6.687696132071722843e+01
6.576037650478070873e+01,7.565088953932196603e+01,6.620966308446007531e+01
7.680965843006640625e+01,8.221063817559907250e+01,8.125806265561912767e+01
8.718452962037538612e+01,8.414494503740590403e+01,8.950954214237810902e+01
6.474964152113335558e+01,7.659615179432513798e+01,7.232108722868252926e+01
4.605939054440304403e+01,5.706528414402659166e+01,3.950493411898084162e+01
7.560947970743663404e+01,7.172596293539176315e+01,5.723961598702382503e+01
2.911805249926260331e+01,4.312580020871116915e+01,4.436258609573648215e+01
2.947956312769936460e+01,2.867866581213989008e+01,4.898047896119479105e+01
4.079132383010488638e+01,4.805112382095799717e+01,5.829960000522517305e+01
3.913973004587148807e+01,4.443464003705912546e+01,4.184537841904500510e+01
6.801005520225871237e+01,7.209777596504953578e+01,6.762296705544800091e+01
6.250737258424966569e+01,6.981469073706931283e+01,6.712445824407818407e+01
6.666942819492345507e+01,6.095427838432679124e+01,6.383588056418227552e+01
4.434075570633567764e+01,3.235499866078881581e+01,4.350009798895895585e+01
3.009819353362177452e+01,4.569035747834919903e+01,4.466677652931682019e+01
7.015566870186628989e+01,6.835589268370790705e+01,7.174728683082079783e+01
8.720744953662838839e+01,6.738714198211286543e+01,9.458439088843149989e+01
2.882415907379859377e+01,4.415335550741153270e+01,2.869189432193844524e+01
2.468976212136859161e+01,4.830631943187054844e+01,3.564973756517821357e+01
7.879789495894232232e+01,8.565970117970041997e+01,8.632175127457421127e+01
7.026185377722136138e+01,6.447442089087644490e+01,6.023592544708103702e+01
4.375137321472842444e+01,3.846427406030009166e+01,5.252630839391187578e+01
9.690734402823346727e+01,9.878567078906384324e+01,7.786612748920371985e+01
8.954144032039486945e+01,7.833014498577620088e+01,7.435174005196560643e+01
8.841077415977193255e+01,8.903615565764582129e+01,8.173194130751483044e+01
9.537470585956003788e+01,7.674889999870799784e+01,8.905299057754716330e+01
4.860992125973108102e+01,3.323471173786122534e+01,4.266456298094604449e+01
8.640862459211834334e+01,7.768915140132176589e+01,7.957401452126458707e+01
6.373540116389679611e+01,6.349671892358943381e+01,6.412608527002402070e+01
7.432162526768719601e+01,6.265363582235671203e+01,7.327543508981631248e+01
5.044008391077139919e+01,3.423150308160965949e+01,3.781107956236300538e+01
4.957453367276899314e+01,4.081848267047088541e+01,2.616743082606198811e+01
4.703003302681428721e+01,6.546646429971909242e+01,6.276487337943832756e+01
3.878658701525370134e+01,4.473440815144806493e+01,3.196042048639765554e+01
5.393200869544705256e+01,6.130518895253030820e+01,8.111313272245936901e+01
3.790769190899405316e+01,4.140164685123578181e+01,4.467232327404261127e+01
6.029470341456730154e+01,6.499906360699451113e+01,7.091504707231212024e+01
5.159505400106037598e+01,4.732302148929893804e+01,6.530518808672657372e+01
8.407249071489879100e+01,1.000000000000000000e+02,9.126493771626829243e+01
7.627158485265567833e+01,5.588178194558313550e+01,7.076658477348183851e+01
6.635851926996878092e+01,5.362511057860091057e+01,6.996572584575790188e+01
7.993554667366102251e+01,7.250455145857806372e+01,8.895823256163984638e+01
5.732114075812538090e+01,3.153442318126345256e+01,4.205406944030334415e+01
7.423924662594158974e+01,6.399314445839541321e+01,5.315664663889020858e+01
4.301705987448821844e+01,4.377267846276710372e+01,3.253063372465678782e+01
6.658800879862567967e+01,4.405056469383806927e+01,6.473881966863710602e+01
8.838276633312602826e+01,9.431797589106209045e+01,7.763753884267609351e+01
8.208814459741901715e+01,9.698365090862859006e+01,1.000000000000000000e+02
3.531697198421565531e+01,3.703431692421516175e+01,3.276153997428462361e+01
8.723772502633495662e+01,6.777866785164974317e+01,9.069802973120839340e+01
8.967789226659829183e+01,9.192609985270409823e+01,7.864284351444415222e+01
4.643225013383786148e+01,7.165073096086629789e+01,6.200204890954924508e+01
5.485616430808562427e+01,6.576358149287652566e+01,6.501183992949478352e+01
4.225564693915325876e+01,3.441055651212136013e+01,3.928543677839412140e+01
4.571290998842640363e+01,3.052992722351844179e+01,5.314187441550103586e+01
9.180647509898683722e+01,7.617893905190288706e+01,9.067406916582315546e+01
4.527128467584697802e+01,5.760882511003674722e+01,4.198977808255215649e+01
6.761550730077020432e+01,6.374835757659803193e+01,6.786464035583449572e+01
8.452296739244398793e+01,7.018515961114154322e+01,8.199991888732699863e+01
8.491630576744128689e+01,8.765217052658326224e+01,6.389017395871853466e+01
8.955158350733938732e+01,7.963648252476384926e+01,8.508035760512457557e+01
6.816567074614884802e+01,7.867337197927315628e+01,7.556976626553752396e+01
5.785368492313396871e+01,6.321370340473379912e+01,4.935777335143603750e+01
7.980613313614573201e+01,9.208129334487755102e+01,8.839245020981525158e+01
7.239835042691444755e+01,7.930866415029885275e+01,5.488990205500694941e+01
8.822487951881065271e+01,9.380613512351524719e+01,8.808076242824195390e+01
7.117928118328090648e+01,6.054868682096718402e+01,7.727776754623735656e+01
6.524077562087910565e+01,7.413097683787536596e+01,7.756603689649681144e+01
5.760733464022544581e+01,6.345733780985696626e+01,6.873241692389879631e+01
4.593025413588017614e+01,4.727327681771101453e+01,3.078725173273635107e+01
5.746416272197591013e+01,6.526173529036994125e+01,7.266859882830506479e+01
8.907491790155017952e+01,8.699793732452894801e+01,8.397783001395067970e+01
8.342273061885691732e+01,9.569015485862603043e+01,8.565232923528981246e+01
4.136764281750004102e+01,3.909567703302892738e+01,5.206975698658062868e+01
6.717085570130068106e+01,7.427478167995465697e+01,7.294233860363507915e+01
6.586251781002299310e+01,6.681737736460384269e+01,5.345436555931161138e+01
4.058222055953239504e+01,4.946484326838455559e+01,4.905085721802654319e+01
3.642064684648258321e+01,4.999241734388933622e+01,4.034214052246367288e+01
5.518547737533408792e+01,6.087444712844347094e+01,6.247655482221697554e+01
8.302631961541821681e+01,9.878739370885739390e+01,7.243935511249026149e+01
5.341920036889878531e+01,5.831594772888395539e+01,5.857716116325047295e+01
5.619034130322457088e+01,5.531531867888116949e+01,5.481176539649207768e+01
6.847123322447683336e+01,6.254057367266747747e+01,5.921263782664594544e+01
4.983052002173283768e+01,4.321852313085292963e+01,4.887083321081306053e+00
9.107295249078597976e+01,6.606165751396423502e+01,7.337053816825950037e+01
3.656566903561969184e+01,3.892936113795973085e+01,3.598697154902477280e+01
6.992952103370177497e+01,6.812545900017991585e+01,6.207654514081066566e+01
7.026671569929288808e+01,5.901810564617336752e+01,7.053045544074207385e+01
4.523158256738352634e+01,3.810380901568186829e+01,4.572004648794858639e+01
3.440989264948147053e+01,4.630888895412176964e+01,4.657783452448285288e+01
8.747731125289422494e+01,8.333716695732698554e+01,8.398954952825191356e+01
8.042834123173463468e+01,7.031502314357199168e+01,7.338765244451522562e+01
6.610009844902387499e+01,6.981629199962007704e+01,5.127867197737103311e+01
5.126821188751478076e+01,6.557675840671804224e+01,6.551370457569046835e+01
6.560162451960334806e+01,7.977648186406089792e+01,5.390166700484439843e+01
3.692359911985666798e+01,4.529102551913366170e+01,3.486765823373723094e+01
7.081090280762802536e+01,6.774653499265622258e+01,6.732737518657535247e+01
4.491552098313979968e+01,4.504990662453717931e+01,4.384192922009412996e+01
6.153244433637538435e+01,8.191228509682201775e+01,5.954549547747657812e+01
7.030573111763426652e+01,6.230495261283873276e+01,6.528961576530102207e+01
3.814106208498583328e+01,4.205307504865223223e+01,4.142072893538873757e+01
7.637264432284364091e+01,9.125502074829833532e+01,8.862273160713853315e+01
6.968497588719144176e+01,5.071790558219477418e+01,7.500647457422820708e+01
5.060086190775241022e+01,6.027725012362683543e+01,5.328672720368454208e+01
5.945588540428117597e+01,5.517719895589269186e+01,5.166662451347687579e+01
4.440785828756536091e+01,5.670171229036122895e+01,3.401712938042471990e+01
9.065753922305069068e+01,1.000000000000000000e+02,8.987957122137561328e+01
7.816862996282821996e+01,7.084856732747732622e+01,7.602402054218040917e+01
5.972901217688847453e+01,5.752674510206405500e+01,5.448860239810069572e+01
8.388627829209490017e+01,7.798458441193243118e+01,9.224898270837039149e+01
4.723783320125119900e+01,5.210309339802828532e+01,2.665251206217165958e+01
8.059819351676753740e+01,9.103685297567264456e+01,8.270598469988902934e+01
6.965424354727697676e+01,6.707305675064635864e+01,5.945946789376536401e+01
6.884194667325377281e+01,5.809639186460959337e+01,8.094265635397209735e+01
4.146587549777525084e+01,3.020424774623599973e+01,2.905472640603468193e+01
5.894934063445089123e+01,6.362158916169454415e+01,6.161913504089874039e+01
3.740812179602855991e+01,3.836744387961252301e+01,3.606675508027612409e+01
4.456160723129673329e+01,5.130086320508985409e+01,4.749573233531473448e+01
9.953768668951070708e+01,7.400122835836101842e+01,8.467267701046991135e+01
5.795496668198461521e+01,6.284159104421912900e+01,7.281525811321839114e+01
6.834489677034461863e+01,7.283614080709756422e+01,5.813902121471495121e+01
8.287339744660840779e+01,7.096932186794326469e+01,5.779558752301045388e+01
8.089062674931267338e+01,8.861771331329590851e+01,1.000000000000000000e+02
8.857532771500535773e+01,9.347851996849668410e+01,8.825865171269282428e+01
3.836512450770973714e+01,5.410793848447794119e+01,5.675023080658174024e+01
4.483799923151839550e+01,1.915369129978219220e+01,3.807600833214084446e+01
8.800738687079437739e+01,9.283510374949329957e+01,8.943964687871370245e+01
4.665287485625434982e+01,5.572078049777973519e+01,7.125931325008262718e+01
6.261802460712400631e+01,7.472292776255214619e+01,6.456507448885228939e+01
8.606254714497130465e+01,8.270316915654977663e+01,9.040548308675542444e+01
6.507469374301174980e+01,6.668295503989692463e+01,5.280137613372862404e+01
3.310752895297752474e+01,3.660675793415245494e+01,4.419912291453595543e+01
6.981724350472066476e+01,6.704416527527604330e+01,5.455505942471775427e+01
7.928463327622765178e+01,6.901922793933077571e+01,7.038987686484580308e+01
6.763385549054349610e+01,6.696334319893884413e+01,5.652535572057461621e+01
2.590546431251041781e+01,3.723070345092241240e+01,5.011823877640028257e+01
7.683172587492121863e+01,6.906415533169094090e+01,6.313497985709548033e+01
6.927590363862066170e+01,8.042458264174248939e+01,6.902151307245821954e+01
4.216388308888159031e+01,3.272801844389026371e+01,4.334799259640307412e+01
6.502643547267018675e+01,4.862019605828549373e+01,7.179403657045715192e+01
5.806591800514386392e+01,6.955491804321478355e+01,5.480135444691225644e+01
6.773919678360741159e+01,7.351049341300405615e+01,7.312576149583394169e+01
7.140065070209385567e+01,6.028105043594144519e+01,7.400710576329801427e+01
7.330532663731629839e+01,7.805210294934602189e+01,1.000000000000000000e+02
6.941121592686651809e+01,5.373290606603418951e+01,7.534664660645957213e+01
3.407860716564618286e+01,4.922066063121113899e+01,3.241858397726098673e+01
8.237106448108184509e+01,7.959474228080048874e+01,7.326249386941411501e+01
7.327532509275079065e+01,5.992712025553740318e+01,7.064407585026830816e+01
6.299929923484391736e+01,7.219913060971265395e+01,7.384535030659348820e+01
2.506351855284028218e+01,4.448366219967044088e+01,4.425740927876123010e+01
4.254687381259786605e+01,3.889694248846210911e+01,4.059941662852980926e+01
8.640873943354911546e+01,7.089272931284742185e+01,7.962431214696125892e+01
6.667655798018492419e+01,6.558100682775379653e+01,6.056549831029465736e+01
7.086951785122428760e+01,7.043483342693056670e+01,6.127119202647354967e+01
6.516486965428362055e+01,7.447005537061779989e+01,7.718076308683784248e+01
8.276821437180095131e+01,7.105498864907566769e+01,7.390025480289966708e+01
4.375472772971350821e+01,4.005136190819482067e+01,4.652536273897573693e+01
2.826363803687207366e+01,5.703397689622638467e+01,2.970061934980775220e+01
9.715130386588306521e+01,8.821478200248016321e+01,9.508890401845863494e+01
5.154635243016323898e+01,7.357267353403680943e+01,5.838869645690878230e+01
8.138738803764810825e+01,8.030462224599114052e+01,7.910941006897637351e+01
3.963390348045489020e+01,4.103973033692797401e+01,4.028503770792453054e+01
5.166536645983287457e+01,4.056108414692901931e+01,4.644880173440108706e+01
4.870050795447637881e+01,6.189067290202095251e+01,7.584383519690840103e+01
8.336397954861966753e+01,9.384266035076792889e+01,7.034857884923985694e+01
6.291335910206701243e+01,6.744424807005133005e+01,5.465703816791400982e+01
7.781168026829665507e+01,9.112915675939393623e+01,1.000000000000000000e+02
9.143695312724000246e+01,7.772675310423900896e+01,8.123016730887039216e+01
4.957071588296197717e+01,4.060319634516849874e+01,3.865700744458951021e+01
3.817507854627488229e+01,3.398132130026544928e+01,3.764906482021130074e+01
6.361540113334579161e+01,6.468275776374704833e+01,6.819171410167632530e+01
3.476083486952022383e+01,3.327611870136864525e+01,4.017358536847932982e+01
8.828287642632830057e+01,9.617089188142394107e+01,8.445396553129506856e+01
7.139991562907533762e+01,5.845279609702630808e+01,5.707046020806799902e+01
4.538389939331581502e+01,3.637705051696691783e+01,3.170199242987501975e+01
7.990442038663871926e+01,6.685820980100488953e+01,7.013147634793540419e+01
5.068838877806960141e+01,5.357353389785964026e+01,3.181640057455430082e+01
9.812146343652844394e+01,8.675989349363572956e+01,8.566781854965577736e+01
3.180590132512909207e+01,3.924703148345744808e+01,4.402920230019243064e+01
7.095861067894819030e+01,5.886424224527867466e+01,7.507124551452655226e+01
7.066023446397382202e+01,7.102177762789695237e+01,6.711695205382794427e+01
5.445576451297791465e+01,7.312245026099853362e+01,5.505852045262079741e+01
4.660898834922210909e+01,3.555179287421896817e+01,3.952477815461859478e+01
4.281405126719362642e+01,4.042524278062293774e+01,4.000067514473131070e+01
7.689296031419483768e+01,7.086453499561447700e+01,6.292495550921233161e+01
6.061192165105941854e+01,7.073110592680042430e+01,5.596381526054431532e+01
5.320742345784999827e+01,5.378932576626637285e+01,3.856384629373919637e+01
8.957477514040859035e+01,8.751730743328454309e+01,7.578676141350413786e+01
3.465383995755761504e+01,4.205427025211085379e+01,2.663152732129236000e+01
8.678605135114676727e+01,8.280157247833653855e+01,8.523724832566685450e+01
8.495489045806951367e+01,9.576652776428292668e+01,8.875637128389234931e+01
7.317841878953862533e+01,5.864745038561365931e+01,6.084531815921923226e+01
3.775413279319430160e+01,5.239912452903300988e+01,3.651415929466608645e+01
8.136328165001076229e+01,8.184748431239890465e+01,7.168215514268888455e+01
3.440866930074662378e+01,5.004326168389313523e+01,3.543533838517079460e+01
5.202264291031615073e+01,6.986412348490284785e+01,6.589403757953168395e+01
4.759743922253087334e+01,3.371753925891413672e+01,5.388018399819100779e+01
5.875884332684809408e+01,6.571122268972345637e+01,7.266616323204259231e+01
5.900356691048290259e+01,6.343897244715063977e+01,6.319654120533293451e+01
4.361383476498812684e+01,3.622736832280654085e+01,4.101893843718584520e+01
6.487676850359451919e+01,5.599426767041420305e+01,5.963415275186076769e+01
7.305973386932660674e+01,6.615020534610977165e+01,7.704755299183185002e+01
5.472533004698252057e+01,4.209440069944746199e+01,7.234689709623805243e+01
3.519442697784530338e+01,4.471968676290322975e+01,4.578610447859015409e+01
7.474969820837553414e+01,8.606068296038777987e+01,7.530231251987957819e+01
5.441822139995366570e+01,7.199660823744312665e+01,6.426345004224732804e+01
6.694375742384679029e+01,6.483998810122629664e+01,7.720896647019752379e+01
6.211575922056606913e+01,7.978439032728442726e+01,5.975160647679679471e+01
5.048958122333704779e+01,6.514520422356372364e+01,5.535683205671088558e+01
3.813973440442619278e+01,3.872643012329295686e+01,5.037843008384400889e+01
5.959482401159253584e+01,6.247776097329690259e+01,6.990246544660740824e+01
4.928074277314840401e+01,4.836841800838319472e+01,3.624107800624341991e+01
8.871431101957332999e+01,6.630350695775904057e+01,7.289119350885377457e+01
8.823614150587808069e+01,8.167460950609840609e+01,9.077594678948653950e+01
4.015192949312086768e+01,3.972256599985128389e+01,2.491541676445223530e+01
7.812678732978029927e+01,6.718044731727775343e+01,7.128233162193504313e+01
8.626357600221930966e+01,9.950557659737283700e+01,9.381148022872238812e+01
4.661802120912401648e+01,2.751706020845523426e+01,3.947336969060861378e+01
6.212730077522085281e+01,6.421174706212437400e+01,7.054897783736866756e+01
4.007641829005477518e+01,3.119547733575878823e+01,2.612491390040879224e+01
2.976127233887983436e+01,5.345453295440658792e+01,5.383196272708562446e+01
6.316723627627227700e+01,8.051649085958959517e+01,7.334106981381093249e+01
4.439470334757199055e+01,2.347084155983081288e+01,3.742952071569693828e+01
5.364873406502111663e+01,4.895600544642333318e+01,4.237532696588890246e+01
8.417693371625446730e+01,6.440901785967123772e+01,6.291576348963034349e+01
5.804730112418069155e+01,7.193469581729077333e+01,7.617936121730055277e+01
4.999218157498795989e+01,4.550153748094225392e+01,5.572901977100472237e+01
7.698096874722901362e+01,9.160990749795470833e+01,7.342702509948659895e+01
9.912589182793043108e+01,8.774969127433487870e+01,7.162690774846284114e+01
3.309759984341383898e+01,4.646838199681614867e+01,3.551640952164501641e+01
3.716918383304118834e+01,3.606226517459514014e+01,2.833495550688907727e+01
5.652409657313651792e+01,6.765482981423927811e+01,7.457708338021723193e+01
5.867945799345629609e+01,6.479480535151547826e+01,6.211507098564920426e+01
4.792853352665199651e+01,3.325750182225911544e+01,4.798774323698399513e+01
4.310162513009611729e+01,3.866457655913147562e+01,4.653420693760632787e+01
5.971117026485023871e+01,6.606415196546936386e+01,6.695013448153945035e+01
7.001152068849255272e+01,5.920370052785603576e+01,5.653903684299545063e+01
8.344777488439295610e+01,8.793922854023058733e+01,8.698729538653510929e+01
6.011314376486370037e+01,5.769442850891827845e+01,6.090963888288334971e+01
6.500273511262618342e+01,5.446818556990527327e+01,6.841142523300797507e+01
1.000000000000000000e+02,8.540195518566596888e+01,7.701231981224785272e+01
7.006841914216259681e+01,7.076567784002709516e+01,7.001334857282627411e+01
6.606810704312970017e+01,7.186747564637185803e+01,5.404253758050566603e+01
2.836297922371117863e+01,3.326831877524281822e+01,3.780116716775612673e+01
3.086449419086076773e+01,4.005071249889815022e+01,6.078138981276666186e+01
8.563110846938317877e+01,7.411704652768159463e+01,8.706717632827853492e+01
6.823430769811837138e+01,5.808032404733269516e+01,7.574876321061940132e+01
8.361210321760890452e+01,9.061951099612893756e+01,8.682059872656458310e+01
4.678793479261280908e+01,3.730170393726434241e+01,4.991822646885627535e+01
4.841226914673046622e+01,7.773503708657290190e+01,7.277770003375991337e+01
8.105334604460547610e+01,9.463858564270810803e+01,9.045668523847959364e+01
3.497889746688625934e+01,3.540944637365635828e+01,4.329504094027098660e+01
3.298511377465929684e+01,3.924589956597954199e+01,2.593817286914694975e+01
6.771550708253987239e+01,6.159297013093682693e+01,5.333015499757770073e+01
3.941930442154226455e+01,3.945138024753052264e+01,3.927991792861104159e+01
6.002980788981958682e+01,7.037186630690445099e+01,6.652019946145284734e+01
6.847106848040364468e+01,5.661950439481615405e+01,7.008972070467483206e+01
7.863504383973614154e+01,6.739673707560508831e+01,6.298417104892154583e+01
4.956787342705415256e+01,4.258327384323778375e+01,5.196565376944023029e+01
5.570928226469829525e+01,6.695703027903881832e+01,6.917148839811335392e+01
6.272633298442781324e+01,8.550207217955318129e+01,8.844005555595154533e+01
8.791251351570456052e+01,8.020854999173263877e+01,9.293545570816995394e+01
8.461176418123955045e+01,9.360362242513514275e+01,8.532385187336316790e+01
4.854777244791230828e+01,4.186302416109734992e+01,4.187520714158956991e+01
4.574678309515330454e+01,3.931514161807081820e+01,2.448997898397179540e+01
8.517070838916259845e+01,7.717980319740506445e+01,8.283506612005659520e+01
5.228791022232529428e+01,5.406301173990774345e+01,5.351498820399582002e+01
6.558575162455817065e+01,5.946103344111635636e+01,7.141908123944403997e+01
6.582307605781119264e+01,6.325673185347024230e+01,6.151715229023357523e+01
7.126760428503996536e+01,8.644038332777066103e+01,8.393499791246667030e+01
8.147692272483786269e+01,9.403233066613077540e+01,7.594948032781742597e+01
7.559724541238905715e+01,7.798443390946842158e+01,7.590118194405795293e+01
4.373341438464611741e+01,2.950048918239581042e+01,4.341559688631348024e+01
7.600815722225219417e+01,8.350417455464875616e+01,6.745192158145638928e+01
4.127773107516431850e+01,3.964925895180031290e+01,3.172187247559531187e+01
3.849004629591018301e+01,2.804710131424977249e+01,3.957474809544191885e+01
7.940435467525762192e+01,9.503902487943501853e+01,7.853992922056616521e+01
6.868220569728570979e+01,7.029807900616322058e+01,7.137635357518415447e+01
4.679092738108351313e+01,3.871698691243789625e+01,2.872037207988444152e+01
8.230131780461113067e+01,9.510833590681315286e+01,9.055741749694961129e+01
7.494720844033210483e+01,7.199794434681138000e+01,7.144587311572733768e+01
4.326182695694431146e+01,3.743567697329961419e+01,4.629986163508419850e+01
6.998468586812680314e+01,6.403059622899158398e+01,7.129489791873808713e+01
8.521331643645024201e+01,7.697805048659158444e+01,8.906894231942493434e+01
4.557990649536800021e+01,5.821944358844878309e+01,4.776805068767350804e+01
8.295135237091572833e+01,7.634922917993577585e+01,7.145182436051425157e+01
7.866370554728591458e+01,6.927974644752333688e+01,6.087741417169724656e+01
9.165692229907458000e+01,7.667617892514159905e+01,9.227745906955978228e+01
3.446331074697304331e+01,3.804701782597904725e+01,3.983924361299362715e+01
8.501806317364479071e+01,9.724989123648904865e+01,7.464534745346389855e+01
5.487839971984421084e+01,6.580367416666315705e+01,6.180363909666387912e+01
3.788578324693160226e+01,4.860615594965720732e+01,3.642494078713619388e+01
2.861392940517187355e+01,5.030904545340673195e+01,4.119862158828555465e+01
6.317071693461350179e+01,5.879903421108974726e+01,5.795670288378971691e+01
6.325969209188842513e+01,6.567960980236496482e+01,7.199392210263434322e+01
7.409124456328785868e+01,8.460065850956762290e+01,7.128902475521758220e+01
3.642273874136042622e+01,3.960352929958733625e+01,3.907600896560852277e+01
7.046894013240746801e+01,6.666998694251128654e+01,5.762252868231931302e+01
8.454925676980467131e+01,8.955223736825128356e+01,8.687877189306557568e+01
6.308811530256084410e+01,6.498681054081002628e+01,7.059411604766819437e+01
4.505527733246339039e+01,4.143649899018324589e+01,4.595121498971589347e+01
3.942401126048169147e+01,5.007764682304324566e+01,3.904777194719899569e+01
7.745585068392558981e+01,5.111569989312965845e+01,6.247557049337984836e+01
6.855657791392292211e+01,5.863151614539907541e+01,6.577988250391770464e+01
8.015809914882869691e+01,9.094076478417333931e+01,8.733436369264246935e+01
3.252608748681632278e+01,3.277172442738982028e+01,3.939382818832140742e+01
7.375175042268611492e+01,8.143459295949948284e+01,7.390406467604324803e+01
7.826106219123884955e+01,8.247548810988917012e+01,9.129747280490360595e+01
5.144879332471438005e+01,4.225446838946841410e+01,4.462523933491617356e+01
6.449528837853112861e+01,5.500942934571133236e+01,7.828303055178378145e+01
3.707394624761975876e+01,4.675656687773183506e+01,4.228164741092606249e+01
6.800804814403625187e+01,1.000000000000000000e+02,7.439318758452553482e+01
6.310145543146752090e+01,6.820122371109366100e+01,6.724491901561385987e+01
5.994701504046439311e+01,6.141634771799714088e+01,6.086802865672936491e+01
4.950679936484279153e+01,4.283696928620017985e+01,3.812056457401381948e+01
2.515717193158204168e+01,4.539777649000191673e+01,3.547849577415291122e+01
6.171367590079567123e+01,6.506259835399569624e+01,6.496540219725420684e+01
7.876404171684488631e+01,6.352420971941827332e+01,7.764597367056246924e+01
1.000000000000000000e+02,8.297406353640629106e+01,7.361782531157602705e+01
7.524530562165512038e+01,9.277639666046742661e+01,8.582053744524290551e+01
5.772349699001825485e+01,5.045536493118822108e+01,7.049608766489905065e+01
6.505408849110685310e+01,6.385588381554206450e+01,6.193914217082406282e+01
8.804769485743071300e+01,8.224719193877653822e+01,7.767500935535343842e+01
4.083890612753508975e+01,4.361784599316730038e+01,3.922032699589244942e+01
5.008749858850387682e+01,5.094325960576776424e+01,3.318272955227524790e+01
2.842443582859518969e+01,4.453347125576868848e+01,4.977177760166056686e+01
8.731281107943718212e+01,1.000000000000000000e+02,7.135876266139781876e+01
7.543971652930181904e+01,5.723455727718533836e+01,6.039903465425071971e+01
7.197947335361273247e+01,5.394936435294650323e+01,6.860620084577327304e+01
5.954603970771498922e+01,6.623476101173248765e+01,7.165700490672298884e+01
7.110185658546272691e+01,4.753747723558289806e+01,6.815948970263558238e+01
3.381444433888987788e+01,4.865179139484481396e+01,2.316475438186637703e+01
7.492584260247620875e+01,7.077129898847434220e+01,6.145643615752123168e+01
7.559987482923354207e+01,6.518533085047862130e+01,6.095077399401121454e+01
6.189892503858869333e+01,6.758766796087498108e+01,8.763375329766802224e+01
1.443770652351359729e+01,3.943887238610275858e+01,3.342762848405251930e+01
5.553595038143205898e+01,4.590557354525188316e+01,7.718612103602687569e+01
8.293100319756888439e+01,7.202437879409018251e+01,9.340327983668238687e+01
4.328294962137230328e+01,3.623993024787721851e+01,2.884707324997268429e+01
6.811760712312428723e+01,8.374306846460849840e+01,7.198054944732564309e+01
8.741628842467231664e+01,8.760402845743250566e+01,9.020605086412003004e+01
2.707473328543457569e+01,4.385653468420419898e+01,3.581825043064255709e+01
3.398377022030752670e+01,3.868124494736188268e+01,3.306518112061316117e+01
7.662639860482899223e+01,9.230024445828871649e+01,8.834936030705912913e+01
3.258773511074279838e+01,5.187935029387080732e+01,3.153375159329890209e+01
5.293302331483676682e+01,6.255948753636045012e+01,4.948782311323999750e+01
3.701188802255322230e+01,4.388242626450512773e+01,4.418275008599223952e+01
3.877159742263969378e+01,4.422414943755617855e+01,4.251172121999371711e+01
7.934722524974681335e+01,7.896906881457273641e+01,1.000000000000000000e+02
4.009161033336523872e+01,3.760588236891794622e+01,3.187945675416947111e+01
1.968633666003469074e+01,4.638287360223415590e+01,3.629004049761970663e+01
8.386753970752046428e+01,8.273166094861750253e+01,8.954529705535628636e+01
6.844620622167161628e+01,6.493023459829574051e+01,6.776719317019335165e+01
5.475959860358595677e+01,7.367487965061560828e+01,6.384143137592282358e+01
7.919857173200215072e+01,8.983225979963918917e+01,9.360286265042078924e+01
4.066174561490551298e+01,5.128129596241548427e+01,4.247530271807939783e+01
6.950603377797985161e+01,6.871333074246727790e+01,6.420624988949164447e+01
6.159886291212982456e+01,7.259646239235866005e+01,5.999723365782782736e+01
3.588949213275221695e+01,3.648221598813408661e+01,4.889611678509435677e+01
8.721937290555109712e+01,8.875576776798236267e+01,7.898860938284040856e+01
3.887939647020031231e+01,3.219810950597891974e+01,4.388924248061106681e+01
5.472299904308121654e+01,6.995508513668657713e+01,7.104589319994363450e+01
6.486821305561996098e+01,5.560047928555098906e+01,6.438571699619812705e+01
3.795488235961763479e+01,3.713975913156372144e+01,2.905796880962352446e+01
8.357133991405738982e+01,9.191590322636896815e+01,7.720143218487456238e+01
6.237081907288396110e+01,5.899075305039156092e+01,6.716051049266098971e+01
5.693597998740386146e+01,7.209581078589626202e+01,7.189502111751872349e+01
5.862347878520256472e+01,6.076903649943879770e+01,5.172931218670510134e+01
4.640334686332171543e+01,4.252465003357890083e+01,3.742501831848043992e+01
3.972420107972293835e+01,4.043002050392401969e+01,2.275193595152496684e+01
5.147773670396971113e+01,6.466501343915862776e+01,6.513689622757637210e+01
7.178207591662150833e+01,7.625951291133782206e+01,6.698548227273725786e+01
2.089886233207286992e+01,2.252522654137661817e+01,5.438553927982810166e+01
7.705949334381155325e+01,8.919062408518382767e+01,8.271164264995452697e+01
7.178967739152234628e+01,6.314736576849554694e+01,6.336325620290707406e+01
8.222112191882551713e+01,9.565349441229714955e+01,8.651374063501680212e+01
4.185961156175923037e+01,2.951826885026693503e+01,3.550342499911904071e+01
3.314258876978055923e+01,3.992852905686423526e+01,2.619716590393836952e+01
6.194282887195533505e+01,5.547856261800178856e+01,6.631960468861853997e+01
7.825468117817133873e+01,7.725018682709520590e+01,8.237999146539048922e+01
4.017481716418754445e+01,5.281423113056732177e+01,3.808515498021580470e+01
8.685346971076084799e+01,9.605880012817732450e+01,8.591884362221672689e+01
6.510895534651993444e+01,5.763602121750299290e+01,6.133417729006655605e+01
8.932929811902803863e+01,8.990135333521169514e+01,9.539739261546495186e+01
9.485019327690562818e+01,7.704351182364369777e+01,7.210347680825175587e+01
8.986702892145517296e+01,7.580634118778959873e+01,6.932412828036525809e+01
7.293966620805193202e+01,7.373648333424074508e+01,5.757499870753751736e+01
6.591480806123021807e+01,6.624200260032779397e+01,6.728597557433002407e+01
7.866410901804964340e+01,5.381405752987193125e+01,6.276426025248503748e+01
7.641173329698642647e+01,7.918362443319591648e+01,7.300568838907911129e+01
8.850842387778489240e+01,9.164411934888234157e+01,8.819250322257866515e+01
6.651989664021714077e+01,7.410578448042102195e+01,7.822031029303242633e+01
3.821742259394230956e+01,4.910365415520038823e+01,4.014715372457055764e+01
6.504948335182763230e+01,6.796020787558570930e+01,7.669208253886368709e+01
8.635651458366662325e+01,9.862611431243092852e+01,9.232221101796440621e+01
8.620865485903776460e+01,9.271294382965163550e+01,8.279755727271057708e+01
7.459789908514184731e+01,7.091671309137443302e+01,5.146206718777261813e+01
5.303149558099192973e+01,3.223880384278869826e+01,3.289843475428352093e+01
5.490072749997360546e+01,6.267431190796156670e+01,6.677184731475840351e+01
4.185025618194691788e+01,3.760529673798622241e+01,4.537691452077149279e+01
5.594460439483422931e+01,6.076738638829270656e+01,6.062831508377100675e+01
8.689547200633417390e+01,7.584906994114457746e+01,8.938266595713368190e+01
9.411387349051841511e+01,8.253326604448838566e+01,1.000000000000000000e+02
7.320006255119662342e+01,6.934949912826414220e+01,7.643649918038259727e+01
7.483136892189627076e+01,7.471213000747248145e+01,7.028093098277082618e+01
8.258215160725931980e+01,8.857977360225075358e+01,9.520635265883720422e+01
6.130033649572465038e+01,6.648028837892243814e+01,6.624118502581144696e+01
4.497952837407571991e+01,3.076318469382600540e+01,4.225463699534891049e+01
4.470912121389922333e+01,3.929674810104628335e+01,3.224481137809103615e+01
5.465088701888087996e+01,6.262694588601599577e+01,7.984847905053362638e+01
5.220406239527279979e+01,7.201265266186199199e+01,4.490273675094898209e+01
6.389456208101682932e+01,5.417722199616033407e+01,5.131558003051972605e+01
5.020602815767698246e+01,6.335190443698534324e+01,5.593276559973719486e+01
4.552388283254214230e+01,3.658197882930772948e+01,4.126831752861371427e+01
3.612664453333137260e+01,3.737861524510431366e+01,4.802206260243683289e+01
7.924990710408989969e+01,8.718184853667850120e+01,9.580725147789652851e+01
6.799411158783036058e+01,8.414654698261942656e+01,8.659224527239581448e+01
8.388109799726028371e+01,6.007773509788526667e+01,8.199262068943151860e+01
3.571466183014347706e+01,4.106973446197209654e+01,4.583541067145738168e+01
8.869225987406302636e+01,7.994203537057241249e+01,9.526347046822884579e+01
2.936438548270073667e+01,4.455838358964613377e+01,4.825219019994960945e+01
4.613959366995545963e+01,5.116617722249800693e+01,4.582454820345380142e+01
8.509636820044423189e+01,8.054921214925403206e+01,8.022132325626300542e+01
3.395918994566901006e+01,3.022993117735703095e+01,5.460590469501675415e+01
3.145134341854104321e+01,4.171047763709865563e+01,4.005892750280298031e+01
8.189443325659316031e+01,8.889804455365568003e+01,8.115210413278919077e+01
8.222863422528031663e+01,8.490782707590723533e+01,9.808121275213747481e+01
6.135025718309431397e+01,4.608094552455102644e+01,6.436070604714798549e+01
7.460908492188997343e+01,6.296340941410969805e+01,6.485890679974180273e+01
6.508665648383397695e+01,6.406836017027519858e+01,6.986498319329660944e+01
3.605945198430593734e+01,3.453726980427583015e+01,3.409857457772402256e+01
4.295764740511304325e+01,4.534734148228807271e+01,3.464254857542237431e+01
6.767721902372245779e+01,6.159594244641897376e+01,5.353527194557069890e+01
2.920322567210884301e+01,3.626835716283120092e+01,3.361221013784025757e+01
7.266398368171410027e+01,7.998939170726194448e+01,9.259117843794562930e+01
5.224318241163126686e+01,3.617678768181253446e+01,4.313050880341876336e+01
8.794370027481360808e+01,6.921538414830001784e+01,6.609433404865835371e+01
3.237539707816017653e+01,3.537325900110764110e+01,4.383299374370468371e+01
6.861837668889680231e+01,6.312061243294401436e+01,6.097223835283389803e+01
3.742681321086428170e+01,4.159016541990974503e+01,4.598401810188718031e+01
1.000000000000000000e+02,9.087050728857555271e+01,8.338119903402389355e+01
6.847987681705434682e+01,6.484288830003966098e+01,5.634256627015051322e+01
3.471144723354287720e+01,4.400868346097972506e+01,4.852782103794507407e+01
8.657864462989495280e+01,9.216006106480188009e+01,8.396854543246743674e+01
7.235991076441170833e+01,7.035046806014618426e+01,6.778975780391579065e+01
6.264468063553345445e+01,6.030863444832630194e+01,5.989615403174994412e+01
3.277994794845366755e+01,3.756021425029520344e+01,4.983500574120083115e+01
7.247240235289734755e+01,7.144005986925020579e+01,6.259680453631104058e+01
7.032151098396184352e+01,8.665028396783868914e+01,8.766098406170969781e+01
6.232710067592709180e+01,9.097406735430691072e+01,9.193554761513499329e+01
7.421847883326819328e+01,8.234327059784079950e+01,8.037430979216013327e+01
8.730750973255014458e+01,7.971919934233298477e+01,9.184112700086087955e+01
6.223956237477285924e+01,7.182269171870593993e+01,6.728158361995022574e+01
6.778133111638182129e+01,5.640650442429914335e+01,6.938298855572053014e+01
4.904750237004019908e+01,3.754342352917993253e+01,3.205670100882174012e+01
4.249299804539678860e+01,3.154132925218667793e+01,5.298011310469134116e+01
5.031943758894593088e+01,2.612310802450243585e+01,4.143717344624042909e+01
7.889879925426029672e+01,6.207956525707620443e+01,5.247050583263618506e+01
7.113629769310216489e+01,7.378451162016699527e+01,9.245558552218008685e+01
7.447654032713002437e+01,5.258122523712623320e+01,6.852831282650832634e+01
6.707805383645857944e+01,6.612212197826006843e+01,5.944807079076500855e+01
8.398226719303902144e+01,8.179116018107468733e+01,7.039196471701576741e+01
5.159147219800682649e+01,6.240068748731461312e+01,4.606525009419678440e+01
5.249150561442858987e+01,3.097775388086628823e+01,3.696154790568083826e+01
4.819279071872819742e+01,4.231908380734720510e+01,4.125786274748954696e+01
7.051046307639576582e+01,6.552369100446644268e+01,7.995066538520846677e+01
8.586849034788812673e+01,8.246663701322870565e+01,8.639407229539720845e+01
7.396710130448904863e+01,6.174258655658726269e+01,7.879680885194639473e+01
6.744431962985385098e+01,8.304100939606082932e+01,8.652057296395298636e+01
6.934980923830941890e+01,6.969611204123498283e+01,6.094183808952772807e+01
6.739572419083198440e+01,5.682509846539650056e+01,6.893152235891577106e+01
5.284490329553882759e+01,6.572960385422619822e+01,5.610454446809976048e+01
8.024277283573829322e+01,5.153186460311484041e+01,6.471746115050362391e+01
6.386214472267101172e+01,6.923910413247251938e+01,5.587506145603838092e+01
5.657852662306774505e+01,6.708809210398480616e+01,6.063798825065952514e+01
5.391114178383239164e+01,6.013385940230001125e+01,5.799754895648222686e+01
6.961179311864701447e+01,5.959157757756612028e+01,5.864477282079607789e+01
8.984153379952712726e+01,8.887310381675422377e+01,8.645459879230054412e+01
7.919748273269964045e+01,6.604491518063443323e+01,7.110647340401995109e+01
7.072253992143478740e+01,5.860389051921099934e+01,6.036862893964862309e+01
8.758001621733561137e+01,8.754982904053987625e+01,7.844972018519393941e+01
6.280774189739425140e+01,6.424889195289193822e+01,6.941302449672271280e+01
6.523187085229061211e+01,5.679357447500845524e+01,5.953410664565605259e+01
6.032319609872957500e+01,6.535894713462495531e+01,7.850611867552537149e+01
7.697656436170785810e+01,7.411387980089996574e+01,7.711314279095013546e+01
6.923609407269361782e+01,6.280254856836305066e+01,6.566312449135692475e+01
3.455256364476846898e+01,4.978033070939224558e+01,3.876376414344958476e+01
5.783418888444778361e+01,4.796392226356254440e+01,4.776911205458328880e+01
7.178697123452947437e+01,7.957790581383666506e+01,8.737612808129391340e+01
8.036646502212788334e+01,8.326814800870134547e+01,9.085722578552879725e+01
7.865461540829728904e+01,9.623590672842371418e+01,7.803029966592016820e+01
4.242438626346173436e+01,4.472256458389112055e+01,3.947963461824952702e+01
7.579562091932282897e+01,6.796428695986872981e+01,5.646933142496678926e+01
3.750323743962967171e+01,4.585195447843894101e+01,2.941259658589436299e+01
7.038225023758701582e+01,6.525374506366247829e+01,6.325807874586808310e+01
8.397799341876894630e+01,8.240676151209882505e+01,9.160280287921034414e+01
2.273954260558436147e+01,4.025852376950059863e+01,5.096595605979982224e+01
4.336385610188799689e+01,4.412272123258207301e+01,2.906272239601237928e+01
5.843854688512926998e+01,6.954379567059464762e+01,5.888674797355014334e+01
5.119309105356870049e+01,4.763478663273357938e+01,4.396218356854878095e+01
5.015460254430266218e+01,4.712035602408112567e+01,5.039982682302056816e+01
7.203468637950848574e+01,6.249728199771852388e+01,7.259717987868879163e+01
8.599132144548860879e+01,9.078463202405716004e+01,8.358992783506131730e+01
8.148807704108386929e+01,9.126976514502595705e+01,8.193269967496115669e+01
9.688298365429876924e+01,9.871685833857300452e+01,7.753921673631570854e+01
7.776148213104505658e+01,7.880704444528529962e+01,6.179134054144941501e+01
6.399068761560786811e+01,6.843455785941259251e+01,7.381320053732127917e+01
8.904254555146513894e+01,8.043355515645042431e+01,8.380868859528158055e+01
5.634954834883009056e+01,6.962140503093594646e+01,7.028776851173459761e+01
7.697345996967321469e+01,7.594902121442444809e+01,7.750359613392578240e+01
2.275181565960015106e+01,3.786869172739858413e+01,3.534724852574716181e+01
9.755570908647293038e+01,7.952538005547263822e+01,9.787527734229088594e+01
7.109549789185439295e+01,5.940138060241554285e+01,6.160447786121861924e+01
3.787328966467696745e+01,3.905966266137495779e+01,4.663615233619258049e+01
5.389429330763729808e+01,5.914485635243082839e+01,7.262066867707936524e+01
8.845348101588001555e+01,9.276655169591167294e+01,8.165125733939854058e+01
7.798969909592369731e+01,7.856841352365589159e+01,6.946633235951614438e+01
7.619221857485294436e+01,5.883424949588837904e+01,7.025904419945150892e+01
4.141639478007930109e+01,4.281602363150105361e+01,3.876773346739306447e+01
3.103851131759137161e+01,4.279621814087771270e+01,3.997393342555094620e+01
6.901314639221807568e+01,6.297328738198267928e+01,5.987476073198052973e+01
7.860599222103826378e+01,8.831478399583465944e+01,8.711149325798784560e+01
8.072242456342061701e+01,9.974859067590925576e+01,8.729192603042314147e+01
6.319179987936618659e+01,5.181333887437304497e+01,5.999243030794421827e+01
7.842351713248328338e+01,9.774139393039592960e+01,8.919441480409490453e+01
3.373279156882703944e+01,6.447624983197458448e+01,3.131141133910016805e+01
3.715626666042076920e+01,3.545024112701315744e+01,6.367272472514479631e+01
5.350412519866462446e+01,5.656311239068985230e+01,5.760475362510574371e+01
5.414740262811076832e+01,2.881286471447998565e+01,4.414547906227601715e+01
7.198329675439356379e+01,6.621581067077926264e+01,7.674742210943882981e+01
8.495510946616983006e+01,7.776030464550183297e+01,8.715090046709674709e+01
3.610307351681898069e+01,5.321593469954671463e+01,3.916012234955295668e+01
8.577691316977235658e+01,9.082416283564383264e+01,9.715038567920773005e+01
6.820099065860192411e+01,6.812421199173611797e+01,7.985683535250595355e+01
3.695500122346908256e+01,5.136022334229683395e+01,2.527171066165723801e+01
4.375859938563973373e+01,4.570397940276079396e+01,2.713451351030767000e+01
3.693871791308638564e+01,2.936561021662560478e+01,4.116989645572406431e+01
3.916471167091461325e+01,4.927040688507209154e+01,3.839091057726704292e+01
6.602565068873005316e+01,7.245697459584535238e+01,7.212685157614511411e+01
6.212166730175082563e+01,6.933128888670336210e+01,5.374815806396080120e+01
5.288749596009515130e+01,6.039462362085602365e+01,3.675784587640534795e+01
7.141473460508225912e+01,9.314778896031239697e+01,8.984154969774945698e+01
3.136338623730198449e+01,4.792609387654285058e+01,5.678008491235654276e+01
5.686739598404059137e+01,8.144448835007733578e+01,5.698213491186206170e+01
8.800419574988838178e+01,7.454903245000156176e+01,9.069659865550816846e+01
2.869186141077877750e+01,2.128201507434082274e+01,3.154922829197233725e+01
7.520060217726627627e+01,6.750473547739808566e+01,7.240919138756854068e+01
6.332961434861663008e+01,6.776402439592257565e+01,7.474914871215165135e+01
6.727007203481976205e+01,6.015471559658737277e+01,7.524618652914536199e+01
5.201551622655728835e+01,7.527584994735759949e+01,7.823619230116661072e+01
4.748890499943765775e+01,2.262241488115529009e+01,3.556165858566673421e+01
7.335222939685947097e+01,6.666841684492700892e+01,6.801049576051021006e+01
3.868049779683025235e+01,5.030755399454601928e+01,4.049363707240294730e+01
6.664117367126733882e+01,5.145520807771685412e+01,6.813470199944391936e+01
3.391592921542908101e+01,3.551396668729803707e+01,3.982201764120631537e+01
5.951594566174376411e+01,7.517040892974148392e+01,5.486018461515109124e+01
7.462949493474395979e+01,7.507470780969589441e+01,6.925510495361439212e+01
5.113656736779404355e+01,3.317649745766182434e+01,4.518059282449348757e+01
3.444989979561689353e+01,4.308447044438777596e+01,3.946393650825532973e+01
3.818064469884892986e+01,2.707959287532169768e+01,4.790825490281169863e+01
6.282703485989572556e+01,6.411803370418803638e+01,7.358698256104503344e+01
6.330599943810447172e+01,7.225662898036881643e+01,6.805098851470039278e+01
7.435851561135274324e+01,5.878266728662157448e+01,7.005934177704723709e+01
6.789150242691857784e+01,5.837281187927568027e+01,4.295782369278599333e+01
4.076646008924718956e+01,3.855892295905947265e+01,3.133878620701793949e+01
5.597384713353429220e+01,6.331089972805863653e+01,4.331527546620797153e+01
9.007539865353035680e+01,9.190735980919775727e+01,8.924686842732708669e+01
6.579905803430310129e+01,6.796512717816163729e+01,6.756491781748013636e+01
5.907998312021429399e+01,6.727527747986110285e+01,4.843181192961112913e+01
5.888851213834502119e+01,5.050653170870874220e+01,5.946792839286593590e+01
7.981062198260254092e+01,8.574852416726572812e+01,9.757774989539575472e+01
5.619152855003027724e+01,7.151304452346596463e+01,5.451983230736836816e+01
6.319326311461495038e+01,4.594328462195229434e+01,5.585212523481227720e+01
8.044506702135043952e+01,6.870411878367744407e+01,6.515716578457423225e+01
8.064234861804519028e+01,9.892535346667860097e+01,8.843300221773667147e+01
4.883346705735754512e+01,3.527911638274049722e+01,3.887772969807520695e+01
6.423508120668550703e+01,7.877601409876459115e+01,5.458186104822796381e+01
7.732871543757060806e+01,8.396831866139528699e+01,8.062102437770872143e+01
9.222645155713171050e+01,8.865026481857000817e+01,9.728154101131148934e+01
3.948903531900405994e+01,5.617687160682780245e+01,4.037047971835311699e+01
4.484984164707476140e+01,2.895805885351069264e+01,3.299104934640689635e+01
8.893339544245476702e+01,7.116077118688683356e+01,7.143649789048330945e+01
8.657405804090750223e+01,8.620670002950805610e+01,8.632760404218782924e+01
5.971769970305037134e+01,5.663861364076627325e+01,6.386835375679110172e+01
2.540308290362246879e+01,2.570521879531378318e+01,3.939153003758845273e+01
7.171207852240580394e+01,5.719623946638753864e+01,7.299577334406534135e+01
6.673542948333587788e+01,5.795055032411106311e+01,6.129151488115458335e+01
7.143240570073078288e+01,9.366160445469682827e+01,8.680173292055636125e+01
5.859708351126493397e+01,6.500071224770910305e+01,7.066986841324745683e+01
6.113417657496377444e+01,7.689250603189192645e+01,6.291560383366604725e+01
4.743110155365678793e+01,6.386009560603233126e+01,4.768624447325382221e+01
9.603655876410981307e+01,7.010445182503788430e+01,9.703805364538344236e+01
7.100252471453543990e+01,7.971950471993483234e+01,5.990184869993157690e+01
6.159481200056112726e+01,8.268962059404978504e+01,7.245739501792706960e+01
4.469265869866785579e+01,4.156654710305168976e+01,2.630768499853421361e+01
6.673165634762908383e+01,5.867007345393557927e+01,7.271834589091858447e+01
4.678366994770959764e+01,5.102188989019795429e+01,3.998199804396674040e+01
5.619316638768000871e+01,6.283925721793679031e+01,5.679629939965448671e+01
8.375767730203688188e+01,8.023701024889955136e+01,7.260621763052260746e+01
6.249242408431118179e+01,6.068960533880601105e+01,6.439134962840000753e+01
4.705403787118191161e+01,6.866163229914216970e+01,4.809153835037031399e+01
9.373255213526469731e+01,7.613250828102550827e+01,7.834790070059243305e+01
6.586794930598810538e+01,4.975896659320305560e+01,3.547739371288194832e+01
4.684907939698135237e+01,6.642663669810589511e+01,6.175046105527250973e+01
5.385099385480155831e+01,8.099062254123120397e+01,6.218712906655478889e+01
9.685352136709580861e+01,6.935922047369092525e+01,8.968849114735105843e+01
4.999372707138275729e+01,5.597125164232572558e+01,7.876995069999634325e+01
6.862216490851032802e+01,5.466208157246563815e+01,6.884198555266870301e+01
7.707194487184681009e+01,8.222204813330328932e+01,7.548049413104472194e+01
3.966282549029847360e+01,3.163054224215529331e+01,2.652109731592700115e+01
4.151869115481981964e+01,5.152861422592013696e+01,3.649763601302507254e+01
7.320121886789786458e+01,8.634530083157711999e+01,8.520605960030698611e+01
2.930871929718415103e+01,4.398908693801476488e+01,4.071209802943218392e+01
6.437165580660655451e+01,7.948263503811793385e+01,6.423508762759658453e+01
6.207696795108882526e+01,5.866320936753768933e+01,7.041524567263705592e+01
3.803598808211599192e+01,4.918993879858194163e+01,3.414393653675428197e+01
5.728768060279337249e+01,6.309139869261387190e+01,6.875997188591406939e+01
8.565512034994597457e+01,8.070339256453686971e+01,9.799969311281537898e+01
3.351288844953128887e+01,4.472885211544445383e+01,3.406389260088207749e+01
4.086961722250728002e+01,5.380905899735607534e+01,2.467547868424804847e+01
7.201594917229917314e+01,9.103745452297931706e+01,8.823365910221613717e+01
2.918133584610881215e+01,4.604215326056317537e+01,4.202015928253771193e+01
7.149598810228138746e+01,6.100121601977716779e+01,5.644863050472566357e+01
6.225469839413402440e+01,7.587342306441532003e+01,5.708583147118869761e+01
5.097954544451401659e+01,5.426787896149487977e+01,3.409024690516440614e+01
5.832921045995194476e+01,5.813946056489513836e+01,5.955025901126254695e+01
1.000000000000000000e+02,8.523380257516230074e+01,9.948483954515302230e+01
5.926771216936369768e+01,6.619441613321083651e+01,6.473562645633307966e+01
4.989074530088752368e+01,4.972663487797670712e+01,3.639234538783905748e+01
6.357767190980938210e+01,7.143277113732358430e+01,6.908820464326292665e+01
6.567846698279848283e+01,7.498710860798456679e+01,5.935795598624838476e+01
1.000000000000000000e+02,7.809834171916600098e+01,9.435850387781825077e+01
6.410154538904200194e+01,6.385939009627193741e+01,6.256611145014338859e+01
6.294697971636627187e+01,5.936277352292530907e+01,4.908449260220857013e+01
7.567619922473565452e+01,7.186129196132856123e+01,5.915978489765551274e+01
8.331413459373651165e+01,7.744260392054759734e+01,9.883056624773112731e+01
2.877847458077528131e+01,5.275949458672558734e+01,3.946125877752677269e+01
5.746934595493665654e+01,5.438297752398868568e+01,5.745159344300540738e+01
8.982130323678343586e+01,8.667955702885885216e+01,8.535495530084216398e+01
3.307050869494406697e+01,3.529025515077625386e+01,3.668148942907176746e+01
6.695049999253299688e+01,6.710719071276061243e+01,7.207116460995868579e+01
8.026559938601381816e+01,7.538909729910704982e+01,8.256196772470464396e+01
8.665878333433661851e+01,8.777542315149355545e+01,7.814614264136167776e+01
4.474511624435176316e+01,3.974031144730415832e+01,4.433953870287939480e+01
4.104040601754911677e+01,3.664744234283394064e+01,4.424047356616903670e+01
7.034965296244239141e+01,6.734939583304675637e+01,6.349131957164002671e+01
3.451574709717559131e+01,3.212761181584651382e+01,3.489139047698382967e+01
7.733336677447354646e+01,6.405357939987023030e+01,5.694537619207756762e+01
3.419346644213420916e+01,3.561789097322501618e+01,3.845978744381393710e+01
7.654032407272966054e+01,7.313387445791337882e+01,6.610579045723417835e+01
5.802023965872432854e+01,5.971189329602211870e+01,6.996456692906284047e+01
5.975345494506959199e+01,6.208286883360925401e+01,5.969906277339526213e+01
6.817482951437239080e+01,5.906227695819476509e+01,6.385332878355536934e+01
5.325900896185997624e+01,3.452355180656159206e+01,3.453526558731860518e+01
6.612460226236062510e+01,6.696314112507263872e+01,6.300246539421221570e+01
3.451800885292250598e+01,5.125339367168780313e+01,4.218901819627689065e+01
8.179743404180609900e+01,8.304065220460135777e+01,9.907166496505656994e+01
4.244464153521983718e+01,4.715038996748365463e+01,4.601906986170142488e+01
7.056972441464195356e+01,6.037871348506653391e+01,8.341648058744061700e+01
6.305900661974921917e+01,8.066319406364679878e+01,6.326259204268718861e+01
4.022661396066352779e+01,2.720040532732524241e+01,5.127924973820022103e+01
5.081077671001988705e+01,5.079536173586947001e+01,3.060793339181885386e+01
5.747702158051437493e+01,6.015142728084702384e+01,5.745739425373994891e+01
6.126034831606343545e+01,6.810789546239335834e+01,7.612437002951477893e+01
7.124058421410948938e+01,9.295408454346980420e+01,8.474599067147597964e+01
4.679736201958795050e+01,3.574834478154564010e+01,5.516306900381334088e+01
6.969267292780676826e+01,6.660640042824232410e+01,7.455772179992629844e+01
5.169472687514879539e+01,3.407736507329030218e+01,3.966331158690890391e+01
3.825852245252274741e+01,3.692959259433803965e+01,4.230575250472259086e+01
6.635686368743969865e+01,6.039553596040368433e+01,6.878015441173488398e+01
4.368240824972944125e+01,3.769971023372549723e+01,5.664934195437970743e+01
6.821595904147130796e+01,6.575923796938633359e+01,7.755154793879499664e+01
3.034401376277600093e+01,4.146957467808056919e+01,4.860938924227668423e+01
7.902166753933290977e+01,7.134376707982714549e+01,7.011297886122700618e+01
4.130456166346160529e+01,4.778992234745065559e+01,3.552610853284004833e+01
5.219244183418381056e+01,6.488455795423872985e+01,7.186421795319279227e+01
4.715370662810727254e+01,4.009156351273173158e+01,4.199029847840866125e+01
6.830202941232202818e+01,6.372924600963709452e+01,5.115526301297392564e+01
9.064448849718932877e+01,8.939322155896923050e+01,7.708994648269865024e+01
7.499814956205432281e+01,6.393415868152193582e+01,5.599683067665721126e+01
9.253701273464960764e+01,8.189750761773362342e+01,7.804493001235768190e+01
8.833799907065909451e+01,8.575259774033476390e+01,9.042374844295871128e+01
4.741950785246544342e+01,4.363536270571490405e+01,3.111655452468417593e+01
8.504104584077001050e+01,8.978508230112092292e+01,7.778455410626183664e+01
3.234444520808717272e+01,4.004432674233438405e+01,3.131543812067597798e+01
3.733949454817312130e+01,4.271674098604147218e+01,3.857517226544293010e+01
3.671821604648384607e+01,4.191726957247166752e+01,3.716744952504433286e+01
7.247451583787443496e+01,5.327134590208285658e+01,7.807427074937514533e+01
8.600936382056225682e+01,8.721311353458828819e+01,9.638729944221444157e+01
3.956308095319950979e+01,4.184391714743884449e+01,3.418824316376904449e+01
9.426068041867074498e+01,9.384811623563669514e+01,7.294458144877458494e+01
5.956178895683387253e+01,7.640371338599541673e+01,6.800115543445687649e+01
3.552051364510758447e+01,5.393851076956986645e+01,4.245928613195219015e+01
6.851601494827494321e+01,5.789288864850168892e+01,6.038474829863414328e+01
5.764395014211950752e+01,5.590908994827610456e+01,6.743703227214673745e+01
7.822677970761374411e+01,7.577370185336722841e+01,7.810165155340379783e+01
4.183346267827338494e+01,4.052779602484802979e+01,5.371504256285281542e+01
8.907816106735489825e+01,6.308940932680825853e+01,5.502307297303963907e+01
8.927232181489787877e+01,8.852705711158930058e+01,7.553576032611820779e+01
2.612862077416270168e+01,5.226102313914502417e+01,5.096853912614929527e+01
8.519953173477215103e+01,8.014958530363037426e+01,1.000000000000000000e+02
9.200986058677783319e+01,8.580967110146032439e+01,9.614888547193940838e+01
5.779221304087751321e+01,6.103007105258601683e+01,5.544575580871322984e+01
6.180212807688883458e+01,6.586078762618375038e+01,6.298911630227815550e+01
2.861897081000200416e+01,3.737544301259521262e+01,3.933682381214757129e+01
9.820993117631681457e+01,7.455753972045624778e+01,7.329554728200760394e+01
8.382222577699212707e+01,9.998767254704748098e+01,7.987994242870146877e+01
3.826321020751593238e+01,4.193526716011892574e+01,3.082192461405480088e+01
5.260736230836311478e+01,5.464763431005252414e+01,3.184191851694829012e+01
2.878323203165788158e+01,3.399699753338816777e+01,5.198736220520258655e+01
3.702468334942967942e+01,2.594622574017133942e+01,4.262396386971287399e+01
5.131830274942647918e+01,5.957902627688025632e+01,7.611359444692300258e+01
5.684460561265974832e+01,5.959774355194296902e+01,6.853629550694590478e+01
6.666844731923966094e+01,6.129262841000559803e+01,7.292123471288537928e+01
6.153120958611453517e+01,7.461379816249076669e+01,6.073187952011258517e+01
4.175151077657308463e+01,4.852223497359359072e+01,4.602241458353417158e+01
6.880678856856329162e+01,6.061084023032742607e+01,7.278708252792286260e+01
7.647928342996638662e+01,9.793276137708291174e+01,8.533433863169526035e+01
6.318006782457543125e+01,8.011331675020963417e+01,7.277687461130315683e+01
4.102897273993012561e+01,5.909561439659137960e+01,3.119891557020555339e+01
7.335370778571535766e+01,6.910915964649895216e+01,7.100297792224658622e+01
3.665540296815083821e+01,4.142889472715826571e+01,4.485274526047542309e+01
4.453736565615755438e+01,2.453928783247511802e+01,2.911186457674024552e+01
1.000000000000000000e+02,1.000000000000000000e+02,8.804561189987555281e+01
7.527047378245147513e+01,8.553990156073398055e+01,9.001717043598054602e+01
4.030303995591678756e+01,4.034760019481166182e+01,4.196757847516936835e+01
4.349023562586291547e+01,3.824270662449153946e+01,4.451952522837451909e+01
7.259413804581970453e+01,6.542852225805518174e+01,6.222802709019477874e+01
4.624944964178993700e+01,4.842115534092449280e+01,3.943427526620430257e+01
7.139144869647390124e+01,6.229682330636327947e+01,6.642646082526839280e+01
6.225094152326123265e+01,7.737317746653820905e+01,6.352189023991719807e+01
7.433232161035509478e+01,5.317458502434320167e+01,6.153624475433006324e+01
6.762579367467007785e+01,5.271754958271034752e+01,5.924266338383407060e+01
4.039895075201179253e+01,5.925860577179834365e+01,5.142383815286761717e+01
4.539218561852957379e+01,5.534531515703015003e+01,2.403273931104165229e+01
8.509466014589787619e+01,8.519075997822019986e+01,9.595215796075618186e+01
5.657798056121003327e+01,6.622254075166861753e+01,5.431080143030069252e+01
6.026477996893220990e+01,6.306491574688712376e+01,6.128637457345362094e+01
5.717028504464337857e+01,6.359992508502709541e+01,5.606073564972847834e+01
5.797429542278491965e+01,7.077571096330734690e+01,6.407488741230540086e+01
8.037117405037574258e+01,6.446257759444222302e+01,6.726738011639406523e+01
7.309241151262925484e+01,6.849787635092137350e+01,7.532912307894518733e+01
6.940191016498563670e+01,6.406967611994167555e+01,6.792820815315263872e+01
8.822939208017442070e+01,9.127114058039276756e+01,7.679438358164419753e+01
2.543307188430426891e+01,3.463095142631593149e+01,3.354991588578970152e+01
3.064268483125186293e+01,3.449062367741892388e+01,4.148972689886507936e+01
7.521910976601974141e+01,8.635573327810790545e+01,8.883907638465547052e+01
5.571708415906469725e+01,4.720863072190124399e+01,2.555399899385389872e+01
8.783668490461394640e+01,9.525753620525827614e+01,9.525008233806542535e+01
5.736057237954366883e+01,6.560837694043766533e+01,6.942774321110516667e+01
8.189864289504879480e+01,8.232697168037873325e+01,9.323086027466835901e+01
4.036962620651962652e+01,4.557129512658215731e+01,4.748087008818227162e+01
8.437355773754906352e+01,9.808222342369816715e+01,7.844129197747788851e+01
7.119870203833937694e+01,6.954776130943588441e+01,6.984320826453362940e+01
9.141173140331628133e+01,8.758097508124360786e+01,8.398246142274572890e+01
7.735310400965317967e+01,6.270449251837169413e+01,8.287786589828795059e+01
7.799550946633119963e+01,8.154210005211123757e+01,6.631858904564778356e+01
3.564343414484070394e+01,4.627007813918238810e+01,4.281935503208032401e+01
5.419345778803015179e+01,3.367689077054220803e+01,4.594261871964442889e+01
5.664648778504113835e+01,6.259419494252997396e+01,6.319931464516627528e+01
7.977605282158970113e+01,9.042471099432731307e+01,9.290434552906208410e+01
6.294612858863315807e+01,6.155499719852166152e+01,7.111440097225214174e+01
8.654975855983677491e+01,8.180688675617541605e+01,7.558946607662649342e+01
7.607570307855870340e+01,4.757849905523728751e+01,5.826213269757823809e+01
6.573127818529187039e+01,6.298397379628374892e+01,6.677583783056803668e+01
4.288837708159748274e+01,3.922387473962203330e+01,2.841285301492128923e+01
8.720895726028908257e+01,6.302061475525193401e+01,7.378422797727354521e+01
3.700414488411345815e+01,2.894694940851938014e+01,4.753105560392275919e+01
7.596446817123758422e+01,5.187166964451453310e+01,7.810197967363818350e+01
5.597132678706279307e+01,5.314368416451051758e+01,6.745602898900395417e+01
4.311845376430817822e+01,3.758655379095323212e+01,3.491357954761895144e+01
3.179856644444659253e+01,4.813581638590284939e+01,4.373063017736333080e+01
6.820796303206689970e+01,6.632301045116373928e+01,6.068515083277113575e+01
3.185418589119158028e+01,3.387243247978646821e+01,4.091269931659460468e+01
7.311340990630648662e+01,8.712066760497334883e+01,8.676895624206150615e+01
3.991986483906960359e+01,5.531460326883025402e+01,3.797417037906042481e+01
2.988999744474782716e+01,4.171450788737206494e+01,3.880613531856008791e+01
8.756792018602136807e+01,1.000000000000000000e+02,7.941579428120927275e+01
8.667778581387524639e+01,8.883863846440112866e+01,7.613066455651980391e+01
6.112147182001323387e+01,7.083700793534819695e+01,5.753687682865805186e+01
4.509721932248389464e+01,4.093892600877050114e+01,2.418251164840327760e+01
4.187676464714749613e+01,5.360634206742653163e+01,3.465329305316237907e+01
5.102444691858506332e+01,6.549002600205022873e+01,6.917963888967601349e+01
8.907371837454280694e+01,8.631205248438544686e+01,8.460230564611535442e+01
5.506816504275235502e+01,4.337676212436137035e+01,4.425106726776442656e+01
7.754939638320182382e+01,9.244946731871347367e+01,6.461014082371877976e+01
8.031971768519315447e+01,8.262831953465561696e+01,7.915930684983338494e+01
7.738532989292721709e+01,9.345269376364313985e+01,8.210084621045997721e+01
8.933685832623594081e+01,7.893886073863933461e+01,7.687444723853027995e+01
4.820669474308191127e+01,4.031130565521167597e+01,3.323963737624679027e+01
6.724781765464342698e+01,6.803938629440358454e+01,5.346105271843764939e+01
6.519613535630742263e+01,7.041021141964071717e+01,7.204070285483179248e+01
3.457990763446586868e+01,3.141107416689946419e+01,2.483963320041695155e+01
8.485089493185061826e+01,8.240248120623466832e+01,7.505780891104021180e+01
8.684380129823634320e+01,9.129371998009307276e+01,7.080840512465594827e+01
7.253144635047893019e+01,6.914809321717349633e+01,5.599707686584737587e+01
5.676568866959696180e+01,7.317362889376090607e+01,6.452481135208039120e+01
9.936504226238442072e+01,6.934923135058180321e+01,8.788985695281715493e+01
7.843075966584893877e+01,9.102510588096292565e+01,7.714411935099056450e+01
5.965693480169925778e+01,6.960701309401866865e+01,6.187091799384273116e+01
6.389459302073220925e+01,7.006510718546275029e+01,5.871957708959136824e+01
9.078439207806016498e+01,9.092717196197688168e+01,7.917921333786023297e+01
6.449507446936179633e+01,6.406459166577073461e+01,7.773124649377788842e+01
6.109449550370899829e+01,6.497755318006579728e+01,5.450371298215209492e+01
3.476573378649955259e+01,4.342312352555934041e+01,3.848604527250875407e+01
7.263730172572718402e+01,7.561654972889408555e+01,8.568220071972838525e+01
3.404301314849149662e+01,3.956236450520582792e+01,4.932537671907055454e+01
7.684314822959926516e+01,8.362771336818707368e+01,9.411789636066504272e+01
6.720785765931998412e+01,5.422710901710512132e+01,5.674936516731081326e+01
6.068527909966698530e+01,6.684294415311777016e+01,6.678590348939863475e+01
9.965003359822983953e+01,8.559426515409522551e+01,8.284442220257052725e+01
3.471074617109086802e+01,2.523296900298540635e+01,4.098647523553966465e+01
2.961709623206271402e+01,3.490014840546277242e+01,3.829031812842156768e+01
4.311753364256001930e+01,4.082042546981013231e+01,3.882046008065466225e+01
7.332189585650399977e+01,7.757767052540746988e+01,8.150817238331251247e+01
5.757293943574929784e+01,6.721642670711995038e+01,6.445227093143869013e+01
8.147324058771715727e+01,9.868678464293823538e+01,7.640315581526809297e+01
4.184618235964222066e+01,3.368668240582075413e+01,4.721157360268287562e+01
6.451455746632572641e+01,8.150833192378712511e+01,7.460443199125838021e+01
7.994436281178886361e+01,8.329656835748222932e+01,8.206220120816684016e+01
9.144858558917769642e+01,8.467641920534762789e+01,8.853160787107682950e+01
3.759745621471142130e+01,5.105861956717171779e+01,3.716935969946069207e+01
5.043928814275463424e+01,3.713651796641883607e+01,3.395976369964132857e+01
4.930796651445179180e+01,3.755038336822761380e+01,4.883596020164453932e+01
6.118173787303918232e+01,7.497584998430946257e+01,6.854849754885388791e+01
4.220378088774226910e+01,5.056728002135898237e+01,4.305646059569999551e+01
6.888292942036434852e+01,7.885059528737029666e+01,7.048417541178258716e+01
6.767477936757468626e+01,6.219407167724920527e+01,6.627629072256860354e+01
7.493765379100862845e+01,8.470281858969396183e+01,8.571572055384820032e+01
6.267928602718797748e+01,6.254280440961669996e+01,7.651706824421532360e+01
3.528323379326834441e+01,2.636503569813902104e+01,2.742907001751125406e+01
7.492979619247721246e+01,6.119034641140519426e+01,7.376141957128308491e+01
5.641450204751166098e+01,2.840606815478947311e+01,3.350079073154770271e+01
3.972274918869616300e+01,2.858645262961776723e+01,3.534117120430741465e+01
3.726278131599664079e+01,4.533294903170268952e+01,4.384740694182328724e+01
4.307814835363993922e+01,4.075575993455710488e+01,4.008641667884812421e+01
8.117791374721078057e+01,8.221407180144028359e+01,6.865293079629512363e+01
4.279480498048343406e+01,5.906081826147259051e+01,4.336150878979950107e+01
6.723682490844703352e+01,8.998401697041460068e+01,8.411078671045216026e+01
9.243480643901594362e+01,7.754383939479572518e+01,9.564188719288441121e+01
8.278704982809045987e+01,9.576028236854573095e+01,8.964822241301155259e+01
2.195859553220765292e+01,4.325703842566620949e+01,4.415282398365457084e+01
3.369789567873381486e+01,4.184979367435616382e+01,4.543827354638604277e+01
8.238289832321736128e+01,8.584946278199356584e+01,8.854608455683134594e+01
6.409246845303604800e+01,7.472470080415364180e+01,5.208240571176960287e+01
6.167804424752969794e+01,6.289658204915510709e+01,5.640469080710064276e+01
6.996450161304866810e+01,7.418394428651173200e+01,5.778063014980853040e+01
9.807704516280907114e+01,8.926877967240051248e+01,8.529666655502555273e+01
3.693450143091209981e+01,5.169155433793761745e+01,3.114363454365209805e+01
9.075864515167833702e+01,8.256966171354633843e+01,9.142110167064232940e+01
9.994470802018565792e+01,8.805036564502560736e+01,7.875356164492708899e+01
3.896211037449197079e+01,4.056090526986572797e+01,4.456939253032837911e+01
9.160147547009744073e+01,8.137005706999144650e+01,7.781459880966633591e+01
5.208982746621377657e+01,4.510027048718156806e+01,3.440855657137002765e+01
4.872377592910852684e+01,3.250942979963765112e+01,3.274855152578269468e+01
6.765140943093361159e+01,5.627385317857311264e+01,6.053701244743783860e+01
8.787674164435338753e+01,1.000000000000000000e+02,9.092098337029467814e+01
5.739731694530625816e+01,6.495103482174515364e+01,6.209314615538851712e+01
4.964538516153564274e+01,4.294408029195614773e+01,3.208643382695456836e+01
5.375075903555236323e+01,3.575347235678418656e+01,5.125701220573587591e+01
8.629625479099188112e+01,7.724007126124996603e+01,7.795050272316419182e+01
8.294926024714430923e+01,8.031124430734678299e+01,8.644666164030094535e+01
7.086654291680265771e+01,6.719778918759855912e+01,6.237037899891220150e+01
7.975365891650187677e+01,8.581924771892883541e+01,8.327269264254543657e+01
7.158032200129356681e+01,6.781300799218679742e+01,5.801124852425926548e+01
3.665291944307261218e+01,4.649407278783486674e+01,3.909944074425607141e+01
8.788487200045926784e+01,8.789265952303691165e+01,8.426218756795894649e+01
9.544442346143098632e+01,7.999067391549002082e+01,7.092104522487414897e+01
4.367508617373289326e+01,4.561562900977016000e+01,4.110593145646945601e+01
7.351496129935537738e+01,5.973039867059410568e+01,8.603389694312980396e+01
5.462048774848454968e+01,5.995542086741424015e+01,6.476662125600972786e+01
5.312568169970793974e+01,6.878505322394204313e+01,6.142156154398823986e+01
3.946437461681439629e+01,3.062394245924147285e+01,3.585376126106980621e+01
4.047380715427643594e+01,4.165925188320934325e+01,2.390896111134941648e+01
9.799137202889794196e+01,8.317108860396241710e+01,7.858527429745062420e+01
5.999352454901122655e+01,6.183666806638279922e+01,6.448604145237248986e+01
7.024053489419694074e+01,7.356203179073688148e+01,6.544315478126159746e+01
3.952869776402154400e+01,3.092432857403192514e+01,3.968995468764097012e+01
4.918250128586851133e+01,2.084591756079622726e+01,3.370747379916664954e+01
4.807279842987204432e+01,2.912898203261587327e+01,4.858606265431325966e+01
6.943912466744181700e+01,5.914689716125251806e+01,7.948283105294046891e+01
3.649503623029879407e+01,4.765441015931897084e+01,3.950740099159602892e+01
4.600160899957054994e+01,4.245686690065937086e+01,3.947495454490730538e+01
3.126254138330433463e+01,4.264415622870075850e+01,5.289528381973992310e+01
4.101658129943606923e+01,5.392213141888686323e+01,2.852999732930571497e+01
5.249156856948269478e+01,7.548142077941405148e+01,7.496660235213803958e+01
3.333123293544083054e+01,3.316132066453773319e+01,3.927768203114548839e+01
6.027767247193111189e+01,6.419217026648493629e+01,6.422256851146366330e+01
6.306955453853382920e+01,7.302489387470119198e+01,6.758097943612739300e+01
6.845408806280228475e+01,5.558226309381262098e+01,6.122964496775680487e+01
3.352437016722137741e+01,4.541987873673114962e+01,3.404911258323492973e+01
6.654489055046568069e+01,6.105911029309790194e+01,5.455580877464259260e+01
3.790863034261570164e+01,3.472401843061384596e+01,5.342055559900328632e+01
6.088882142710272660e+01,3.540524713218224662e+01,5.196435212161388506e+01
5.965762196587450461e+01,7.104928158031660246e+01,6.174053143192713122e+01
7.213869229704731367e+01,7.469928344851551572e+01,7.811650052184494086e+01
3.867607844295306307e+01,3.370787908800735977e+01,4.699013003244956366e+01
4.869688158791012711e+01,4.167361993989312907e+01,5.140063466100356493e+01
6.535583951173477146e+01,5.137226493919784076e+01,7.010648286514985728e+01
2.693481651345103955e+01,4.162560270480513935e+01,5.635165576970086931e+01
7.447309698910028430e+01,8.760573735349460378e+01,8.693942203230315613e+01
3.680567150600074910e+01,2.897148685118312983e+01,3.810715580441336670e+01
6.518344280454090267e+01,5.868190141269309379e+01,6.138595261541743042e+01
7.206753920808372982e+01,6.581093379767123963e+01,5.181378600903941845e+01
8.171662231726861592e+01,8.710215491170178836e+01,7.235699935925640602e+01
4.515779803251366786e+01,3.016479278412268883e+01,5.359494318036322369e+01
4.033738959312920969e+01,3.669107318119434069e+01,5.022213090873327701e+01
7.803236392816754119e+01,8.950451477753811957e+01,8.414329332010406404e+01
7.882796872638513719e+01,8.148284267142470583e+01,7.898287439433448753e+01
8.047641738052314508e+01,8.613109629866235650e+01,7.891662082789763133e+01
4.177586222141017203e+01,5.106976288954399479e+01,4.512583288162336004e+01
6.882384771073776619e+01,7.486175268842494290e+01,5.956989701632316070e+01
2.263507672163670748e+01,2.388717924107768198e+01,4.636670924175819408e+01
8.715790947222467366e+01,8.726854834768303704e+01,9.865070537047711241e+01
3.548502684939475671e+01,3.339767859010132867e+01,3.291311026895433400e+01
7.290825934589284429e+01,6.880350409221895802e+01,6.000223199509203198e+01
3.849833550886562250e+01,4.652983265339164376e+01,3.118744975644154849e+01
4.780791959852673045e+01,6.470809755888227244e+01,4.412766781414275385e+01
5.715389681857365645e+01,6.841310254236051946e+01,6.584417547202308185e+01
3.843277140005618975e+01,3.220174072921077624e+01,3.683305284333781771e+01
5.664319707257352832e+01,5.948132207858208176e+01,7.124421187930005317e+01
7.736043230408321847e+01,4.926120090428572951e+01,6.457044442237784665e+01
8.480931176006122030e+01,8.118237724835296376e+01,7.777544544814355731e+01
5.183569715081754481e+01,3.847942661679404353e+01,2.356190953859765003e+01
3.941217070727680039e+01,4.340899157455540802e+01,3.981261632639347425e+01
5.847709766093463202e+01,5.450334323867287623e+01,6.028981183699439583e+01
6.371355312531473203e+01,6.100178981490739716e+01,6.343650175964609872e+01
8.757689427087646550e+01,5.706700364190425034e+01,7.204983641376105652e+01
2.382042355165216563e+01,4.103527629516695185e+01,3.713549864343060136e+01
4.141695864004024230e+01,4.501687680119332668e+01,4.304018639238890387e+01
3.966962147727549848e+01,5.221961876783608147e+01,3.560667313361523867e+01
5.624685662695748078e+01,7.027974551136162518e+01,7.481333581309392855e+01
4.624745262487350317e+01,2.983237730075552463e+01,2.870770196339051950e+01
6.555452600752900594e+01,4.395893314673193686e+01,6.351594881448223617e+01
7.247255113732721554e+01,6.074981454438015049e+01,5.878109150885023126e+01
6.671755570962643844e+01,7.097168014555838056e+01,9.403644416477793300e+01
6.861685639593983410e+01,8.577439249442177527e+01,7.922600349174813061e+01
6.971006877967614912e+01,6.241253326650619471e+01,6.411863830985186041e+01
6.270130065599624913e+01,7.024603965454471677e+01,6.825689654832486042e+01
3.947190513403813839e+01,3.496704644683681096e+01,4.033599269715273294e+01
7.096511362960526981e+01,7.370395013577416421e+01,7.873141985181665348e+01
3.139003839744985669e+01,3.398595321749199627e+01,4.317626640012392869e+01
9.098471715508730995e+01,7.776923567730823095e+01,9.273305165974186082e+01
5.944898800748231338e+01,6.927072813259948703e+01,5.473675518571626952e+01
6.919979382491349895e+01,5.822002243431863633e+01,7.296139266560264502e+01
5.840477303690986588e+01,6.410238331546624124e+01,7.513770085261893428e+01
3.977585772083404692e+01,4.154545263850558712e+01,5.765220245712321656e+01
8.651660854337980311e+01,7.969355602310764652e+01,7.853279638008018537e+01
7.171520316783959004e+01,7.059755062749204058e+01,6.991516498004862967e+01
1.000000000000000000e+02,8.000233680687090043e+01,8.491076973072534884e+01
3.462084924244780382e+01,2.798897179618558440e+01,2.644193200315845260e+01
4.615388966429702577e+01,4.977382932974074237e+01,4.515646729587184183e+01
3.482386702438832060e+01,4.030178317345790617e+01,4.306535218124954412e+01
4.737964586588965687e+01,3.573925599262846475e+01,3.363915758016204194e+01
6.421497008931235939e+01,6.042965089705531767e+01,6.608604697075186607e+01
7.075649465278347350e+01,6.068368285298993214e+01,7.051927721308666719e+01
6.205198045310230270e+01,5.794963159168349165e+01,6.158135930621631360e+01
8.194742808955182056e+01,6.808561988774850704e+01,6.153417782463794339e+01
7.136178437476078784e+01,7.730655709306077483e+01,6.460632429650100050e+01
4.851576368655342719e+01,3.867840672695650994e+01,3.923332400285714527e+01
4.420961614499116621e+01,3.478900567945958500e+01,4.080135710394778670e+01
7.800349777362315251e+01,7.057804886596524341e+01,6.836993830912999215e+01
5.117336377558552840e+01,3.978984456262425340e+01,5.824333049538556395e+01
2.869193121401451663e+01,4.791251697100431528e+01,1.808950850445333103e+01
6.014255259553836197e+01,7.621087261309062910e+01,7.361352584896356177e+01
6.680479720446538749e+01,6.574558063772705907e+01,6.870119916996507925e+01
6.899616052198176419e+01,6.460600841910907377e+01,6.408295086840612953e+01
8.729657297925425041e+01,8.908676011015592167e+01,7.614236924309737731e+01
6.139469245261319230e+01,6.553778070387599541e+01,7.270381403989250657e+01
3.380002894872604458e+01,4.691511154143145035e+01,3.049296768433862326e+01
3.484940788821997870e+01,4.507768513672003508e+01,3.864856674940209302e+01
6.010726530556463132e+01,6.039827113879319143e+01,5.823183097366111127e+01
6.415460092981432183e+01,6.912524836885444302e+01,6.327231118772512986e+01
4.962160645228917133e+01,3.658716013552720625e+01,4.931955556150501963e+01
4.879347195028248763e+01,4.317189453928734366e+01,4.166919665498695480e+01
4.355109304253380742e+01,4.507503723596600764e+01,4.313805661656918744e+01
6.501395000046238692e+01,6.790647103734924883e+01,6.887003502212039052e+01
7.239976575523429858e+01,6.647470452963401044e+01,4.936541680296510037e+01
1.000000000000000000e+02,9.032581297882502724e+01,7.532734639219160044e+01
6.524355138941625398e+01,6.454911119024863808e+01,6.052926675830912018e+01
3.848060927182194035e+01,3.109289566462521393e+01,4.463648913981182176e+01
8.021666260290335515e+01,9.168949805305902601e+01,9.508539314156163869e+01
4.177100203180982874e+01,4.316138514252389058e+01,4.258466606350320660e+01
3.637444212825011647e+01,3.867388066676902270e+01,3.994050922683528171e+01
7.510419661424819537e+01,6.685954475204775349e+01,6.302884483832830398e+01
3.765836668462810621e+01,4.605694694939555944e+01,4.694962140185346300e+01
9.643349025667878038e+01,7.463483191463927824e+01,8.307799332813465298e+01
4.312424477055613892e+01,5.120949020027116916e+01,4.145051374289135993e+01
5.490095195977151121e+01,5.243695969261674605e+01,6.666217652488097656e+01
5.900205807450163320e+01,6.453110425848264242e+01,6.141182885714230366e+01
9.823334150970198664e+01,7.402526407852732859e+01,8.607009508979993484e+01
6.440440402085441463e+01,5.442265425821611302e+01,5.865520170188261062e+01
5.759906980556206690e+01,4.850578958045549882e+01,6.074857051141853503e+01
7.659170628931566682e+01,6.750306486077288071e+01,5.660881674961722609e+01
2.822550118940651487e+01,4.452122703047815833e+01,1.918489347958648850e+01
9.418565824158797284e+01,8.250145215144642918e+01,9.358309176250000405e+01
6.940939505275302679e+01,7.758173420589591274e+01,7.297654309545011131e+01
6.472462311163212689e+01,6.455209128665404705e+01,6.859881374532398013e+01
3.445535558409433463e+01,3.491812775102135902e+01,4.670282679094509604e+01
4.157115684008150680e+01,3.020557271966190882e+01,3.630686237663243787e+01
4.195745540389879835e+01,4.116411844268476017e+01,3.860025570628657476e+01
7.463127409645304056e+01,8.001227099315593705e+01,7.659849464296763699e+01
6.025558166205553334e+01,6.353621212991635048e+01,6.058395477748786107e+01
7.587860778313229559e+01,8.514808228714612426e+01,9.046726422133426126e+01
2.988366406441668488e+01,5.421746272206179640e+01,4.527037894692954012e+01
4.926006206416906963e+01,5.149041405250632408e+01,4.423530725700577904e+01
6.299345990591687183e+01,7.329416629632802938e+01,7.084992413860058491e+01
8.210852819488970056e+01,8.523394131087688663e+01,8.945253331786454964e+01
4.375095682033507671e+01,3.854336856521186405e+01,1.704303980116034722e+01
6.259126942529847781e+01,6.571709659921350521e+01,6.642141286209761120e+01
9.318445317539122641e+01,9.510818593837814205e+01,7.003717542064703139e+01
3.583414566881373275e+01,3.303574421816468032e+01,4.124371395495315085e+01
7.616060290230693397e+01,7.677482062946009478e+01,6.145300406087747547e+01
5.744787832872704314e+01,5.001094601420506791e+01,6.944430961645984723e+01
6.977477460895663341e+01,6.242930115882345632e+01,6.891813540511303415e+01
4.961902493262204672e+01,3.518286335488296146e+01,3.618645276028450297e+01
2.722057903066750129e+01,3.188672246287830347e+01,5.088271791237162489e+01
4.452368335335274452e+01,5.468980671784015613e+01,3.837646445059704092e+01
6.243569994188864314e+01,3.781522172835219919e+01,2.487204952077380327e+01
5.748661574323110557e+01,5.460506656607618226e+01,7.145057940823089382e+01
7.904391137013186608e+01,9.432630471448266007e+01,9.194824007267250465e+01
7.918808261839484430e+01,8.162761347970439374e+01,7.878432498909998571e+01
3.993459354461342059e+01,3.637158738155506654e+01,5.170538800166798410e+01
5.211238533266231343e+01,5.463381696954224509e+01,7.036789557996320355e+01
7.478931856281580792e+01,6.095016537674457169e+01,6.711887607244898390e+01
7.832608204876839864e+01,7.518081404166821358e+01,8.005380732238037922e+01
3.392812108805520666e+01,4.622347376022034382e+01,3.687835764666775162e+01
6.993829857996854571e+01,6.796948744493940353e+01,6.225705834638656455e+01
5.068064668240575088e+01,3.164635079296211018e+01,3.135297800187444750e+01
6.218306925289358844e+01,7.526334987365490292e+01,7.466449200070445613e+01
7.654116294717488245e+01,9.869672741515418579e+01,7.965090410948879196e+01
7.145543948519048172e+01,9.136344947337461520e+01,7.958754344672563263e+01
7.698667286223610517e+01,6.040184625133689167e+01,6.776633537006559038e+01
7.911300021340635169e+01,8.376332755647580086e+01,9.165200575220985968e+01
9.141634780861075171e+01,8.511447349295639242e+01,9.591052310791307889e+01
7.578320671304575740e+01,8.727036169457576875e+01,1.000000000000000000e+02
6.023817863732424627e+01,5.549323139105909064e+01,6.915347664948897943e+01
6.362916283297494147e+01,7.894032242673924316e+01,5.564749695988438560e+01
6.384566637516772403e+01,7.103024654987997621e+01,5.070777633292123454e+01
6.376576579185836380e+01,7.340557378719356052e+01,5.578103859196153280e+01
3.211007911586722230e+01,3.955451957880004699e+01,4.004258288361360485e+01
6.356894872186619949e+01,6.382010888006233529e+01,7.053971296221331500e+01
6.757254350107508856e+01,5.262162696378518234e+01,7.717431178588567775e+01
8.623702275286929364e+01,8.634140039947214973e+01,7.028944853229798184e+01
2.555273944656943286e+01,4.238727681304764872e+01,3.208822962895636266e+01
3.485209832733496427e+01,3.958043386803599617e+01,4.280730375848082048e+01
3.812039436980344931e+01,2.824267646343756155e+01,3.199579452674086255e+01
4.351765910731709397e+01,2.025175900342691193e+01,3.818522618641233635e+01
7.488863926662219228e+01,6.001945398995205494e+01,6.628945316908125562e+01
6.320805803766053543e+01,6.421175107929698811e+01,6.130920938166928380e+01
3.595406316338447539e+01,5.632394731459629611e+01,2.943892280018000562e+01
7.555048048097916080e+01,4.871418004537169111e+01,6.263419556810053734e+01
3.189026106847681064e+01,4.026225674301008439e+01,3.026751880495097780e+01
7.307588042784735194e+01,7.555446918869708384e+01,7.473292367038888528e+01
4.532117136004636393e+01,5.210991569603732643e+01,6.184598715853285711e+01
4.058620251668557444e+01,4.030018585871678738e+01,3.927303256299229872e+01
5.445265378955889446e+01,6.221822483859003228e+01,7.831954280938143143e+01
8.563173470782587060e+01,7.389335940451387330e+01,8.886408166952853094e+01
6.834416862578393648e+01,6.889928807219386897e+01,6.311816613976027668e+01
6.201180840981848519e+01,6.613303019049523357e+01,5.314812026245976284e+01
6.685658729327312244e+01,6.983616504480666265e+01,7.282523879867622441e+01
8.117569054156612651e+01,8.463425508257110152e+01,8.382255834528716321e+01
3.369313623301385263e+01,3.065388504545558845e+01,4.012610951801433856e+01
8.475233873542646279e+01,8.660332475278583786e+01,9.106141425041428761e+01
3.733794641336100284e+01,2.956614187525405413e+01,5.123164842840009925e+01
2.094986127902463480e+01,4.827028934351119460e+01,3.054039542234850302e+01
6.086450694274255113e+01,6.550177532849910733e+01,5.499392332272682893e+01
7.811338359371050899e+01,9.673574798381707751e+01,9.007580750613905707e+01
4.819610140341352178e+01,3.373456110627866167e+01,3.090461934871652261e+01
4.172078508655229001e+01,4.618031846066208601e+01,4.444116545555864661e+01
7.267406719935982551e+01,5.081066699806010689e+01,5.716797803839645553e+01
1.000000000000000000e+02,8.619573158354484121e+01,8.732986435678772352e+01
8.228124779402739364e+01,8.283882372365422952e+01,8.331090892520462887e+01
8.373234261697392355e+01,8.653481188265732271e+01,6.980742909498162874e+01
9.796904514244921813e+01,8.975226342049563755e+01,8.764518140719732742e+01
6.272100933570024495e+01,7.700459715483965795e+01,6.993069118832808329e+01
4.480648439223816126e+01,5.365486339333864407e+01,4.449311097712828200e+01
3.358522407968008849e+01,4.640054922357371225e+01,2.688976274747797746e+01
6.654487841163860651e+01,6.216563656716795094e+01,6.970368757130488291e+01
4.422842786838665319e+01,4.557534929962369574e+01,3.885167642670386101e+01
9.065460288686367107e+01,8.348252788967782578e+01,6.901257114159574257e+01
7.162575519748500597e+01,6.820104622007228556e+01,6.864830917518989395e+01
9.456691368575337719e+01,7.689240155010689648e+01,8.510973773507950568e+01
8.836577900490338777e+01,8.584000807676459033e+01,7.859745817039272708e+01
3.795341492605933809e+01,4.683391888461466124e+01,4.184807981804411270e+01
6.480493318164838001e+01,6.689100256284636714e+01,6.941078869828905340e+01
5.295088185413814585e+01,6.517808482332215192e+01,5.703409511098394091e+01
9.295138859665571829e+01,9.241715920847109089e+01,8.328924363682781973e+01
3.476829493090462364e+01,4.172242103953209380e+01,3.180376869669594697e+01
3.912218038644567741e+01,3.971511411047926998e+01,2.908206678238747855e+01
1.000000000000000000e+02,7.877333382116513860e+01,8.810056392907226552e+01
4.551249983212226624e+01,3.395112286297800352e+01,3.209679637064152757e+01
3.329584655659451897e+01,4.933030645225989019e+01,4.289280417474866880e+01
8.854915059254631160e+01,6.918508177143564808e+01,6.854332162469621892e+01
4.044751480105920649e+01,4.396896566471028223e+01,4.293066346920034704e+01
3.837784515468945301e+01,5.230772251222818880e+01,4.272497622792968031e+01
6.465628350436642791e+01,7.070147397992299432e+01,5.710860124831313556e+01
3.141599876721316775e+01,2.901988626260482107e+01,4.621884050190290338e+01
9.740977789109503249e+01,7.793775647068727608e+01,9.675001519157622454e+01
5.315836778367439308e+01,6.492931690561218261e+01,7.069234943139021254e+01
8.362577597576101596e+01,7.602664485680938355e+01,8.967117292630126713e+01
4.987073968692347137e+01,4.828862360459831393e+01,3.515488198673333642e+01
5.308991163652598999e+01,5.446227888322597011e+01,6.250619189635911255e+01
4.144767965936905085e+01,3.603339796950378116e+01,2.300900064089315222e+01
3.764344996270710908e+01,1.987123843381787225e+01,2.297464366411350412e+01
4.206596949597781787e+01,4.388098047095665066e+01,4.269565340848152601e+01
3.115212040528624016e+01,3.966465614260182804e+01,4.053963652854289279e+01
7.022735608895480652e+01,7.248452820524902052e+01,6.719570831046836190e+01
3.980644089414916209e+01,3.549774076254631439e+01,3.994362767571612238e+01
2.968677075737188886e+01,4.326681263553309265e+01,3.120263433592952751e+01
6.237145203299503038e+01,6.258323174649778764e+01,6.107378365794586017e+01
9.816916080735440175e+01,9.584093512404679416e+01,8.698847041904741673e+01
7.325782299660377817e+01,8.331680492874880883e+01,9.042150997874041707e+01
7.307964445453089297e+01,6.731984398794797642e+01,5.889483053824397984e+01
4.059037585415498484e+01,3.847821665341520969e+01,4.270484737205064363e+01
4.409516729639394583e+01,5.659561115847566271e+01,5.188417190915438937e+01
4.518436033184826783e+01,4.671517373679928653e+01,2.580278450530209255e+01
6.494238492612159064e+01,6.395483790829700865e+01,4.804546068685804983e+01
4.626884075437839527e+01,5.135570778251963020e+01,4.486945930331030752e+01
7.369355850747837167e+01,6.872322261849269864e+01,7.097526894173448397e+01
5.056478061776107324e+01,7.025891860966906677e+01,7.216959871434374918e+01
1.000000000000000000e+02,7.509787759201417146e+01,8.407814127102763280e+01
8.231186852595497783e+01,6.254740621839529524e+01,6.147540147093539531e+01
4.715219522472207103e+01,4.249653139263117652e+01,3.065200069216538736e+01
4.114640934918156745e+01,2.580722642172557002e+01,4.547963645324006166e+01
7.153007691669753854e+01,5.395774084676842364e+01,6.718378595299405731e+01
8.279737156758139349e+01,8.915906779993609632e+01,1.000000000000000000e+02
3.670758644033982421e+01,3.450399412868873128e+01,3.424362472833494309e+01
3.047725209465303919e+01,4.392485521964710671e+01,4.680688723087354219e+01
1.000000000000000000e+02,8.931871458205669967e+01,7.342979148708452897e+01
4.699403523854810061e+01,5.298860614069253927e+01,7.896616684558773613e+01
4.443513068138906874e+01,1.920372401303809440e+01,4.513042971805862180e+01
3.909465272216882425e+01,3.189852918889470601e+01,4.101277368222154962e+01
6.312401805030233959e+01,6.771351895302115054e+01,6.478972833966311384e+01
6.730188377411455747e+01,5.729820034084855251e+01,5.359911527360036843e+01
3.219577456788206860e+01,4.571941707280321765e+01,3.496524311548482444e+01
6.409946842925054966e+01,6.578520683644704548e+01,6.354679097101143270e+01
4.917395684359757269e+01,4.051654379509912474e+01,5.995218253105525719e+01
6.390285731283405113e+01,8.099739033681488820e+01,6.384767594620266351e+01
6.147990587235172200e+01,7.032619412818853277e+01,7.322265270745836574e+01
3.536447931534640787e+01,3.629244309099682653e+01,2.517817710647777574e+01
8.606446464175729716e+01,8.595903096812173771e+01,8.980361797616293984e+01
3.720617360388669681e+01,4.613699865614046303e+01,4.652833524204091731e+01
5.184362427144548491e+01,4.092144706522231701e+01,3.756527516065662553e+01
6.141528460153036661e+01,5.388609364518319467e+01,5.336580540115782867e+01
8.746504476046231957e+01,9.011150779307720882e+01,7.682084455356574892e+01
3.236980768507930151e+01,5.021578928600130354e+01,4.435125762073130318e+01
2.778723413308226498e+01,2.958722119111526183e+01,3.375214439078743567e+01
5.924613348362328935e+01,7.300822820817111847e+01,7.167561694092373159e+01
7.019398240902582131e+01,6.229673721529405128e+01,5.003103789740477225e+01
7.185261321626379072e+01,6.222140900784346940e+01,6.041642822523918710e+01
4.109325205003065662e+01,3.344740268799964156e+01,4.795964478053330993e+01
8.918444543071406372e+01,7.920336327835620693e+01,7.585842363988503223e+01
3.924811653772302833e+01,6.191603306486644698e+01,4.693092987988031695e+01
8.493975240151040396e+01,8.380445290266524694e+01,7.937437865879026333e+01
3.764976863878295887e+01,3.142293582858512480e+01,4.571517186104527042e+01
6.692845183077167803e+01,6.482350923809512722e+01,5.596186818354925663e+01
6.705660158939943472e+01,6.915843002844506771e+01,5.368374145644776263e+01
6.137341388548967558e+01,5.429519372257709620e+01,6.832950942938857963e+01
5.981661451857376477e+01,5.797876532069958699e+01,6.257501864507261047e+01
8.781061993385689846e+01,8.752422301647250436e+01,8.257713861983819470e+01
8.739926498915984610e+01,8.145677501695666933e+01,1.000000000000000000e+02
6.463217453035187532e+01,6.698807554805685527e+01,7.220633005991227549e+01
5.984125353873817232e+01,6.689611836898198760e+01,6.884624146487452379e+01
6.203480063613015716e+01,7.318869317300004695e+01,7.064144260776066631e+01
5.702775785948131215e+01,3.342890656620490830e+01,4.670791362989076134e+01
3.730018877498707042e+01,4.662350613957765688e+01,4.149713589416172255e+01
5.470525123642190124e+01,6.247381459870085507e+01,5.626776434747535660e+01
3.597039122308948578e+01,3.672506456259331031e+01,3.973189767471748723e+01
3.849485851889522792e+01,3.190376799266771357e+01,4.666360966098147856e+01
6.545021051212174257e+01,6.116186496245019555e+01,7.265294381402763690e+01
6.521248548784818411e+01,5.916105933656606908e+01,6.183173969404847270e+01
3.636912113316650874e+01,3.032702956255235449e+01,5.388059170011420207e+01
6.475398572909421091e+01,5.862813402622396097e+01,7.325231002789639945e+01
5.263360323200514301e+01,8.921321273356052473e+01,7.682538755538648445e+01
6.546171532703580453e+01,5.802789064292095844e+01,5.600370142120132755e+01
6.667421454030034056e+01,6.455659404484892150e+01,5.891352086904436902e+01
3.547048580111999172e+01,3.858389131138850559e+01,4.048811884331364297e+01
4.182768545385857095e+01,4.505900954052638951e+01,4.225670312667903517e+01
4.636367899896323053e+01,4.232040073331004493e+01,4.063596850473159350e+01
6.386565154330261151e+01,7.710037781253548417e+01,5.784854051775059958e+01
9.072865221568561367e+01,8.002922415424346525e+01,9.114825670552919235e+01
8.648526338393897106e+01,7.673736107590583799e+01,8.416404859053579912e+01
9.977929798888915514e+01,8.944245976977562407e+01,8.915434284683495036e+01
9.739961566263013992e+01,7.973488050793010018e+01,8.601279029273767662e+01
7.982067479906001495e+01,9.438967624913135523e+01,6.753442523637440331e+01
3.405129416949948506e+01,3.342199986167743475e+01,4.161844953464954955e+01
7.408845781014132115e+01,6.603963165334043595e+01,6.337986296878487735e+01
6.778731159367445969e+01,5.644703649607439644e+01,6.705677120564023141e+01
5.307690899052752087e+01,5.121872904875279175e+01,7.367469605535555388e+01
7.688267812276373547e+01,9.097987435832648373e+01,7.946056192974198495e+01
4.169109180038613971e+01,4.312363945643105723e+01,4.397074427472585256e+01
7.458921178506543015e+01,6.333120801573307546e+01,6.722718772698256373e+01
4.789858475221560496e+01,4.269994511055071484e+01,3.195914888923697816e+01
6.872145145924960730e+01,7.608835798611607970e+01,8.095242418899667314e+01
5.862244269141272923e+01,4.504340230384131871e+01,3.525676788536581086e+01
6.319601052446533629e+01,6.354032311830419388e+01,6.702161576645487173e+01
7.166836894452134743e+01,6.604964756704157480e+01,5.695405411284021113e+01
4.121077546925393165e+01,4.156225678791763301e+01,2.631625560341379710e+01
2.753266176226498629e+01,4.519902378794053277e+01,4.543521939781281560e+01
7.717326397637560831e+01,6.442668755810539949e+01,5.157020468257096013e+01
8.451165363197357294e+01,8.732058962720242334e+01,8.429856445689428313e+01
1.000000000000000000e+02,7.997442940354405039e+01,7.551645513525417641e+01
5.715138806945681438e+01,6.060663157124267286e+01,5.996920351053368847e+01
8.572548668849194087e+01,5.955854102771726133e+01,5.499136607944837607e+01
5.998839180511566838e+01,5.853043747675653918e+01,6.229403372973974484e+01
4.387185835161221803e+01,3.791337233276333762e+01,2.313848489908477646e+01
6.983958097789093245e+01,7.074999679468783143e+01,6.449714700508580734e+01
3.936122908715408641e+01,3.951748597508997562e+01,6.396991276318514252e+01
3.386959103824572992e+01,4.422198393599523314e+01,4.696630077481547971e+01
5.170623197390362691e+01,4.210997585872528504e+01,4.567034881524187995e+01
3.908903558083775209e+01,3.245563844207256921e+01,4.308246136570335239e+01
5.924111976008480696e+01,7.431996219143614724e+01,6.938355226713038348e+01
2.927154609633772608e+01,4.309486347497120562e+01,2.497371966109343333e+01
6.286525382321381272e+01,6.365940129804628356e+01,6.907404291039154032e+01
5.733249029546408337e+01,6.119353147571801799e+01,6.173402473208506791e+01
6.118240904181827489e+01,4.410878278825758514e+01,5.960121895870734932e+01
4.223856212015299150e+01,6.051610654634206554e+01,3.902721127722765715e+01
6.598339694245856890e+01,6.906106739605353084e+01,6.822903338238323556e+01
7.431929444340033797e+01,7.631672134255289563e+01,5.522326409792199797e+01
6.512323195593160108e+01,7.252283695692163690e+01,8.066625183348460837e+01
3.252730610065923855e+01,3.854035272217706165e+01,4.500166607679923203e+01
6.080532105120286701e+01,5.565224272915970971e+01,6.722252065785009734e+01
7.199755240026064484e+01,6.869443924831344361e+01,6.841970460653493546e+01
7.417450425308607009e+01,6.033045858008640039e+01,6.540533232143663156e+01
3.922352699300687107e+01,5.141061581520027346e+01,5.367627692501014991e+01
5.930415393452254591e+01,6.580166429852857846e+01,6.367589016824130965e+01
9.193004797153612628e+01,1.000000000000000000e+02,8.878115272454836315e+01
8.161054230878184512e+01,6.860108687208997935e+01,9.001367306031401938e+01
7.583234309839431830e+01,6.444618131776022096e+01,6.700346285115368516e+01
1.000000000000000000e+02,8.814936075081877220e+01,9.139064360483423854e+01
4.051575140882138015e+01,4.502519422206250965e+01,3.810986843975198468e+01
5.820239352719850956e+01,7.571903829155340304e+01,6.030039227832704540e+01
3.122129860362365150e+01,4.560578525487668600e+01,2.915348823098756981e+01
6.054870015272148009e+01,3.230104804140749764e+01,3.420901876138189124e+01
3.605291625173431669e+01,4.807633723095521816e+01,4.882762563770008768e+01
3.819546383145116408e+01,4.243320356948941452e+01,3.089924803709848788e+01
9.112905396458963025e+01,9.774837433753644689e+01,9.827372327979219335e+01
5.122781807204818705e+01,5.149779705696538201e+01,6.168950565942004260e+01
6.324481112228940560e+01,6.816859982215558489e+01,6.746967025640819315e+01
3.959322706312574525e+01,3.714710818752555355e+01,4.197682051864336472e+01
6.109911435346480602e+01,8.117914254997663193e+01,6.298389005362118809e+01
7.141958683824660170e+01,6.237946726385401064e+01,5.668074852259635321e+01
8.420394991161296616e+01,8.329180896211390461e+01,8.762253326136924159e+01
3.810519788392252849e+01,4.141209937097957550e+01,4.236795191749679645e+01
8.944016976647515094e+01,7.065686633049332954e+01,8.105456318357107648e+01
9.196159195453223845e+01,7.475742744291459019e+01,9.058818412348692561e+01
8.059744560812994507e+01,9.025684871808770993e+01,9.324452062331418745e+01
7.873632354086227281e+01,8.001710254926157972e+01,8.505325813271889501e+01
3.684651885506391977e+01,4.275320172953486519e+01,3.538493626818959115e+01
4.860578373995353729e+01,4.285405032246686119e+01,3.756417753802778492e+01
3.849131093595192254e+01,4.649388567997201704e+01,3.224159683907941343e+01
7.045380981517335783e+01,5.993159331590887717e+01,5.239362556864172404e+01
7.353772220134528936e+01,7.294147868616424546e+01,5.188859702877661562e+01
6.462490640560881161e+01,7.585756851401582423e+01,7.421522751411444574e+01
4.574897300312842674e+01,3.873583017002527384e+01,4.448422620218275370e+01
5.277622287880785734e+01,4.145911371779100563e+01,5.024755367024339137e+01
7.299287320252288680e+01,6.844220294744572186e+01,5.321739921224251901e+01
4.760136911981306440e+01,5.880614343967741320e+01,6.782698418735365919e+01
8.061538029702869324e+01,6.827524363636284477e+01,7.770902411571179869e+01
7.925567665064599510e+01,5.863393748042800269e+01,7.520036894564660201e+01
6.699096861413165982e+01,7.756200698889496437e+01,7.133920905912322041e+01
6.300976167241589820e+01,7.704564475850366989e+01,6.446450481609286953e+01
9.467237574884657647e+01,7.766918909503826285e+01,7.906014469297595326e+01
6.246245606108231385e+01,5.842221567017803352e+01,6.449735406302950480e+01
4.399218080574195255e+01,5.314278535082546284e+01,4.283000382697996145e+01
6.939895987592717574e+01,7.207180460505554720e+01,6.861099487122145035e+01
2.671306499358333397e+01,3.716441603218974166e+01,3.172513783925041153e+01
7.103023264422971295e+01,7.542862562882322663e+01,6.638845236542429973e+01
7.797465272843186312e+01,8.220156028575472362e+01,7.725944990638143395e+01
8.123050989994446525e+01,8.251764125948415085e+01,7.594000650838782462e+01
4.839183412444602084e+01,3.264008118265138592e+01,4.459734272385073695e+01
7.506813199607238118e+01,7.506793272082205704e+01,9.740846219801026962e+01
7.959475990352136421e+01,9.073392561070512841e+01,8.560319791350504204e+01
4.057011772462851695e+01,4.131104615260831991e+01,3.520938923634572859e+01
4.845287879233285366e+01,4.546902983583776603e+01,3.270950809013062610e+01
2.529630813556020286e+01,3.359125366131649315e+01,3.400993609904270443e+01
7.090242850289646981e+01,7.917882608582949899e+01,7.447622176009510042e+01
7.478218789985851345e+01,6.717875779806431069e+01,6.943487923999174427e+01
6.239464834577460550e+01,5.788268951548316466e+01,5.761682066917027356e+01
8.942300130700476757e+01,8.304231516647857347e+01,7.323794025170150235e+01
6.733695408356919643e+01,5.265001983642962813e+01,5.199784678711114339e+01
7.076355183674365890e+01,4.197719878927688342e+01,7.034887959585967110e+01
8.601112068273903333e+01,6.086065634784409895e+01,7.302008577635798758e+01
8.160492014678708017e+01,7.984950508600721264e+01,8.860432326077412313e+01
8.562987314571374498e+01,8.966115437487206918e+01,8.595880254588125524e+01
5.062148905814153466e+01,3.944689652219088316e+01,5.082868711655518013e+01
4.941969402348266271e+01,4.072740806782781675e+01,3.408116391801667788e+01
7.387208197806626231e+01,9.173975394817369988e+01,8.290026146554347974e+01
6.224386209040133622e+01,7.078082157288011445e+01,6.730399804379048589e+01
8.814074111171981940e+01,7.287781216244748350e+01,8.999511405843031753e+01
6.381700252444922228e+01,5.756707790093569344e+01,6.768526527589789055e+01
5.521132871150575738e+01,7.426535971903979316e+01,6.513430530993372258e+01
3.932008159250600698e+01,4.096830351730859121e+01,5.221042559989151499e+01
4.057626858586062468e+01,4.331112228298154321e+01,5.292967745320965633e+01
6.509462175307980658e+01,7.515597194564871586e+01,6.870454368860751515e+01
7.217462059119425533e+01,5.958110531435045232e+01,6.049161873972266790e+01
4.488675933128683226e+01,3.652639653392891717e+01,4.632314781572937790e+01
3.525423852103712363e+01,3.739563990784374425e+01,4.407918598781228781e+01
6.755293530117448597e+01,6.764889937960353450e+01,6.697742183226790758e+01
3.440598321468762322e+01,3.867479619452782913e+01,3.150362992922756433e+01
3.166729893902982695e+01,4.883743372322024356e+01,3.670130502236215619e+01
6.054505179802315951e+01,5.644162560154641284e+01,6.183401403152907960e+01
8.073874677638973196e+01,8.886512803583711673e+01,7.299307520690686601e+01
6.362776282209043188e+01,6.786854762565076271e+01,7.363278104729580775e+01
3.222704981589632212e+01,4.591754006730338489e+01,4.655474477647797471e+01
9.830518101395631447e+01,9.947604651248602181e+01,8.237045674990736188e+01
8.887843592983692531e+01,1.000000000000000000e+02,8.583731525045172361e+01
4.818368131208136163e+01,7.009883792535234193e+01,5.943002136443771377e+01
8.894273206851261193e+01,7.105770248530306787e+01,8.491000654249764068e+01
6.006471121505345678e+01,6.074615362969066013e+01,6.491018524730698402e+01
7.941084653410183591e+01,6.899766872566578968e+01,6.176795185551671352e+01
7.508573826383289429e+01,7.559435491877223967e+01,7.634772366647801789e+01
4.341686497647499721e+01,6.259334702937727002e+01,7.140575864272885553e+01
8.567695771866068810e+01,7.289049924231055400e+01,8.693845652475789620e+01
6.513664000162542322e+01,6.006252706598549906e+01,5.951678193314162257e+01
5.375036002439887284e+01,2.144311418599025387e+01,2.398763404449056935e+01
7.614605123305598511e+01,6.501924708048231594e+01,8.075720969290777873e+01
8.644857701903922020e+01,6.867648670696077318e+01,7.093799363196004037e+01
3.407185136176884299e+01,3.375047179082395132e+01,4.417888171067574632e+01
8.718153564284821755e+01,8.667047031672105106e+01,8.025804543029593674e+01
3.943774462388520163e+01,2.880475425374063292e+01,4.308252761178793122e+01
8.634848201617661800e+01,7.597341035570724443e+01,7.918324371684092000e+01
7.319918005553711282e+01,6.592320068842526837e+01,6.369157603899130748e+01
8.054121440134584020e+01,8.739388019113610540e+01,8.549080690790688664e+01
4.338150633047081328e+01,4.376683595530818849e+01,4.160657700369337419e+01
3.250721745911801008e+01,4.009543626557253049e+01,4.010443140540352402e+01
4.718537432405831566e+01,3.417108509968571894e+01,4.872132826952529427e+01
6.306760660115448047e+01,7.156106926009022118e+01,7.098419846145999657e+01
4.116750635315819551e+01,3.986369688530029265e+01,4.226454870407991393e+01
9.291689144168928749e+01,8.071806064618448318e+01,1.000000000000000000e+02
6.516556787397088613e+01,5.218115786447068416e+01,8.334804258660690834e+01
5.195865432734385081e+01,6.421272045013242291e+01,6.472610546205507376e+01
6.937852447297039760e+01,7.110626037180490755e+01,5.418268754359141326e+01
9.362838230739527035e+01,8.608005441127961888e+01,6.345413506670954717e+01
8.506352481643757812e+01,1.000000000000000000e+02,9.442342150102521714e+01
3.569030482760745571e+01,3.112463175648606750e+01,4.166913525189605849e+01
8.356564264284159549e+01,7.885957556456288842e+01,8.482243066469064274e+01
5.998884079570043326e+01,5.827512700010250057e+01,6.800046403880685375e+01
7.172619484242608223e+01,8.196235910068170938e+01,7.684041883643727999e+01
7.071990213063098452e+01,4.624673932726598480e+01,5.991333818402950584e+01
3.175038345248331950e+01,4.007338598545702979e+01,3.906986683751707545e+01
3.671727414838709791e+01,5.353852124894250153e+01,3.428695126239959023e+01
7.004951355265347956e+01,8.065702492510469312e+01,6.068243371787607288e+01
2.925372438311837797e+01,5.299828031919835780e+01,5.991403335218686266e+01
3.153171134417272725e+01,3.899992775744338047e+01,5.185164438127178244e+01
5.572966703354292406e+01,6.283541499880906400e+01,7.393213829000377757e+01
4.927159665901520214e+01,6.285950738511891700e+01,4.293160917257240072e+01
3.334781781866898598e+01,2.578905888923023326e+01,4.815608734131703272e+01
6.035296547927982402e+01,7.062815010843233665e+01,6.332880365923266908e+01
7.575308291934983629e+01,7.691519033143096351e+01,7.048312684778468906e+01
7.969794962649234549e+01,8.788546778193293108e+01,8.502149042007403068e+01
6.546608582613227156e+01,6.822094943495271480e+01,6.975350043273824951e+01
8.712468672916887158e+01,8.569218320528243282e+01,7.768378709640902002e+01
5.141988226947603380e+01,5.469909340390016439e+01,3.731248619967881552e+01
3.372593192867856260e+01,3.899964467312092609e+01,3.511920907154308935e+01
9.311635284851863048e+01,8.920805524352944360e+01,9.677875433739188793e+01
5.836546484674510538e+01,7.679668885860235150e+01,6.200155563741926557e+01
7.284815941487775603e+01,7.276470773479761078e+01,8.269503712221316505e+01
6.853638147468248576e+01,6.872232748359279242e+01,6.338071689130335784e+01
5.898759097189537925e+01,7.248494174916204713e+01,7.310035399509635567e+01
5.195329765509950448e+01,7.452039342879801609e+01,6.993835264529248263e+01
8.483831931327148368e+01,8.595773405227157582e+01,8.182547883163053370e+01
4.258779266793870732e+01,3.953956270027264708e+01,3.687708540320268469e+01
5.217247527601761448e+01,5.103930240557658493e+01,3.673512990657710020e+01
7.822163250301215953e+01,8.918055759292893470e+01,8.545279559973741357e+01
8.656548122901480724e+01,8.312017588405267077e+01,8.628640916683279727e+01
4.624442551458221118e+01,5.255996314704911754e+01,5.025032284935764437e+01
4.371823089680420082e+01,4.188090959843694350e+01,4.144749261331016754e+01
1.000000000000000000e+02,1.000000000000000000e+02,7.478448626141945965e+01
9.592238212929689212e+01,8.755525004103287756e+01,8.635906677062716597e+01
5.383887895260937739e+01,5.640069947991952404e+01,6.418624098316031734e+01
6.909458438255840917e+01,6.875054733192334311e+01,6.990808554808305075e+01
3.474903285161512656e+01,3.547489001315968693e+01,4.879353244438250670e+01
6.139132076936591886e+01,7.728424918875174399e+01,6.869681326014804768e+01
8.829104661575109958e+01,7.206498941652188250e+01,8.662919400208059528e+01
2.973481757917072343e+01,2.799663678223593166e+01,3.843996497876464957e+01
6.049015557456591097e+01,5.882273528872875801e+01,6.845379348907282235e+01
7.612014206309504516e+01,9.370933849635505908e+01,8.516667700348686765e+01
6.444402436170805970e+01,8.206664584345755031e+01,5.961937532768401837e+01
7.913555323659829810e+01,7.634842113056966184e+01,7.161842245321557243e+01
8.943012022346115941e+01,7.970008539169833739e+01,9.828605849093160884e+01
2.730321359361406763e+01,4.020102968972826574e+01,3.824051363786931290e+01
3.027361361192899736e+01,3.340301943036310206e+01,1.910243361344532786e+01
6.900550601186574795e+01,6.104626162478454887e+01,7.926213396032291314e+01
4.332223752212362911e+01,3.340714800588796152e+01,3.940189949269353065e+01
3.832645983915175947e+01,4.568247321573262099e+01,4.369881968536846983e+01
6.223842760912262406e+01,7.285324507695058571e+01,5.230244958890104101e+01
6.866019634624716161e+01,7.346689209458455139e+01,7.626359106077902084e+01
6.599764055070070867e+01,5.222782781230807103e+01,7.940404786753937572e+01
3.009763024430056788e+01,3.454204963093560110e+01,3.872262333742015272e+01
6.926293766379225758e+01,6.128428179455603697e+01,5.872451592260190267e+01
9.007377427836469508e+01,9.915485732090284898e+01,8.965971859908175645e+01
3.698724221581211680e+01,5.994191093310814722e+01,3.657956414936383993e+01
3.612001537367304849e+01,3.173616619441175146e+01,3.016044409393420977e+01
6.082901039000327614e+01,3.699116647552334314e+01,3.633534558665498082e+01
6.992203616266364463e+01,7.057199939436370073e+01,6.568689135330592421e+01
6.636269166629040228e+01,5.208646155583858928e+01,7.580317301841061806e+01
7.211269945501055645e+01,4.894818648726023014e+01,7.072396508253171987e+01
5.662282906968574281e+01,7.647027163604622046e+01,6.877632066470734173e+01
4.565114361345868588e+01,5.749366528745498783e+01,4.861814322973350500e+01
3.617468060387076179e+01,3.960925131412791700e+01,5.531028832054738587e+01
6.323635025375120478e+01,5.795841374660786727e+01,7.330087849137332512e+01
8.608770525357668646e+01,9.579310489596986145e+01,7.728599538885096365e+01
6.422558988151885728e+01,5.462699143372036303e+01,6.233594887446594868e+01
5.676799000180351129e+01,2.834289669664354960e+01,3.687457917920643524e+01
5.421768199855551984e+01,6.705820732072699286e+01,6.544776202863005210e+01
9.189948786358687016e+01,8.263694067606554938e+01,8.592542518324222556e+01
4.879481393830124603e+01,4.735530233392079680e+01,4.300876294043192871e+01
9.256554887247992269e+01,7.225138840081424974e+01,8.809502879165900424e+01
6.294471057975538741e+01,5.767898947378500196e+01,7.201655278000974647e+01
4.791667147675882177e+01,3.057357101508107533e+01,4.625880273934129150e+01
5.460322358257423048e+01,8.068876630767208269e+01,6.099549645420592725e+01
4.929970403745596741e+01,4.563718265776518024e+01,3.231202926460544234e+01
2.892013502939402514e+01,4.246477227611264027e+01,3.557997314502945585e+01
6.310998028184160091e+01,5.454739306740347615e+01,6.467494728033214813e+01
8.779918227349509152e+01,9.412013589844214323e+01,7.732397288480129305e+01
4.060619862415086345e+01,4.535803277369534214e+01,4.321401528004549419e+01
7.235932746832389739e+01,8.457902793221633431e+01,9.143886908884537945e+01
7.657490454144691228e+01,6.903274805267719216e+01,4.959094530840379633e+01
8.751111712161200273e+01,7.481314499396668793e+01,9.529746168995228572e+01
8.280793585924838851e+01,9.457848683084206698e+01,8.994183608614713421e+01
3.698245700168742900e+01,2.466547302587938617e+01,3.094410847938431175e+01
3.944458906544892329e+01,3.365556979095539702e+01,4.063140170146580488e+01
4.723271167914975877e+01,3.067234458913612372e+01,3.841641894451984740e+01
6.037250529620880002e+01,7.787044397845485832e+01,7.251299012404626865e+01
6.221868631075192724e+01,7.318390552861868059e+01,6.663873329469257101e+01
4.878518601750197803e+01,2.965651956798741651e+01,4.101793159178600234e+01
3.612215390760805178e+01,4.436635007879961989e+01,4.877862005762293762e+01
3.783460995725044995e+01,3.910434532614682723e+01,3.916170677081751705e+01
8.566480448924389179e+01,8.258012656606457824e+01,8.284102967674733975e+01
5.214433081156354177e+01,6.417283683860944166e+01,5.558186751668578296e+01
4.503523204881760478e+01,4.105499050496921853e+01,4.655011160277953763e+01
9.472912771717253122e+01,8.644323315667062957e+01,9.500819997852231324e+01
3.763083526247284993e+01,3.658988101857772790e+01,4.185550006902870734e+01
4.232586542293457654e+01,3.716329962198913250e+01,2.102243577549188558e+01
6.307899796974801632e+01,5.810719103056150203e+01,6.128623968622394358e+01
4.712021726194547000e+01,3.696078540713156713e+01,3.791938768436000373e+01
6.504043944968529445e+01,6.183604831078885411e+01,6.015453547850241023e+01
4.700592771008759030e+01,4.694454318756675093e+01,3.930102983605466704e+01
5.957588433183614995e+01,6.693650465103789315e+01,6.048534979963549318e+01
9.607049399084488073e+01,9.271699251372021422e+01,7.228247378831511583e+01
4.156246468036451347e+01,4.965658310080384297e+01,4.423912439679931197e+01
9.300264669850943733e+01,8.329036609356285226e+01,7.975744073942649948e+01
5.898690561739112326e+01,6.341810216305508874e+01,5.709939101896984681e+01
5.280037825055686085e+01,4.337973939389781464e+01,4.580823226431313344e+01
7.639504130577059016e+01,6.818551929031180237e+01,6.232999311009506727e+01
6.609369309835626893e+01,6.462545930511771530e+01,5.375483118461087884e+01
5.475669589642429003e+01,6.035670910509485765e+01,6.603944903195998961e+01
4.365651931341490410e+01,3.678055297678666591e+01,4.972003215265554843e+01
8.086812570666847932e+01,8.168661730754563166e+01,8.896104290956866123e+01
8.644765271817918517e+01,7.812032527700836226e+01,8.426831075507742241e+01
6.509352325331894917e+01,7.178281485192340483e+01,7.545246752789876155e+01
5.776359257515295553e+01,6.971261268679741363e+01,6.691390496214161487e+01
3.768875295317873508e+01,2.608947629983254757e+01,3.155004005867843375e+01
6.781345133176627371e+01,7.904859457718993099e+01,6.555511707690827450e+01
7.748118520989331159e+01,9.315869098774832935e+01,8.308679745190278254e+01
4.903585850358335563e+01,3.742771372276857988e+01,3.153876163101708130e+01
7.304761032459344960e+01,7.065422934008687150e+01,6.505835525315998780e+01
6.257847814439710987e+01,6.059134553743214724e+01,5.703286459300402100e+01
9.883651079066724776e+01,7.446909714898298205e+01,9.188753567745473561e+01
4.498632853001576848e+01,4.278347581746168515e+01,3.813719427107532312e+01
4.514868303546501949e+01,5.881851117849910793e+01,4.323244678496076432e+01
3.861622762988037749e+01,4.247518230038892284e+01,4.680490871655302243e+01
6.513344943104617357e+01,6.558796118514767670e+01,6.819887063810149641e+01
9.153772361127339252e+01,9.252192891093886828e+01,7.867412281794054252e+01
5.932300996724705300e+01,6.324407787940007353e+01,8.349653240962371115e+01
5.165351080733010747e+01,3.371983675786502488e+01,3.829728951659463831e+01
7.665951896298801671e+01,9.666751374004479658e+01,8.967817592902110846e+01
6.518647718443966710e+01,7.451768002119683842e+01,6.747192446539912680e+01
4.778749412181146283e+01,6.150378592911908981e+01,6.503327311024925450e+01
5.817595413791926973e+01,5.768776514922534915e+01,6.465902714714195554e+01
7.317429176125612855e+01,7.631840468947510203e+01,6.798075481196696046e+01
4.422701675892195539e+01,4.009113450000381818e+01,3.711771106593521807e+01
8.976434645934601519e+01,8.009317390848103457e+01,9.140885115899834545e+01
7.821947067011120680e+01,1.000000000000000000e+02,1.000000000000000000e+02
3.856266009375483605e+01,3.973898381992873396e+01,4.885231454873957091e+01
4.377230818036111515e+01,4.810172654255863023e+01,4.124343462134773119e+01
3.541622827568500753e+01,3.433571773633205737e+01,4.328187875537295781e+01
5.577485751623012789e+01,7.017941022328375311e+01,7.474656442291117742e+01
7.021207871728259420e+01,5.559423993268514153e+01,7.232278238201278953e+01
9.608888347791810247e+01,8.706572136391989147e+01,8.754821259913568099e+01
8.091217549187091151e+01,8.892984059223259408e+01,7.318204580496741585e+01
4.103825857969474811e+01,3.270650978937410258e+01,4.624432887597200192e+01
3.364765166640917471e+01,3.120273323324526871e+01,4.187438688301518397e+01
5.258543223098638464e+01,4.394626586715300220e+01,5.435650422705644047e+01
5.837780784415286917e+01,6.254350312189386329e+01,6.572950955174680132e+01
5.456516926117441102e+01,4.584619752910916191e+01,2.742367795477407455e+01
5.933424993003080772e+01,6.331759684170445013e+01,6.383003535506114900e+01
4.937690341981355857e+01,2.416598018652977942e+01,1.953856209732795080e+01
4.085188955682145462e+01,4.409119196939497698e+01,4.262080467416902962e+01
8.876682792717770099e+01,8.354888662283221379e+01,8.171624684985928866e+01
7.913835244014663317e+01,8.826072857165503649e+01,8.276682087978258551e+01
3.732892139205157633e+01,3.270145500357102719e+01,4.269235379420783971e+01
2.058153404163875067e+01,4.312682416974846689e+01,5.176458991379691099e+01
4.742193919640963884e+01,6.058013949575784096e+01,3.399998611001191051e+01
7.078823077383044904e+01,6.635586061466371177e+01,6.804983438862440437e+01
5.906159105892914596e+01,7.646034621595063641e+01,6.513876814426843964e+01
6.107581997525861794e+01,5.755815942964337495e+01,6.646183268435446223e+01
4.447016827790206861e+01,4.446812145286050111e+01,3.485773144287420422e+01
9.043063966683240551e+01,7.770359793576902518e+01,9.048578249235401927e+01
5.874721585075316455e+01,5.454949412959689425e+01,6.095008030126506782e+01
8.822133957744748045e+01,9.045345536150475141e+01,8.502800339488221937e+01
8.548291252521218553e+01,7.458014788476776857e+01,7.212654852128214600e+01
3.765277527148820980e+01,3.894319029749500061e+01,4.181730238709972980e+01
6.099446380920487343e+01,6.049727141769714933e+01,6.350823938705238447e+01
3.445269335066117833e+01,5.188125075950281939e+01,3.747332665344140423e+01
6.330800203122517900e+01,4.375870204363442895e+01,5.590570807157036626e+01
6.280764224813928109e+01,5.355410193919566098e+01,4.617798154974738623e+01
5.581580294490544247e+01,3.516293010766042926e+01,3.545246333025801988e+01
6.461102011797380840e+01,6.023702057228069151e+01,6.177881473477172136e+01
6.783267105622722681e+01,6.338236632880717281e+01,6.373707511021270022e+01
4.175901890418692375e+01,3.589202999041555131e+01,2.567559184438481878e+01
4.552445854619402610e+01,4.846267814503125493e+01,4.217866720902662792e+01
8.144684660634450779e+01,7.588525709149939757e+01,9.225478520331837728e+01
7.026620750883598987e+01,6.415146586128906847e+01,6.822818329223464673e+01
8.704968485123744415e+01,8.422925911047248348e+01,8.337237412317513474e+01
7.595515597502409832e+01,5.614265921802761738e+01,6.694972690966248763e+01
2.866526325922500718e+01,4.355050167506483660e+01,4.370695844826149568e+01
2.681778287116423343e+01,5.174465458132237927e+01,4.629213401065464240e+01
6.587350181044290309e+01,6.804055116063365460e+01,6.051886683849699011e+01
8.681820653095333284e+01,9.289090793375810051e+01,8.866163166438524001e+01
8.282106925418861465e+01,8.221240358214447497e+01,1.000000000000000000e+02
7.651053488397057833e+01,8.259127082352195259e+01,8.844953364298299903e+01
4.841228627460456835e+01,5.541083439447424297e+01,6.199706800897239134e+01
8.315227032706587806e+01,7.573984908894298940e+01,7.293551432289748959e+01
7.552526811285713393e+01,9.308783701891523776e+01,8.910592489080569578e+01
8.609282460618302935e+01,9.173920986383706122e+01,8.153132000528582068e+01
3.828915519204868190e+01,3.218203015094514541e+01,4.813741878096163873e+01
5.840135538593926157e+01,7.143741942505852194e+01,8.293219911309068948e+01
8.582706564640513136e+01,8.264339182174586540e+01,9.432857226265039685e+01
6.679269609783088413e+01,7.581920041105402674e+01,6.117139793802537184e+01
7.447078424457365031e+01,8.730911957693383840e+01,8.946809662985388911e+01
7.436019441653553486e+01,6.194257026892373119e+01,5.652459918362580993e+01
8.015670379444719629e+01,8.557513654906358624e+01,9.113662053722052292e+01
3.970200597958298516e+01,4.158045026022002588e+01,3.051852335574145769e+01
5.843230147101083105e+01,3.137599583375074275e+01,3.879746040458886824e+01
3.076331508458940078e+01,3.284573582494358135e+01,2.232044432307032622e+01
8.318663328962917092e+01,8.921185920316015938e+01,8.547914781103575876e+01
5.901268526660493308e+01,6.543088773852667828e+01,7.004122735542654254e+01
9.397588637304320969e+01,9.018556866484948387e+01,8.483095377590987596e+01
9.020911961748147689e+01,7.645290111573318370e+01,1.000000000000000000e+02
5.016857496688113827e+01,2.123369405997282655e+01,3.767629460687640375e+01
8.187876671110608129e+01,9.600400110808114107e+01,8.921817078744075502e+01
5.733628621981063134e+01,6.722496975783504070e+01,6.851184956373620594e+01
5.666730424229268692e+01,5.948936246252959137e+01,5.954862155295003845e+01
5.307770728070481425e+01,7.992462424828784151e+01,6.058459698835798690e+01
6.063545088362423030e+01,7.383880444145779620e+01,7.140682744494290546e+01
4.550889360783109794e+01,4.781332295982503666e+01,4.031450452819436947e+01
4.793981290866442890e+01,4.980129164079884418e+01,3.466279588985303661e+01
6.274614812789211982e+01,7.113329304380344809e+01,6.707482427564775662e+01
4.893124158239676547e+01,6.852085193690655274e+01,5.464382254567587438e+01
9.008720995875893323e+01,7.991035167662164440e+01,7.954403500359541113e+01
8.189694090900427170e+01,8.956031140577962901e+01,7.270406857335407835e+01
5.029864889284052509e+01,4.879983720273666847e+01,3.894217074775062315e+01
3.352410944885787103e+01,4.702446863126559862e+01,2.901597586491568848e+01
4.094130540907179494e+01,4.448238674848082752e+01,4.352484736572551327e+01
5.196573757668648597e+01,8.021357557537658067e+01,5.242019668965247803e+01
4.284300968536076937e+01,5.569604531073797915e+01,3.965647133634604415e+01
9.316341679630453143e+01,8.562264620128202353e+01,7.888820793229086803e+01
4.323897829375260216e+01,2.642745043539513716e+01,4.118627685433268937e+01
9.021527706083504938e+01,8.515782655294567860e+01,8.634983830313254316e+01
2.911793306968538531e+01,2.858290878251007072e+01,2.585902309648495390e+01
7.481470757687512219e+01,7.530138268340634511e+01,7.052926246488880224e+01
8.695029754986181558e+01,8.152730419670312756e+01,8.670321330903924206e+01
9.326749015682163702e+01,9.131157231561398646e+01,9.164892759974480896e+01
3.959530078853256185e+01,5.046332499023871065e+01,2.423987974422739455e+01
4.592514167874459474e+01,3.397500484967233092e+01,4.697998801714442862e+01
3.439365911264846432e+01,3.421593965821437422e+01,3.074297081124868214e+01
5.228394204982097904e+01,6.999842668020406222e+01,6.857117719583574456e+01
4.223091427717790936e+01,3.193685640301164241e+01,4.579426141964982833e+01
3.457542777205200935e+01,4.425703499105150485e+01,6.331395718732335354e+01
3.306395794941258970e+01,4.095380688901913402e+01,3.542840624642609981e+01
6.653898899789599852e+01,6.578556269442243831e+01,5.869522773376878177e+01
6.011899967193547667e+01,7.521403851930399753e+01,7.182540926627211775e+01
3.732054370181113967e+01,4.690473962888726334e+01,3.348664014411109235e+01
5.693667740196192995e+01,6.901597670333022450e+01,5.747364414161946655e+01
5.475855595399661269e+01,6.918778204117640485e+01,6.830661298788398028e+01
7.064841055996249963e+01,8.534482620895394689e+01,9.487191231276814563e+01
6.471277798722658758e+01,6.231989880594944253e+01,6.774055881363368314e+01
5.944213929862080903e+01,6.306754284039513436e+01,6.323765679985529431e+01
2.893809463761098755e+01,3.929658072464081897e+01,4.236826461634093732e+01
4.532308087178228817e+01,3.921211612392460921e+01,3.661361350364676781e+01
6.525630008249515868e+01,6.454511882324064231e+01,4.953002753971664163e+01
6.702058280082594877e+01,7.464790007125695581e+01,5.538977190169023856e+01
9.491116697421028903e+01,1.000000000000000000e+02,8.470555584546980299e+01
7.149782319968882405e+01,8.996999048163115731e+01,8.943695557952227659e+01
4.221566940175492277e+01,4.366847308969735053e+01,4.290407398171613096e+01
4.358779048058585204e+01,5.062218316411374985e+01,3.711993314152071122e+01
7.675687302102387832e+01,9.104648688648202892e+01,8.846545464628093214e+01
3.174082384356121977e+01,5.847875537672062762e+01,4.261474776310418378e+01
2.314246122136249539e+01,3.965493128287273805e+01,5.598011342243810162e+01
4.438991055091301519e+01,3.849863207257238429e+01,4.222514981163701719e+01
8.014054556644805416e+01,5.373849263783315422e+01,5.633063375778105808e+01
9.138395420245683454e+01,8.968262385367438583e+01,8.173725100531451915e+01
8.101862518519676826e+01,7.121787823469850309e+01,8.249699619806483497e+01
8.628133769530465713e+01,7.791856926565473884e+01,8.391941085075444562e+01
8.390131165626844734e+01,7.454805650481122825e+01,8.370398445742758042e+01
5.256434880575211821e+01,3.425999662217418518e+01,3.809590621696096235e+01
3.555862620520197481e+01,3.905129928940135642e+01,3.964193887011364126e+01
7.773081445761536656e+01,7.828336768944595292e+01,8.133456797054563481e+01
6.579978221993896170e+01,5.705734377755520370e+01,6.965644659876211620e+01
6.090973501103403720e+01,5.690617016598959310e+01,6.366910420118499303e+01
5.299988838541879943e+01,4.151640676731332036e+01,4.799442959761764627e+01
9.503120530604599026e+01,7.597765618745862071e+01,7.766766708732478719e+01
3.386783642416903461e+01,4.279817454172047064e+01,3.942947146299252381e+01
3.749476848873375445e+01,4.132412369613410164e+01,4.623063773696824796e+01
4.642868015502881462e+01,5.376615864932787048e+01,2.894254787698368148e+01
7.783924198609324208e+01,8.698133582791156471e+01,9.681780360203913460e+01
4.440953382961355089e+01,4.316407285090006241e+01,2.746353399811649609e+01
2.941840310116478108e+01,3.202202537918814329e+01,4.319819381378749057e+01
4.554689607724529310e+01,3.801028536599523022e+01,5.480867373205455806e+01
3.697371826108634707e+01,3.233232715443789118e+01,5.126759075397085041e+01
3.801397173894257975e+01,4.351178112334547876e+01,3.014442222332638721e+01
5.075523977672195031e+01,3.984271850331930409e+01,4.868428906544960455e+01
6.942877717263441184e+01,7.067854898609010661e+01,7.780689837001405351e+01
7.688448050669492773e+01,7.629434466757753341e+01,9.405214917143467801e+01
7.609829013717458679e+01,7.544698260968216630e+01,7.422589630553868290e+01
6.142065371545210439e+01,7.358049394395720810e+01,6.024577911971071131e+01
8.902448304255433698e+01,9.668354242739796689e+01,8.700443346909274567e+01
9.725336373110691568e+01,8.106234697351614216e+01,9.570142928808601823e+01
7.695713287841046224e+01,9.186466190475677251e+01,8.705219136526078216e+01
4.301558228556297792e+01,3.098409671839308999e+01,5.062904853479548706e+01
4.158704928501151699e+01,3.386226345175487751e+01,3.354974543452252789e+01
6.985327294367428408e+01,6.365596465560857808e+01,7.152171245590069759e+01
7.072134288853118278e+01,8.821711422886856724e+01,9.469396311459416893e+01
3.393910620366202124e+01,2.633280085637321832e+01,4.505443759369543244e+01
5.404602444888734425e+01,7.228315775854473202e+01,6.192067850203290647e+01
9.155575124699305434e+01,7.463049363541247772e+01,6.697555225892232045e+01
6.864954109931446169e+01,6.900952978326498055e+01,5.993118200971954224e+01
7.145460220717677657e+01,8.668836416533785894e+01,9.675498570684237620e+01
3.835427872792413950e+01,3.624880422492627474e+01,4.335033189381189089e+01
3.762271666162143191e+01,2.886322787004806401e+01,5.311951205492478323e+01
6.793478209460860739e+01,6.317330949383942595e+01,6.845120158144015932e+01
2.687710367552175938e+01,4.062424580416067244e+01,4.129610201590495677e+01
4.613873874156883659e+01,3.542019360692338381e+01,3.052242025495956312e+01
3.161126684137926190e+01,3.398370997078166056e+01,4.177705794039561482e+01
7.380313751962918900e+01,5.039271315168189602e+01,5.741043291765143408e+01
4.884805033202228941e+01,3.736864103733298492e+01,3.662930180283440507e+01
3.694559068498257659e+01,3.083380131280387815e+01,5.637925251087950329e+01
5.967098420520245838e+01,7.413608882195802607e+01,7.354834868225800903e+01
4.460813931587571801e+01,4.353614319766623453e+01,4.588787283892472857e+01
6.336903486691046083e+01,8.109540290349482916e+01,7.676739562004246409e+01
7.335475905413429132e+01,8.410720809599730785e+01,7.833934536003386029e+01
8.519163602561947357e+01,8.398993223449022594e+01,8.570198966719674161e+01
4.859942675669084622e+01,3.930164684096402539e+01,3.807433563349819394e+01
8.036235924185750434e+01,5.726273186658968939e+01,6.946360865114348826e+01
4.347907417170917910e+01,3.552342171160408668e+01,4.372064167600245099e+01
8.741576980220733617e+01,7.658218072500667972e+01,7.872700685085082739e+01
7.738940399142532556e+01,7.813067343319983138e+01,8.528225411881240348e+01
8.251187002160939699e+01,7.198875258011493372e+01,9.207981149723217129e+01
3.383324298833754540e+01,3.569463826761275982e+01,4.015060077264837446e+01
4.728982404152517915e+01,3.919377667243210794e+01,5.109594183927070787e+01
3.283615271617041032e+01,4.099332185706703768e+01,4.025125430063874887e+01
4.945618158777215001e+01,5.442009182279254276e+01,7.611317677247502900e+01
8.505700206825403598e+01,8.307174494814815091e+01,9.614065688717236924e+01
7.483556504271375331e+01,8.709447831243936378e+01,9.140215747325086681e+01
5.405540409796111589e+01,5.743175849728127247e+01,5.269971319593472003e+01
7.689341593893875881e+01,8.818224879482488632e+01,7.636132178711702068e+01
7.979266709808344160e+01,9.344771541571243745e+01,8.870432568826375075e+01
4.306308589108039797e+01,1.081269739828173115e+01,2.621229274075665572e+01
8.080327559758384837e+01,8.888079446745886969e+01,7.931105559520895554e+01
8.880015722726339789e+01,6.785452778568098609e+01,9.653762602010948513e+01
8.700604601465630594e+01,7.595352548827149519e+01,8.128547684358765935e+01
7.221747142364337435e+01,5.927671459299521217e+01,6.992886218797629283e+01
5.328336391959867058e+01,5.450312375313502855e+01,5.542021921895695868e+01
3.357438941112610564e+01,3.997438796774951442e+01,4.356005248912809691e+01
2.688488075628345086e+01,2.367312919481984324e+01,4.254632962122492046e+01
2.374453447965037256e+01,3.989421139321153476e+01,4.249143499040051353e+01
6.879233333957107277e+01,6.773108866444860610e+01,6.845020245854408358e+01
8.724991763045213133e+01,9.553424530857145669e+01,8.637413563849051457e+01
6.717797665302028065e+01,6.517407872637861033e+01,6.383738432116449246e+01
3.500766848096631634e+01,4.060633239971482311e+01,4.717889167216019075e+01
6.966666370686125731e+01,5.646061447218846752e+01,7.378017204515924732e+01
6.391907193659720576e+01,5.825952760643590977e+01,5.493412916812562941e+01
7.528657083673320471e+01,8.748164760409494534e+01,9.205163808947098403e+01
5.039316987333478437e+01,5.996627801884676501e+01,5.708515955910301187e+01
8.260669505446506378e+01,9.918194100046994777e+01,7.590255880962295976e+01
8.472450414908693972e+01,9.474435481745925358e+01,1.000000000000000000e+02
5.107170052934846893e+01,3.865446363818438158e+01,4.735843472153593581e+01
3.792632592547933257e+01,4.050158642589371283e+01,4.086027344042907572e+01
6.860322698175690448e+01,9.456761780864906086e+01,6.999384589273667245e+01
7.329310867672809593e+01,6.860155177849146924e+01,5.400404820287175767e+01
8.869177011611675709e+01,8.650905846095749041e+01,8.033241897797748265e+01
5.402732460028947514e+01,6.177487758203525203e+01,7.402757045380772638e+01
6.951397519748142884e+01,6.029285301674234887e+01,6.616593919231229393e+01
8.233789257264460559e+01,9.132150995028979423e+01,8.577372774378997633e+01
5.803120240105246808e+01,7.718763085836742732e+01,7.200671824242250807e+01
4.479727099376286503e+01,3.427887257213695449e+01,4.564027197928002266e+01
8.127320528046465142e+01,5.625067614453402598e+01,7.115587522837333267e+01
4.637554952022572508e+01,3.439167340809756723e+01,5.281257102316340735e+01
3.419686782393619495e+01,3.497212215890568388e+01,4.619595763092296892e+01
4.735538941317588524e+01,5.217360362189567269e+01,4.287036867125003425e+01
3.949456137466854955e+01,4.068199017087548697e+01,4.899795359121388572e+01
5.939412335613896943e+01,6.040672723130902000e+01,6.637431692159697150e+01
5.631018951054308275e+01,3.579035488964692036e+01,4.676787343805433750e+01
6.424923795680642513e+01,6.644780956027047125e+01,6.084487303725182983e+01
3.849446514359135563e+01,3.645304096378298198e+01,4.876913893084271479e+01
5.349166093265998256e+01,2.909479589131794697e+01,3.720219760549781540e+01
6.791304717498867660e+01,7.028388179221427379e+01,5.224739940823336326e+01
7.611379661664911112e+01,8.043129311260561565e+01,8.115759344882580706e+01
6.052487259595660873e+01,6.717394513080722618e+01,6.833740065810579267e+01
7.225606099463996657e+01,6.548543277629653403e+01,6.793873153154945044e+01
8.821492789694376313e+01,8.768387109027980841e+01,8.466173636345217801e+01
6.067499609147822071e+01,5.977898138345719303e+01,8.030147723962825523e+01
2.296641688639985901e+01,4.206112336736928370e+01,4.676386486785483498e+01
8.932828305814345526e+01,7.694552379787357665e+01,7.868266762163402461e+01
4.368593608094770531e+01,5.614247497284713972e+01,4.141784116214489586e+01
8.886608798466373571e+01,7.936718169973836723e+01,7.622726674668351166e+01
4.667620437895246255e+01,4.839598884690654756e+01,4.675149513242684662e+01
8.136113143632277911e+01,8.302044615919194825e+01,8.967240147500676528e+01
8.082209586731751472e+01,1.000000000000000000e+02,8.692679633147631080e+01
6.359129842752296469e+01,7.036083273389726855e+01,6.881259667412999192e+01
4.025252533831931601e+01,3.721292519150142653e+01,4.981832917313754194e+01
9.092003564410757122e+01,9.146414587635956650e+01,7.262628029418223718e+01
9.052044608822053817e+01,9.004566759317557967e+01,8.129592330974593040e+01
8.242034669079794185e+01,9.370383336531968155e+01,7.936941458180456266e+01
7.886817761813568950e+01,9.305757531104205782e+01,7.739199460330104330e+01
4.270617779061770136e+01,4.372231900318671904e+01,4.769884569067491498e+01
4.700524425482640822e+01,2.237845887091708619e+01,2.788990698688019521e+01
8.348212081600215129e+01,1.000000000000000000e+02,8.192884262103135029e+01
5.651865684105631260e+01,5.728138302429707096e+01,7.399436218950826571e+01
3.638892439228483511e+01,4.057614113533642097e+01,2.963727052427172026e+01
4.351053218689357038e+01,5.161670505631451533e+01,2.949097512796669207e+01
3.795334342927340998e+01,3.406246324802050651e+01,4.739486205749947345e+01
6.395191652357288348e+01,6.150227706511124381e+01,5.742459475154491599e+01
1.000000000000000000e+02,8.368716823061710386e+01,8.524973766517517504e+01
7.132448448519471640e+01,5.690496040668372046e+01,6.668683105711822634e+01
5.095801304559688560e+01,6.960498886723182466e+01,5.617800646471695813e+01
7.778920383186894583e+01,8.296934901633306936e+01,8.959900515464370585e+01
4.160004246574604281e+01,1.879821162161459114e+01,3.727595123974528946e+01
7.628562722550924491e+01,7.682627671507593448e+01,5.762813782655155137e+01
3.508818558885682393e+01,5.160943079216851004e+01,3.647478062744205829e+01
4.010700650172690018e+01,5.032823244147308372e+01,4.209136330183974906e+01
8.868782381030038664e+01,6.981520597332273326e+01,9.649301583571354968e+01
5.690873020382606029e+01,6.630136122048419622e+01,6.286497241726381446e+01
8.977709221417912033e+01,8.913790192415731894e+01,7.439030347231366136e+01
4.403555718129974395e+01,3.440782517516858974e+01,4.034104819550197618e+01
5.299752887318351213e+01,4.779390504245946403e+01,7.501524169468767411e+01
5.942695582907011698e+01,7.017379501877654491e+01,6.507442338656377956e+01
5.214982480843532642e+01,7.211989626053467362e+01,6.531450409842202021e+01
5.928995231711747493e+01,4.453126941917980020e+01,3.523437379669275060e+01
7.840364288449698904e+01,7.967877708955140292e+01,8.868933411818808565e+01
6.099595471836833127e+01,6.216223798807399703e+01,5.449198440536588350e+01
5.256158176471736709e+01,3.381363429595205616e+01,3.288142691025080921e+01
7.106374171747609125e+01,7.774945863579311833e+01,5.845119702878610468e+01
9.162955887232782004e+01,8.951005145316513278e+01,7.947226680704997648e+01
7.314174237906323128e+01,9.389136166972302533e+01,7.199661667110935070e+01
6.994971987539663871e+01,6.273291658787159264e+01,7.214084841806297277e+01
6.316657350883464517e+01,8.626016016408297560e+01,5.352463280793951839e+01
6.984544712024269586e+01,7.284822478511675570e+01,7.462856036816127414e+01
6.680458797782858937e+01,6.304936599582742218e+01,5.865898052283871777e+01
8.479273867957213895e+01,7.758325735707347803e+01,8.289913593524792645e+01
3.234530629696282489e+01,5.157646956824881812e+01,3.874862816685361366e+01
8.036405423501845746e+01,7.598276718212943592e+01,7.843859182870126290e+01
7.791243690047363657e+01,8.739816765273839394e+01,7.672177497833041571e+01
4.565632580077519975e+01,2.715893438833266060e+01,2.736225042244460326e+01
5.952985886278173666e+01,6.695698112891425069e+01,5.463662719200716822e+01
8.742437251105688745e+01,7.821103106868396537e+01,8.481603219115953607e+01
5.006551130708240294e+01,6.219959188071250367e+01,6.195234017594087561e+01
6.085538101405285261e+01,6.105928034169137675e+01,7.147636412440100173e+01
6.449968643396199752e+01,8.923870711097714548e+01,6.742843388952343275e+01
4.779115302573920587e+01,4.558853076297204154e+01,4.081540709898126096e+01
6.948394164078685264e+01,6.210104772349136937e+01,7.489251290724180876e+01
9.961124027156311911e+01,8.233313247813210012e+01,8.701978271970415335e+01
3.572376451149364129e+01,4.523207712119469193e+01,2.936648694559944772e+01
6.637018209236545374e+01,6.921144218036383222e+01,7.305963970106429883e+01
7.685776772634611120e+01,5.541500186641451364e+01,6.594795838531022980e+01
3.629936922170332281e+01,4.988382877971316987e+01,3.967267070581286248e+01
1.000000000000000000e+02,8.821672565768375307e+01,8.461549450089357549e+01
5.661584423243002107e+01,4.055504908106222928e+01,4.128152474653660420e+01
6.929922468513076694e+01,7.640004448239817236e+01,4.634962615823329202e+01
5.153843832948995640e+01,3.599404204994466738e+01,2.675923725451853130e+01
5.770854749709238263e+01,6.577243797039866990e+01,5.773970642384068697e+01
7.795775223993597081e+01,8.834437323039654189e+01,7.678060260105841905e+01
4.637818048935424287e+01,4.013400567257393448e+01,6.543891591058810775e+01
8.473538907992723068e+01,6.915702521411211023e+01,8.261353117466360629e+01
6.230753427896514296e+01,5.887933842912151761e+01,5.835855529760807059e+01
8.583421883097231841e+01,9.148529280236475358e+01,9.414901412164890360e+01
6.691099459955876227e+01,6.296763664476869593e+01,5.752139029068443676e+01
8.018187421206793886e+01,8.048027562198338103e+01,8.249595349714886083e+01
3.298748140653442817e+01,3.730056196715059968e+01,4.085958962157852881e+01
8.358686569166172831e+01,8.619873363384833453e+01,9.734324012862872166e+01
3.777123381755036746e+01,4.915674671061904633e+01,4.479067338124855269e+01
5.110686310053406345e+01,5.865977061365583722e+01,7.611476096644042855e+01
5.054012194786066914e+01,5.424080242879605862e+01,6.365556022427792726e+01
4.004420060905592038e+01,6.394574541636060161e+01,8.356184300114284724e+01
3.971732358164841514e+01,3.721360704681154630e+01,4.665246417987054883e+01
6.212416248387489048e+01,6.089304984947154509e+01,7.764838947097499045e+01
6.854734175028639243e+01,5.716953090941680671e+01,5.483421920804789096e+01
9.223677015911303556e+01,8.065172809817121902e+01,7.546013495232854495e+01
6.857000611247883626e+01,5.399850066313383934e+01,5.613776441532817074e+01
7.844071658385689716e+01,6.043315209529122001e+01,8.310509591581644884e+01
4.333977566993611674e+01,2.943608812674370157e+01,4.683748584108449364e+01
6.427649288908227732e+01,7.401230625425993992e+01,7.967804991300403117e+01
7.258623499374961341e+01,7.453519875343076251e+01,7.624932844073852323e+01
6.436414209704494738e+01,5.523829059652385354e+01,7.140703391770432518e+01
9.626418026542069128e+01,8.181255281723612427e+01,1.000000000000000000e+02
2.522328331263757661e+01,3.749259333853125042e+01,3.038784427265022714e+01
4.659794197238374380e+01,2.490956057613296437e+01,4.929493088690838221e+01
6.568374261224393251e+01,6.079389512309596455e+01,5.115737269533431686e+01
3.768268360139655471e+01,4.879014097890377855e+01,3.246255202432556075e+01
3.131777552270452247e+01,4.507249884863225731e+01,5.103109359684968638e+01
6.782693268821631705e+01,5.659694766880989647e+01,7.099301271445298767e+01
6.400016670961579734e+01,7.213103017779846482e+01,6.676130379383153013e+01
6.875224529244940186e+01,6.239701988667886923e+01,5.644983121531583947e+01
3.533604893068746122e+01,4.496297915145086677e+01,4.353777649629279267e+01
8.043213965906633689e+01,5.890791473087043784e+01,6.105109612711138567e+01
7.719994829137237957e+01,6.807784298120076016e+01,7.263884300020203000e+01
7.420467821594421309e+01,6.819437178348469786e+01,7.306285944391613896e+01
2.570618724924072040e+01,3.644702836507588017e+01,4.607508167064594318e+01
7.449152777695843497e+01,4.737967977667639730e+01,6.311924878493373825e+01
6.217340090040698897e+01,5.969065466053081082e+01,5.951734540871301249e+01
5.907124568326747038e+01,7.271181268657799990e+01,5.421922918432309046e+01
6.428527413069988938e+01,7.053273614085824761e+01,6.569154510694546900e+01
6.850599993659075437e+01,7.668680670262402543e+01,7.213447187162613261e+01
5.434738914365055251e+01,5.929318041838801179e+01,6.741891181001588507e+01
8.717973660712952721e+01,8.752318714395890709e+01,8.325945936122337798e+01
3.854111232557767863e+01,5.016984840205519447e+01,4.004392326029083904e+01
5.195953048987516354e+01,3.307335107445405242e+01,4.774622683673185009e+01
2.718408389434942052e+01,5.149793966276187263e+01,4.080972292605802920e+01
7.536058589907811722e+01,6.042077256268849794e+01,7.235688820829849988e+01
4.971351863142801619e+01,1.861732453517649688e+01,4.316747099544659250e+01
5.480682907433013895e+01,4.760932136623141275e+01,4.565104117139668460e+01
3.234277737753480153e+01,3.917369267969156255e+01,4.716624408829805759e+01
7.398078547803656591e+01,6.198071974842608967e+01,6.583732292440461720e+01
7.173133105707492518e+01,6.879227464459455632e+01,4.742691559600771711e+01
6.518808172827580449e+01,7.470499942348541822e+01,6.328584454798374992e+01
7.617274037347051774e+01,1.000000000000000000e+02,8.852438149075450724e+01
6.300206039671619607e+01,4.926826823284361723e+01,6.580626873448046865e+01
6.453312511618776171e+01,6.221561570470765901e+01,6.890378284890535099e+01
5.656727847896211614e+01,5.768441946729153358e+01,5.652477378406402408e+01
5.623875136069734992e+01,6.477642388960943265e+01,5.585198874167122796e+01
2.554534798276619512e+01,3.816812016837560151e+01,2.745193729569923846e+01
4.317593043599072189e+01,4.048308742739533983e+01,2.957878306532428425e+01
5.821727943377817382e+01,4.935339339266771219e+01,7.639876496651832838e+01
4.981227796485276116e+01,5.240941706313808623e+01,5.004305968726208675e+01
6.904717648002328190e+01,7.043197220593945929e+01,5.503747592759888363e+01
8.121865359773183002e+01,7.388771896700644959e+01,8.080014368866969221e+01
8.651716417330578679e+01,9.184698496863211403e+01,8.262607417467640403e+01
7.792258015566744689e+01,9.903695042784249836e+01,8.420947568085182411e+01
4.863300615793421144e+01,5.545103551256694630e+01,5.053446737338757799e+01
6.422031323225382948e+01,6.255797233946115199e+01,5.295286285080074151e+01
3.624130793201018719e+01,4.348366668765934406e+01,3.375653236284438918e+01
7.094453043736643849e+01,6.757841949695496453e+01,9.429673963864892983e+01
6.088230381933425406e+01,5.867416068413431418e+01,6.802697470479806441e+01
4.696444487535781320e+01,5.183419608539384171e+01,5.435496043680286959e+01
5.905883728384568343e+01,5.785626894388917663e+01,6.731488499692852656e+01
5.655496921303110724e+01,5.697758003417796147e+01,4.225657596981839959e+01
5.829174635891820344e+01,6.506557603447856764e+01,7.604629363546861498e+01
8.363585517404239056e+01,7.858894556765254436e+01,8.009772184899171066e+01
8.169371635249042640e+01,9.042176033950244118e+01,8.141951711572669126e+01
6.924126327593249641e+01,5.910760571549673159e+01,5.728163991785945797e+01
8.052591287999780434e+01,7.770182881752812420e+01,7.588960293155435011e+01
3.718039558223650687e+01,4.732062819499376616e+01,3.896361089772537412e+01
9.209897288386514447e+01,8.547883121701261189e+01,9.152132448238774032e+01
8.763186612858146418e+01,7.803798761506099879e+01,8.929453835310866339e+01
7.815493361413059858e+01,4.955135957639340205e+01,6.138436555259204397e+01
2.278107341716572165e+01,4.192337083302472678e+01,3.599828112994990192e+01
6.824639003057143327e+01,6.928133163601073363e+01,6.478093960871653678e+01
6.413760691717085649e+01,7.117376382385273814e+01,7.611807372086254020e+01
4.609719393566948753e+01,3.775945098495299845e+01,5.453221596912084124e+01
8.721555045476604562e+01,8.395020138123166475e+01,7.137388239295289338e+01
3.277213970220927308e+01,3.411789390591734161e+01,3.224145549390539855e+01
9.065024268025035781e+01,7.818535727042898031e+01,9.282454417200219154e+01
6.596147074207807748e+01,5.705414839989231979e+01,7.118616193858618146e+01
9.356884679119688997e+01,7.697450050613312555e+01,7.926684869529250932e+01
3.183789366305263258e+01,4.081045644122610838e+01,3.137810913562189086e+01
5.129053588701369648e+01,3.929731457117040350e+01,4.163765348816423995e+01
4.166734289491025578e+01,3.263876518902779367e+01,3.812848033857287788e+01
4.635773625845315138e+01,3.577511571689199599e+01,3.656214132042022413e+01
4.235650275062248227e+01,2.475756984348154432e+01,4.129336739245784571e+01
3.761619293752482918e+01,3.871167775363130659e+01,3.641503353875565097e+01
6.269602487200699414e+01,5.751637483228283543e+01,7.361722728345799283e+01
3.911662479593271513e+01,3.309863745034351723e+01,5.687988331266689812e+01
7.374385976884789784e+01,6.981747295096337780e+01,6.738844834916540094e+01
5.653166244773287730e+01,6.947761560242935275e+01,7.561493565455820942e+01
8.363640773421590779e+01,8.734145705547611271e+01,9.142345898012922589e+01
7.578641709265399129e+01,8.640825260684442810e+01,7.626168464281968795e+01
4.829099394047183580e+01,4.377960811484241077e+01,4.121840298037855632e+01
9.371607091223096120e+01,8.595740166460878129e+01,9.047882245777397259e+01
8.860461941055072543e+01,8.479587498571747517e+01,8.914175891666418750e+01
8.950040352113333597e+01,7.532852766336276318e+01,8.049038225924620349e+01
3.209098280452315066e+01,4.360253822435050353e+01,4.002486840148509373e+01
6.630588334973887754e+01,5.131567138553154450e+01,6.604945963613295135e+01
6.305487637129844103e+01,5.727053947009481760e+01,7.345863234388689023e+01
7.204441386717223850e+01,6.275988501023495303e+01,7.496003963038688767e+01
9.687824717166107291e+01,9.253157154437529641e+01,9.038687205007282444e+01
3.464434229431561363e+01,3.866563627125700009e+01,3.578371014349107782e+01
6.611736065821136776e+01,5.917261761938407716e+01,5.878518312719718608e+01
8.175447148460465030e+01,7.964805492244047969e+01,9.365842951222973056e+01
5.814066042918756949e+01,6.768111959425964130e+01,6.269006600064489021e+01
7.581447986942369255e+01,4.894217489767552820e+01,7.685655230237132685e+01
2.970087349507523555e+01,4.023779729463217336e+01,3.818931653574292540e+01
4.944981411531993842e+01,2.177048797243714517e+01,4.471480401310672903e+01
3.506914357387910286e+01,3.896993139416264995e+01,3.195558447284063419e+01
3.952399577370610473e+01,4.850117891225443145e+01,3.843960119036454159e+01
4.361617308627381107e+01,3.629465436380034760e+01,5.587964011027026601e+01
3.661951213761003032e+01,4.095037231922321297e+01,3.680360846729256963e+01
5.828062834007176463e+01,6.122045985738370177e+01,6.708932882303224687e+01
5.870198136525679189e+01,6.140013590696655399e+01,6.175533567255079959e+01
5.616511759020665551e+01,2.612019134363653805e+01,4.399830483436639383e+01
8.447099889229063763e+01,1.000000000000000000e+02,9.852214971099496665e+01
3.696258823321461762e+01,2.557715042865693889e+01,3.398271305545983978e+01
5.407107265209403124e+01,3.640750699804328150e+01,3.929254498846177768e+01
8.736228970880921452e+01,8.560526370959894393e+01,8.708108927298538049e+01
8.409428511270226636e+01,8.220481504893402303e+01,8.949992859487991836e+01
6.929684397170326804e+01,5.617631600221548638e+01,5.688667228016253574e+01
5.643996650534758430e+01,7.486523767987451095e+01,7.316999788699351370e+01
4.446493609559723126e+01,3.871101186034903918e+01,3.149481031875661685e+01
2.601185576413180911e+01,4.693117920286079681e+01,4.200258634552370296e+01
3.385163368166871578e+01,3.605580595694065238e+01,2.219709450321613886e+01
3.703856791503943668e+01,3.743237599426924334e+01,3.506690288060426752e+01
7.107465385013952641e+01,8.243911446625571671e+01,7.391977628485236096e+01
5.746025138462748316e+01,7.436056792309264551e+01,5.856310834934418352e+01
5.103865863803510194e+01,4.967616561954309162e+01,4.381928458748870980e+01
6.257333797382005969e+01,7.359175633150189810e+01,6.253201655597706576e+01
8.997436083960653264e+01,6.707160433860650528e+01,8.398725955570256474e+01
3.478271970210443698e+01,4.180262937191362482e+01,4.173346262927532280e+01
6.941751588347722191e+01,5.581224020499993088e+01,7.450950921287495987e+01
7.595728554738157356e+01,8.593302769991670687e+01,9.738727386367901317e+01
4.006395223639050585e+01,3.907732004154131289e+01,4.851449748997745814e+01
1.000000000000000000e+02,9.310062749748119870e+01,7.151071291449731859e+01
2.874799498390213870e+01,4.816977831375306351e+01,3.570322408347109899e+01
5.860160745549224259e+01,5.997758051943467450e+01,6.171343075192203997e+01
7.327205213300634057e+01,7.110078554825466313e+01,8.622426183722072324e+01
4.945503437762894805e+01,5.835953696401531943e+01,6.684116355243499186e+01
4.524494448937106483e+01,3.132311502051009455e+01,5.130010455968805161e+01
4.935796944788413043e+01,4.739759357415833563e+01,4.356912803398139999e+01
9.238799043931898325e+01,9.761389908479942790e+01,1.000000000000000000e+02
4.388158585182165439e+01,3.808306275652282125e+01,4.292389876030803464e+01
7.437042905693131445e+01,6.492838128182224011e+01,6.461590118598617494e+01
6.606748926267755451e+01,6.323843412044848122e+01,6.192883020899309088e+01
8.224303182233420273e+01,8.899051646705034102e+01,8.390921720089410485e+01
4.617769181882003693e+01,4.081456490482639055e+01,2.869887181919022723e+01
8.474183018708045267e+01,8.737843396767566162e+01,7.859263731282582910e+01
3.081727017479691355e+01,4.754041240932227197e+01,3.655072604155577665e+01
3.857546722687835228e+01,3.691292721310820468e+01,3.917310573344828128e+01
5.699086060423319111e+01,6.833470153936607971e+01,5.695682267042198532e+01
2.388228415253268011e+01,3.185609020985855011e+01,4.960336319928160265e+01
3.797822149941553249e+01,3.830762717535576911e+01,4.327800975698631447e+01
5.822915308132159851e+01,6.074361490452475465e+01,6.672400959841574775e+01
4.820925024617769594e+01,2.682486014361068882e+01,3.345464385679824204e+01
5.946189096927103890e+01,6.061582138923467511e+01,5.902707214681605308e+01
4.285233902636360170e+01,2.510178425590020268e+01,4.125406530304559283e+01
3.931924023660067746e+01,3.299759351870147128e+01,4.520591542125782070e+01
4.768925770974280454e+01,3.707276603890036171e+01,4.039029684027704548e+01
2.771132032764220554e+01,3.088675139572575290e+01,3.965432138483188140e+01
4.099212254884483997e+01,4.971777179598224450e+01,3.519694056866919141e+01
7.512189538939966837e+01,9.946361214906781356e+01,8.174460308619444504e+01
4.704245561674051146e+01,5.385325275460315453e+01,3.532957262195105130e+01
8.191988358892146493e+01,8.764897877956140348e+01,8.159892867134209382e+01
8.430221560493689026e+01,8.786191007396692498e+01,7.854438499871977797e+01
7.448903873163361311e+01,7.109204265925396271e+01,6.451323160502367671e+01
7.480817742439094786e+01,7.184242866656629189e+01,7.286594305598451626e+01
4.081120026724205019e+01,4.183565179555729685e+01,4.375629093612661080e+01
8.265338092074607346e+01,8.993910219646379289e+01,8.232084702326453396e+01
6.594402697818796355e+01,7.169324475636477700e+01,5.524231217672759442e+01
4.605663024911041248e+01,6.191546238419800119e+01,7.433709894089250270e+01
8.319279175208670551e+01,8.061407838789442337e+01,6.965009258485051191e+01
7.595105224720313686e+01,5.815297317774212615e+01,5.730350641944272638e+01
6.550362348172815530e+01,7.482966451179387946e+01,6.059780135180622551e+01
6.578065792742775386e+01,6.747938539679478254e+01,6.227099604951710177e+01
7.536771503222858826e+01,5.913483001548917173e+01,5.384184751751998732e+01
3.415626992872838485e+01,3.776057739037716487e+01,3.315107850375515852e+01
6.650629094072672842e+01,6.983368277785476153e+01,6.937790077070751238e+01
8.338702961420571569e+01,8.300150137188957444e+01,8.541790546413659513e+01
6.631801683123771340e+01,5.498705416030653481e+01,5.997919859124638720e+01
3.510723353296705795e+01,4.611276831481367822e+01,4.391291468994440095e+01
6.736713024951396278e+01,8.647501285437068930e+01,6.940691524553788838e+01
6.430161352744194403e+01,5.875735484640188844e+01,5.865577480534601307e+01
8.539779399085843181e+01,8.680634360543173500e+01,8.302626276214881784e+01
4.485386541929381110e+01,1.611341972712061121e+01,4.436193763542765112e+01
4.820278427406204003e+01,3.746170619798047596e+01,2.827051214024366388e+01
5.047640547888421736e+01,2.718192367152859745e+01,2.998682228715088627e+01
7.339081431779649733e+01,7.344590674895626137e+01,5.426455542537999577e+01
9.427824973340037218e+01,7.785345366525861266e+01,7.595298494284477897e+01
4.515194142824987722e+01,4.575420189536256999e+01,3.077587694453895750e+01
7.603553738385626559e+01,7.499409803017513809e+01,7.461570656923100842e+01
2.704102404486584277e+01,2.202185155727315546e+01,4.801396318121205553e+01
8.472433493761779744e+01,9.005064484566179317e+01,8.566158844259857119e+01
1.000000000000000000e+02,9.355925663688084626e+01,7.668126497165715705e+01
3.538521221481349954e+01,3.986530621013259434e+01,5.457644177074273983e+01
5.025148077965324944e+01,3.412780424622529551e+01,4.887160458365142546e+01
5.944839389268701524e+01,6.065687312119164432e+01,6.339865304748636987e+01
3.763775621823958772e+01,4.286482890127372514e+01,2.304716847826133730e+01
3.778639927931429554e+01,3.523128880275066876e+01,4.006804501378523042e+01
6.272912544546996116e+01,6.662874406307182085e+01,6.953172419828968032e+01
8.019297554475511447e+01,9.967663270969137557e+01,8.348187470710077207e+01
5.759738587142098254e+01,8.037132261572364200e+01,6.995175311058960688e+01
8.093533483201605350e+01,6.599696069313881708e+01,5.933526759727011068e+01
8.705615881516970944e+01,8.194006614826380996e+01,6.956661717280930191e+01
5.133866706747480890e+01,3.969551901246392589e+01,4.443251869156696188e+01
3.383069790320043779e+01,2.678878534061650996e+01,3.100687585468511287e+01
6.704210168450181584e+01,6.931209239525614407e+01,8.066698844580994887e+01
4.444925492159272551e+01,4.517047546709082440e+01,4.585121314974571760e+01
6.988552894579515851e+01,8.269527400156971453e+01,5.129503314335743624e+01
7.476306152021550133e+01,5.963823125380843493e+01,5.841732433981027128e+01
6.152360054790665345e+01,7.382875021790464132e+01,5.834864279941573528e+01
5.699833101278559866e+01,7.416609830712711471e+01,8.128685824995436349e+01
7.491221346710194950e+01,8.315030284727041021e+01,1.000000000000000000e+02
8.841486587551135301e+01,8.105012931360596440e+01,9.667029159796888393e+01
5.301921071571748456e+01,3.952766226155955565e+01,5.912178168521442956e+01
7.955290856794275101e+01,8.955422508474268284e+01,8.461482112003837130e+01
6.415462659620747843e+01,7.802636309561437145e+01,6.822226059032941237e+01
9.103989091431705560e+01,8.362779519462588951e+01,1.000000000000000000e+02
7.849096230691679921e+01,8.916619817508087920e+01,7.406746092153198902e+01
6.880060589974951313e+01,5.408464060891716230e+01,6.847742382419544072e+01
5.658246238938922090e+01,4.797558024561566725e+01,5.260589793737031528e+01
3.948996588007481279e+01,3.831424816738589811e+01,3.736757062361427018e+01
7.774745556948322189e+01,9.397030035633345335e+01,8.095570534514520489e+01
3.685090022962364742e+01,2.704742543905468466e+01,4.091100155313609577e+01
5.663446799288354327e+01,5.272752093422830910e+01,7.904539144185852706e+01
3.845849899130537608e+01,3.918211417630286775e+01,3.982060553384175705e+01
6.068243386507391790e+01,6.811699894311209391e+01,6.436343896505769635e+01
4.238346541574731674e+01,3.399824743806293981e+01,5.428496598897044834e+01
4.677388995352852419e+01,4.591156723298757214e+01,4.430023862555155034e+01
7.188740000670112806e+01,8.281626799701680852e+01,8.913499957455969991e+01
2.665572320088722691e+01,4.658976741635034102e+01,3.517617349946397098e+01
7.236985541951095513e+01,5.633614421436200814e+01,6.012007711055048986e+01
6.215820375281750643e+01,6.241361839520893540e+01,6.251395015558344426e+01
7.588026607012770341e+01,8.780541990347298054e+01,8.664813147340058208e+01
2.941650445677455394e+01,5.328971074857847867e+01,3.567061109183320866e+01
7.183310227181902974e+01,7.746822199628118710e+01,6.368620956851973602e+01
7.327630736769160080e+01,6.131702876907614552e+01,4.621617649336907618e+01
3.952265215551577171e+01,3.737806066666588833e+01,4.505852272374037426e+01
3.847550148434398665e+01,3.397562608645421278e+01,4.734457306892065986e+01
3.906041699782130650e+01,3.369760889098661494e+01,3.225171679606420128e+01
7.784328034389048412e+01,6.606802577765385820e+01,7.855359179664638702e+01
3.142358582101057607e+01,4.812529826708529868e+01,3.224758019048162083e+01
2.250846416999545951e+01,4.120064904276019035e+01,4.259192205017715338e+01
7.666893477837614057e+01,6.334902057336775272e+01,6.249401771742562062e+01
6.507457442853801410e+01,6.716133644018950122e+01,5.791344121904324993e+01
6.493363393059135547e+01,4.260035792949039291e+01,2.958142875919974202e+01
7.120904772406871075e+01,6.323436112774825801e+01,6.993767626916216784e+01
6.155009666092060883e+01,6.529662996497916083e+01,6.323419795378921293e+01
6.549081295602361763e+01,6.454987316587792634e+01,5.680629235831558788e+01
3.993946162695079494e+01,4.744302286098313459e+01,3.383015867012289135e+01
3.976031161280702264e+01,2.247811344585737103e+01,2.540903315983679533e+01
5.106491632855391316e+01,4.063478307241375376e+01,4.650637883136165840e+01
5.796374389347722911e+01,6.476756291019638923e+01,5.402278361504016857e+01
3.470459247146678905e+01,3.709556922747942309e+01,3.694609684801336869e+01
6.427768019720019765e+01,5.412578762875190108e+01,7.710574977159507171e+01
6.215723737867706689e+01,7.693995571211364393e+01,6.412338239773322357e+01
4.189059425622560440e+01,3.245472060504488354e+01,3.817787563534925965e+01
3.834720591546003021e+01,4.563529334844878349e+01,2.016994785679332480e+01
6.213158677292679499e+01,7.120545312812357963e+01,6.888619019910743191e+01
5.150964385887385077e+01,3.884777871956259077e+01,4.232032317186828152e+01
3.648920528042706479e+01,4.259151713668814665e+01,2.548190601059842564e+01
3.271274228640034920e+01,3.862251870963900302e+01,4.411827389569927504e+01
5.221606911846926380e+01,6.931247714570426410e+01,7.646499153231782486e+01
6.062051204204454535e+01,8.681297136646740853e+01,7.817710985730411721e+01
5.753231713594790619e+01,5.898321318134425439e+01,6.171812398768282293e+01
4.593623122383592516e+01,2.497608987227273758e+01,3.140187188945828822e+01
9.278323768802621885e+01,8.670093354651802997e+01,9.303279953287508874e+01
5.642936321365039021e+01,6.245626318983695313e+01,7.440628820060203452e+01
1.000000000000000000e+02,9.320440528248774115e+01,7.910262429650030924e+01
6.792813536614865200e+01,8.116673370431648493e+01,6.277083340680235324e+01
2.198578167504762604e+01,3.338635962466484131e+01,3.374066932830843513e+01
4.203643300410179506e+01,3.609512979729118598e+01,3.480315493918668324e+01
6.412406158053674687e+01,6.978174394251863077e+01,5.336661380474778582e+01
5.959921575011269823e+01,7.008970041255827255e+01,6.872373141869236690e+01
5.938716419237244537e+01,6.075320024447198364e+01,7.025337166517061860e+01
4.771305138790918932e+01,2.566260034001474821e+01,4.295140928740973152e+01
5.699836640011379529e+01,7.324148318881201192e+01,7.084205569293480664e+01
9.326816348477184704e+01,7.933001253872446057e+01,9.255599007661616895e+01
2.365073531061496936e+01,3.759117123891567758e+01,4.949499431887054612e+01
6.325467635735501659e+01,6.907437441778466791e+01,7.007780151343376929e+01
8.918013534685294985e+01,7.876096553123076660e+01,6.842386222009227481e+01
7.499403550473191160e+01,8.104370004311456910e+01,5.200074146641145489e+01
3.750602935342042343e+01,4.839471688434726104e+01,3.459186155454904821e+01
7.697108645720123832e+01,9.187989158438028880e+01,8.372110091932370324e+01
3.487187267209949226e+01,5.355012992609994171e+01,3.159664045321162362e+01
3.517824509575822134e+01,3.125683807121000513e+01,2.842396338867987282e+01
8.725177737655923238e+01,9.614659888799783971e+01,8.882039995596990423e+01
5.893087857583532241e+01,6.208054708410480771e+01,7.138472557120891793e+01
6.275072698075232580e+01,5.812275349756782816e+01,5.781232912338050767e+01
8.831840698916795418e+01,9.947174055012267502e+01,8.753964747897590826e+01
8.691680705185717670e+01,7.916160996048181175e+01,9.346706509270143215e+01
6.912854830139761475e+01,6.010203034422544732e+01,5.180686980172605161e+01
7.052200107660705442e+01,5.651868102565595819e+01,6.537037807421870639e+01
6.079772253750848421e+01,5.702445395938927675e+01,6.533171699827863677e+01
4.500595634471670081e+01,3.797447563684475824e+01,5.263202489271910878e+01
9.587338350932202502e+01,9.034564744879153864e+01,8.629963898623142882e+01
3.218901287851840465e+01,4.729000640787076293e+01,2.913845380548966801e+01
3.971217043046803497e+01,4.512715326833698981e+01,1.861929934224479055e+01
6.398036014529786542e+01,5.450214704325959048e+01,5.332617782476792456e+01
8.704457712095478428e+01,8.103588141506843101e+01,8.002095023320167400e+01
6.721274081445956483e+01,6.657910757049177164e+01,6.515907767890152513e+01
7.153190227475285212e+01,5.974954117763745387e+01,5.624352611953145242e+01
8.031172037831909449e+01,9.213864727122884801e+01,7.808517541623582758e+01
7.572146053512970809e+01,5.960314554410484078e+01,6.507607787010496736e+01
6.629409916988727502e+01,7.111649337623349254e+01,6.762593793887987204e+01
3.993305897824888007e+01,3.470700486028944454e+01,4.723251959440207770e+01
6.399840446307521091e+01,7.750934939489243902e+01,5.492721194585284650e+01
8.561219128324617600e+01,9.243656901291565475e+01,9.332298304769518893e+01
9.398815424568758203e+01,8.367524691717450480e+01,8.452075070319941119e+01
7.016169738482861362e+01,7.400042791750092874e+01,7.985701882354484837e+01
9.159147197591181566e+01,7.945583773821552143e+01,8.829478365295655351e+01
9.174686974351831736e+01,7.376385685942753412e+01,7.632789083353250703e+01
4.491416350685651082e+01,4.603084055946946052e+01,3.799117929570469698e+01
9.810617437979220767e+01,8.693093122200907885e+01,8.851828816116722010e+01
6.595011037466893811e+01,5.410678224396484381e+01,6.676006644584066407e+01
9.946758560308751385e+01,9.578761648675580886e+01,7.672740321882892545e+01
6.551702335655404852e+01,6.820435052925559205e+01,5.075476818308256099e+01
5.760141059216156378e+01,6.158519994822125199e+01,6.816461812980193713e+01
6.895735774299375009e+01,6.629357913279022796e+01,7.511219927977698774e+01
9.204517480999980705e+01,8.079015364910223695e+01,8.649363703851078355e+01
6.889544352874671063e+01,6.613462334765124240e+01,6.268534170350702794e+01
7.599619515372413048e+01,1.000000000000000000e+02,7.418315649343122686e+01
7.431327740726537456e+01,6.659294800132826708e+01,6.307426701313601569e+01
5.986067668886620652e+01,5.284753380063252592e+01,7.265854699930105198e+01
6.549707664033218180e+01,7.387350060588026679e+01,6.787677163426950244e+01
7.159254468310754760e+01,8.793242620453314373e+01,8.447735437522031532e+01
7.486758523148920119e+01,8.573557638190469277e+01,7.169899427512496004e+01
4.718844224114093322e+01,4.640575297335724514e+01,4.221455783464656975e+01
4.665465161677103367e+01,3.562577262188621319e+01,4.264310204524785064e+01
8.956965202535917570e+01,8.266595275717246238e+01,9.605890569960828884e+01
6.609217426094744496e+01,7.214880680119210865e+01,5.890136651504511889e+01
4.017045992284089095e+01,4.618953512879014767e+01,4.530489904852584715e+01
7.640549787935451320e+01,7.613120688479627063e+01,6.624527441456753252e+01
4.182582664111124160e+01,6.013979230027136680e+01,5.501475689025335924e+01
3.975852114283318173e+01,3.216484666477784771e+01,2.921059474900833663e+01
1.000000000000000000e+02,8.493569194667165334e+01,7.943323909707014252e+01
6.363222968773651900e+01,5.836685091067066367e+01,5.974525422289922005e+01
4.214032228901243116e+01,3.756105709605274257e+01,3.578517443210258620e+01
4.159859757321271445e+01,2.653771635648495675e+01,2.691738294760688888e+01
8.253366357720841506e+01,7.007999869004764548e+01,5.984034456058106599e+01
6.939851024297057336e+01,6.493779577140523429e+01,6.810581914191340047e+01
8.496477065867183853e+01,8.199463215206212396e+01,8.005174279109630220e+01
6.924325167373154954e+01,5.314696902569856718e+01,5.629596333546965781e+01
3.764291330245030309e+01,3.447794257287696240e+01,4.711075023083542845e+01
7.706315536782621223e+01,7.048350385410500962e+01,6.645409877048635394e+01
2.931150595955675442e+01,4.062112461221735771e+01,3.855021248966473735e+01
1.000000000000000000e+02,7.960781141623199630e+01,8.660723280954027814e+01
3.024221329520097967e+01,3.765022368105700679e+01,1.970907595839082660e+01
6.469353494295199880e+01,6.770486803769614426e+01,6.492514671865210119e+01
7.343548646084262543e+01,7.924664439009134753e+01,6.758361919237469806e+01
3.410988087886244102e+01,3.851511252154359966e+01,4.679093228828056539e+01
7.410779055297447826e+01,8.815858286518654552e+01,9.656358419496432077e+01
8.285017484539916666e+01,8.475453458108172811e+01,8.485160913151446493e+01
4.641085789084439028e+01,5.199861437783048501e+01,4.952419763964513777e+01
4.937219607347821437e+01,3.042639905932387734e+01,3.538282257956115728e+01
3.551256799296769628e+01,4.287860533029511600e+01,4.109006645002794045e+01
8.554765327684816612e+01,8.096073112339117017e+01,8.222225667069633914e+01
8.586907185037719614e+01,8.000486478406422464e+01,8.650771008166982767e+01
8.586792088875878903e+01,8.038269459348411772e+01,1.000000000000000000e+02
8.400544133376207867e+01,8.582616304344483638e+01,8.394900294356641268e+01
7.629124645183536302e+01,6.404447382765201269e+01,6.607673383561903790e+01
6.609193595204580163e+01,5.728022673529866182e+01,6.642929586157430322e+01
7.956594857573298896e+01,9.231889883730529789e+01,8.776374866276545106e+01
2.872504489953166740e+01,4.485833779989155090e+01,4.132764251921641119e+01
6.781358214332531986e+01,7.460205424816096809e+01,7.141514016087579364e+01
7.250773681197200915e+01,8.213062636170718633e+01,8.722307226494696408e+01
9.818802166831120815e+01,7.144519105430973127e+01,9.067491765492266609e+01
8.058632562510636888e+01,8.877059505383617477e+01,8.888761349324342120e+01
5.281584534025348177e+01,8.189476748384453231e+01,6.760128602433199774e+01
8.274513115769700278e+01,6.507099817133568820e+01,7.375156282866808510e+01
7.909421104456180274e+01,6.712018859336225773e+01,4.772492718589082727e+01
8.552063254478383669e+01,9.076582223452945186e+01,6.761646893056706631e+01
4.468977865087422430e+01,4.568981263834284334e+01,4.634677788159940093e+01
8.682459296805258475e+01,9.386944874330178834e+01,7.146183745387712349e+01
8.915530863332486433e+01,8.201213587843461994e+01,8.882755080956926008e+01
6.702365638618370269e+01,6.413708758961099932e+01,5.248091579638607129e+01
5.830291525972704392e+01,6.517017094480098649e+01,5.570446174159874886e+01
6.382619166598289695e+01,6.203388891257844762e+01,5.966293291152620526e+01
7.557514587003578299e+01,8.427749320561669322e+01,9.543604802714881430e+01
6.295057074527614560e+01,6.844313013072955698e+01,6.329542794832397590e+01
7.633091935173669640e+01,8.009305951077500652e+01,7.588129897278538749e+01
8.114559013498700324e+01,8.437942791327927239e+01,8.837342907298689454e+01
4.027764853713697590e+01,3.581242686015876586e+01,3.722850998251919918e+01
9.548176115347396831e+01,9.338286510709497179e+01,8.688178120430255547e+01
7.644616662016625241e+01,8.234219346463140710e+01,9.533193833081115542e+01
8.786822700567661570e+01,7.046380721961045879e+01,9.245201057356545959e+01
6.599080581852717842e+01,9.542149418642553371e+01,8.504918998647183059e+01
5.988228074250342559e+01,5.583940833312780683e+01,7.592790268374595541e+01
2.875868511458431698e+01,4.772903744803284809e+01,3.703703512271114562e+01
5.736397950990849637e+01,5.595918400212423194e+01,6.350421837183571228e+01
6.955689126099773034e+01,5.964771120125426762e+01,7.246514424320918124e+01
1.000000000000000000e+02,8.564307717628605587e+01,9.435147415195794451e+01
6.431017930311824671e+01,6.548750055896695699e+01,7.085575042468590823e+01
6.866667706912649294e+01,6.409824316620309048e+01,6.821489812573841505e+01
8.181094166964219028e+01,9.161660757419822687e+01,7.544471370795892540e+01
7.310236675670012119e+01,7.698616060058505184e+01,6.624650329826252459e+01
7.966781871296936401e+01,8.839023813928164941e+01,9.787105324144516771e+01
6.528353383765062290e+01,4.445576682155147807e+01,6.247609214465042271e+01
4.940548322584812979e+01,2.589531524612856828e+01,4.950669230687149991e+01
5.001356562154111174e+01,6.806159803306883305e+01,6.288014121174040127e+01
3.902604434311269443e+01,3.968813785417976447e+01,3.805000042451774078e+01
6.695567679414372719e+01,6.910593193014504720e+01,5.847450967869303895e+01
4.429943816111261867e+01,3.428803922212257049e+01,3.373812870722164092e+01
9.428028719517044465e+01,9.511378911806889391e+01,8.852998505428730880e+01
5.541353539933435002e+01,6.003342762509527830e+01,7.546176553575891433e+01
8.772214780313642279e+01,9.263120298608933467e+01,8.579900253394913534e+01
8.771684854678184706e+01,7.696112821463293585e+01,9.796624437026271437e+01
3.655633333230433379e+01,4.637235224415997692e+01,3.811332604948655245e+01
7.476597153863090739e+01,5.789813159680061716e+01,7.272178103178481479e+01
3.307697871674793078e+01,4.573304853178524354e+01,5.093343342974625898e+01
9.038412661034105611e+01,9.552736436154189903e+01,8.444960368422583485e+01
6.680605874467801186e+01,7.426140128224581360e+01,6.393004734155093161e+01
3.468299199949495204e+01,4.288473342125472954e+01,2.887451656019795010e+01
6.627901377041864350e+01,6.336818481590007934e+01,5.583608869294573651e+01
7.883954632294697262e+01,8.548577010521944430e+01,7.539119922524726292e+01
9.330871381635692785e+01,9.217530581324801631e+01,8.665531358785966631e+01
6.511706644532304722e+01,6.685335978024342296e+01,6.752457758279588518e+01
4.079420078493932067e+01,6.017057461070651669e+01,5.578952400474108941e+01
2.743121805943506075e+01,4.616559025675810801e+01,5.014098848643124029e+01
7.596175184735098185e+01,8.989769948361741569e+01,8.585177047531865924e+01
6.960729334330541462e+01,6.834371420679597975e+01,7.528178893537436522e+01
6.371230477443994999e+01,6.857381371659116098e+01,4.576378568050634499e+01
4.235183520527419887e+01,5.719625409303783670e+01,6.725797697413719334e+01
9.657646289346959634e+01,8.078408241145051250e+01,9.858493139446599685e+01
6.437483998551381603e+01,6.975670806990386552e+01,7.124322877990705649e+01
5.098316843496228046e+01,6.379118177730447314e+01,5.984168720679293330e+01
3.883108774724363599e+01,6.763237121795344819e+01,4.228099073073818204e+01
4.347514021267840434e+01,2.797647130202207677e+01,1.889377538967113068e+01
3.672280857305598545e+01,4.073883230603566119e+01,2.463267259283854571e+01
6.323506930644489898e+01,6.933587340004476118e+01,6.355099640598249522e+01
5.447528559207974297e+01,7.023862762526331949e+01,5.722845346623623186e+01
2.537672625026229412e+01,4.087599300448757589e+01,2.651882700328804532e+01
6.341914758547893172e+01,6.993414820947548094e+01,4.915509472608822961e+01
4.049533186943967422e+01,4.088316580489775021e+01,3.673333469738664547e+01
4.919812258852653031e+01,7.026566382441330916e+01,4.960850378603995381e+01
8.071211747004836923e+01,9.754632797871840921e+01,8.035465185204199656e+01
6.681672394703088003e+01,6.003254705477350228e+01,5.749725729046613765e+01
8.220943369778177612e+01,9.653231205680367566e+01,7.614426960239538289e+01
7.517277092582885700e+01,6.808356732488870477e+01,5.736270119060849026e+01
3.691496014781471047e+01,3.810842864028388988e+01,2.746258327531642607e+01
7.270242963597269181e+01,8.700887776098194593e+01,9.045998745277402975e+01
9.689226479404746328e+01,1.000000000000000000e+02,8.533944795666511141e+01
7.313197275886014381e+01,8.695753334714812866e+01,9.483413984813215336e+01
6.897555664368614714e+01,7.764959036286730054e+01,5.728843170503866133e+01
4.905641093768542760e+01,3.710247092756014808e+01,3.959219307755798667e+01
6.049418338443683041e+01,6.120957458073844748e+01,5.488443724568588777e+01
6.589792771418035500e+01,5.766528722352897063e+01,6.882502772553984016e+01
3.886368313413647968e+01,3.777396985234261706e+01,4.376360284456136895e+01
8.352870842988782840e+01,8.652814602489671358e+01,7.371475918769623092e+01
4.089567393155502373e+01,4.784187014978130748e+01,3.551718806062238798e+01
6.216312787346083724e+01,5.503124264094555684e+01,6.916506734603620998e+01
6.296628626193746214e+01,6.166286721107793767e+01,6.836753619124159798e+01
6.944829953077132245e+01,6.879510859804379663e+01,6.388939121179211611e+01
5.571279553257289763e+01,7.020108556464226979e+01,7.426330583428091359e+01
8.540467941513139749e+01,7.851585424515450029e+01,8.651976161818446087e+01
5.810548229618858329e+01,7.001315482845153326e+01,6.671296542934500451e+01
6.133901316242994994e+01,6.842956658904799383e+01,5.460656004992917900e+01
5.588428621480949943e+01,6.269196245194191874e+01,6.963470616336709895e+01
4.979300348668139264e+01,3.043297097382771454e+01,3.842585608945970677e+01
9.554905286366815176e+01,8.119715010415828260e+01,9.724926817654549893e+01
8.224691709103791482e+01,1.000000000000000000e+02,8.751334810662798702e+01
7.056218297730583799e+01,8.306153362367179227e+01,9.133643585718037627e+01
7.123202599105898969e+01,7.078415985492644324e+01,6.057268377885090160e+01
7.409746715124772720e+01,6.159696454726507397e+01,7.410898866277064201e+01
6.514645338345103198e+01,6.146023575839996766e+01,6.450401752504768638e+01
7.978089451101487839e+01,8.973287307280286029e+01,7.949875364570669944e+01
5.677783860031183849e+01,6.586842958272421811e+01,7.349853457429473735e+01
5.536720657668816870e+01,3.721211137578482919e+01,4.307543550095726914e+01
6.709882424257742173e+01,5.196945683248510051e+01,5.653964228557889271e+01
5.773005341851021655e+01,5.632596865930325691e+01,6.660124604070820453e+01
6.445597635080866894e+01,6.717396826347412286e+01,6.554923635569846851e+01
5.540785526881312961e+01,6.663330412259061575e+01,6.056745972057169780e+01
3.582769084170893592e+01,3.244837180222398132e+01,5.040926678921624671e+01
4.194719133120431565e+01,3.342486582765567960e+01,5.260301319548432275e+01
7.538133486883963030e+01,7.335566299067777152e+01,7.421057839822483970e+01
7.185509523473278648e+01,8.886331282150435129e+01,8.716093555737356269e+01
3.947754614267615381e+01,4.095701612698251637e+01,4.198495647342637227e+01
6.647254256615617862e+01,6.108835660896523478e+01,5.259557342931574908e+01
5.464666119775962727e+01,5.898032316677615938e+01,7.385141444774814090e+01
6.577047265285837341e+01,6.268753249406744743e+01,6.641886322928358766e+01
4.608217938130739810e+01,4.613882043724068183e+01,4.171912997402770884e+01
7.546809277593663978e+01,8.974080931504347802e+01,8.007218324708821910e+01
8.045646171850150097e+01,8.735202286563755081e+01,9.330406060844190108e+01
8.517919738413404218e+01,8.997518839091461018e+01,7.210632060459481352e+01
6.581320999137047068e+01,8.360953709051422322e+01,6.755064707496698873e+01
4.015720076109255388e+01,3.370971102678014120e+01,4.076845711293954366e+01
9.026155391569520248e+01,8.808187113312153826e+01,8.573357741929864062e+01
4.847802888654587861e+01,2.801511726681562209e+01,5.280700098941673559e+01
6.559161042943107134e+01,5.872332611054240914e+01,6.380294210379015141e+01
4.000618967387793390e+01,4.816417579005067040e+01,3.463200308818911566e+01
4.592227466922332724e+01,3.469627162424197309e+01,3.029572955321081906e+01
7.434791144662774798e+01,5.919886912924684452e+01,7.143069138100291582e+01
3.387715587903756642e+01,3.052027833372628862e+01,4.441563917044479126e+01
8.154608668296641838e+01,8.016065120206521044e+01,8.876932882322067542e+01
3.457784239416943706e+01,4.304747957478856790e+01,4.936397674741404273e+01
4.386961114886810975e+01,3.995385963053773537e+01,2.936087182047534938e+01
9.251571988005218827e+01,9.672557645160075879e+01,7.807953706154005147e+01
2.961472790687506773e+01,3.300457272737900638e+01,3.223581425868596284e+01
6.434989539694697669e+01,5.998236468631912288e+01,6.253289304356342626e+01
7.471827581239615768e+01,6.305667430699914888e+01,5.999275016840688579e+01
5.126207044203358265e+01,4.983459945052331364e+01,4.479667615832301664e+01
4.449232923695716124e+01,4.109419293853359534e+01,3.641368181084612843e+01
6.774470540201704694e+01,6.125122308827622675e+01,7.597395057978937416e+01
6.649622147027542951e+01,7.388540665457844625e+01,6.827897191407387822e+01
8.954333794843969940e+01,7.504038201593107260e+01,8.092978784373271139e+01
2.940517573790255312e+01,4.200199180527170029e+01,4.860940020070331968e+01
7.900440547430702054e+01,9.370306371985660121e+01,8.952075171718701085e+01
4.369908527080255567e+01,4.633199145667860108e+01,2.994413059704520919e+01
5.594395501803004578e+01,7.500772093668105356e+01,7.330883687621680167e+01
9.385255510044061111e+01,8.996153925596790657e+01,9.385145934540206270e+01
6.635875049862397645e+01,8.272760751421355963e+01,4.746225144463311096e+01
7.599413036628861562e+01,8.095387045584536168e+01,9.038942589944473127e+01
4.444822299807667321e+01,3.439488905722771506e+01,4.429634026688548687e+01
9.120310362419930073e+01,9.613683234925601084e+01,8.986733230818954610e+01
7.528553642453844930e+01,8.369262961499261166e+01,6.707306415457867388e+01
6.556194608566809734e+01,6.231435889040388787e+01,5.246952291172128469e+01
6.767290106386830928e+01,6.896491068175396322e+01,7.197446809792900524e+01
3.965162744508085524e+01,5.436875716521895185e+01,4.529770705525109520e+01
6.130727200683250544e+01,6.762146949622353986e+01,5.118893411823371764e+01
5.801923175829068668e+01,6.763987273741626893e+01,6.262305941041526580e+01
5.711218191608649875e+01,7.513393993229888679e+01,8.235777086268207370e+01
7.858360703831402816e+01,6.097788663951165233e+01,7.018364119464509088e+01
3.737760159987330155e+01,4.347766295016318594e+01,4.021513649380148792e+01
7.521437751755580337e+01,6.478111607964417828e+01,6.255482493722905701e+01
7.285556640491302005e+01,7.395423519516295130e+01,8.769234538214233510e+01
6.626326329215899591e+01,6.680754155271242212e+01,5.482642756560245800e+01
9.383076538162170266e+01,8.685406484162253093e+01,8.551575385277541841e+01
3.888594150247602244e+01,4.162818386221209721e+01,3.593916328739513233e+01
9.328125105661163730e+01,1.000000000000000000e+02,9.653475224212546379e+01
4.706681310207033420e+01,3.755457710958793882e+01,4.513368519211083196e+01
4.313649693266993523e+01,4.808625107204588289e+01,4.309729423293089923e+01
6.015610411826450843e+01,7.342141728709640347e+01,7.602622332668750005e+01
4.899946268563714113e+01,3.205338298620250725e+01,4.313624318446018435e+01
4.367524442673667551e+01,6.202861772538669527e+01,4.491308419293364551e+01
8.812390397285381027e+01,9.561170600100329864e+01,9.129225782399885247e+01
8.779176687630453557e+01,9.061929728002812112e+01,8.068972784185889680e+01
2.613359164281536806e+01,3.683265628471522035e+01,5.163614432767229800e+01
9.247647592863654609e+01,8.913253639802670136e+01,8.458254183845933483e+01
6.434747103655530509e+01,7.546515274804839635e+01,8.478412643138779003e+01
3.444427806459717800e+01,2.706432479868043117e+01,3.573184379453696380e+01
6.234678186722039328e+01,5.775363250751216526e+01,6.403578644433824252e+01
3.995902506623942685e+01,3.869245681180390051e+01,4.270059639039146759e+01
9.373238193564053233e+01,7.790403882654493373e+01,7.162424455084119757e+01
7.437446944572023710e+01,7.390566480471078137e+01,6.521254089086038164e+01
4.114026961833170049e+01,4.823543660851102288e+01,4.241339775047774197e+01
7.257401681605894339e+01,6.715386312073698605e+01,6.976637762684079291e+01
6.250509968268604410e+01,5.561832196108900206e+01,6.697734845130931092e+01
4.786591975556323320e+01,3.496843716053780327e+01,3.336899869759783144e+01
3.084476950360086533e+01,4.829436346000164804e+01,3.556799243293081503e+01
6.453118109111932199e+01,6.711470774702401343e+01,5.475562737930103197e+01
8.943114410989254282e+01,8.969551368124729152e+01,8.112125246670609613e+01
4.376909034719943747e+01,3.573238122268220707e+01,3.670689342227032625e+01
3.231677014402518466e+01,3.752547518356391265e+01,5.442775462364644312e+01
1.000000000000000000e+02,8.258853211751592482e+01,9.729833869580103567e+01
7.666697135952230724e+01,9.745908289705512573e+01,7.612014722310374282e+01
6.502152661131755451e+01,7.040787851483163706e+01,7.390400164837208763e+01
8.253746001725032500e+01,6.434226564704034956e+01,6.318007056197195226e+01
8.401828922751093387e+01,9.586073397429230170e+01,8.738238534354347564e+01
4.683394388254792773e+01,4.497836244846700993e+01,2.961271616830447329e+01
7.018830187776785579e+01,6.195287094656523408e+01,6.926085827035082332e+01
8.413408907166245854e+01,8.182943104074556118e+01,9.806768555961843958e+01
4.009888905524207559e+01,2.767141602798884747e+01,3.504037068885719464e+01
7.096336226171364103e+01,7.816020178925160167e+01,6.936770476423296827e+01
7.570788562679658185e+01,7.146775789778678245e+01,7.360323255145998189e+01
7.291437596346773375e+01,6.620380737606892296e+01,5.479062169289120732e+01
7.971500452981783269e+01,7.383219108625343097e+01,5.951337855354609019e+01
7.928723844539032939e+01,8.260478085864684772e+01,9.181750357688629549e+01
9.534206758955136252e+01,8.588578299523462078e+01,8.556119743086155438e+01
8.305986584531213168e+01,8.537023574405910153e+01,7.708772572120399502e+01
3.543091268512210235e+01,2.580045564337018504e+01,5.116873255395795184e+01
9.862288953764499411e+01,9.409502770348170486e+01,8.190965539268715645e+01
4.117992523546350725e+01,3.711185252218966468e+01,2.925796840573991631e+01
3.788215664885115785e+01,3.510649571054627671e+01,3.965893283474853348e+01
3.470121769056083139e+01,4.254778730219513960e+01,3.051303815804050501e+01
5.209714846497536200e+01,5.443144386602294560e+01,4.107695549058077233e+01
9.651289557749571202e+01,9.108086936308208692e+01,9.614047170830916400e+01
5.711867209273675883e+01,6.138618311643043768e+01,5.901005783090932511e+01
3.924787860731875355e+01,3.469460999490588193e+01,3.470204144540326041e+01
5.295387842714507798e+01,4.590298072505673588e+01,4.567047612257696443e+01
7.192084466185664837e+01,8.996216073802068536e+01,8.007943046236462692e+01
5.617087353821631268e+01,6.812379714649772211e+01,5.841961850829202518e+01
4.935416087256137274e+01,3.064259199180465032e+01,4.603889513979234493e+01
3.797940769607038192e+01,4.082151816763573038e+01,3.597597989824996034e+01
3.786890007992835905e+01,4.185735911701004852e+01,3.555738224944786907e+01
7.153240102556173952e+01,6.470162837634788389e+01,7.291756838323954071e+01
6.189626026884815246e+01,5.943832506669346571e+01,7.650458549408443787e+01
8.235035394931817621e+01,9.414197526608546696e+01,8.084182276358193064e+01
5.251295714629198130e+01,7.115959319497129343e+01,6.603654432668027141e+01
3.628796490469285629e+01,4.479271156932201592e+01,4.914460470804525016e+01
9.351807347179202168e+01,8.378319183880427090e+01,8.423070446816267065e+01
7.312647553748693952e+01,7.041997076739730232e+01,6.607335826784969868e+01
5.068948880009736513e+01,4.998359988047545244e+01,3.797986132557628025e+01
3.922894549153210164e+01,4.515611270945756672e+01,3.570504693703360743e+01
5.593326317512087797e+01,7.444349902317875944e+01,6.495151016633398910e+01
8.023847713017528349e+01,8.314865397995716023e+01,8.528451951967393541e+01
8.393530923640260255e+01,8.196802604126739311e+01,8.225126085300001932e+01
7.265172204785739041e+01,9.086551897900443464e+01,8.837875101314628523e+01
8.540952474226173763e+01,9.050503055932205143e+01,8.668160152032191945e+01
3.668594380676135813e+01,3.216827976989007709e+01,4.556441937035367573e+01
8.144962511820409645e+01,6.009891669513738321e+01,7.193382722240569649e+01
8.370419761391667635e+01,7.527583137220624110e+01,7.016929104737451439e+01
4.631645003357530044e+01,4.728566010660131269e+01,3.842062465868293941e+01
7.384404541552045487e+01,8.046612435059206803e+01,8.704334377187429084e+01
8.860528017262082301e+01,7.611297114683299014e+01,8.642405266442150946e+01
6.113844385911490065e+01,5.774315249837790986e+01,6.169459373488236054e+01
5.893823093977948702e+01,5.906226617664167122e+01,6.572836562663978555e+01
9.775589259048716428e+01,8.148541454660730210e+01,9.753613898078053523e+01
6.309072575215402168e+01,6.923014108567707581e+01,7.002446274193781051e+01
2.946459941093642954e+01,4.966610260384400277e+01,5.787274464638184668e+01
5.702276481877110825e+01,5.275973816617891998e+01,5.343977714338671348e+01
7.431970533927920997e+01,6.932401049222232814e+01,6.431160746610648005e+01
7.165810109948409945e+01,6.469600108795776805e+01,6.332345309541330636e+01
5.898337704235503054e+01,7.287751353996621617e+01,7.271039042047567591e+01
6.997053622797217542e+01,7.092850628836008298e+01,4.830906658009625687e+01
8.747281474777349786e+01,7.704727058436864695e+01,9.124161455332225046e+01
7.218945905984959666e+01,6.428611810827136708e+01,6.852860544136929377e+01
8.166431881035246931e+01,7.998851695978363807e+01,8.537892853879623090e+01
7.604074155903698795e+01,6.353450321147546020e+01,6.076899176683283343e+01
6.544592810206073352e+01,7.745403349334472409e+01,8.834280673534244954e+01
3.957451878626337560e+01,5.980334511678353948e+01,3.844191818615450273e+01
5.884494473914832469e+01,5.357799885613932389e+01,6.688149297833130902e+01
5.430145189573718056e+01,6.691012911082844994e+01,6.682830666729130087e+01
6.481633829241081912e+01,8.503140803881780130e+01,6.270057844084831800e+01
4.741336131820752087e+01,2.477678750325350165e+01,2.411360807431223208e+01
7.343206912048739810e+01,6.881142000235695377e+01,5.333761297537787982e+01
5.841375823334161765e+01,5.600711763477745819e+01,6.230843278133084340e+01
4.459589551316092582e+01,4.304621547715523633e+01,3.868255982043725538e+01
4.846842252913452143e+01,2.958576210069191958e+01,3.834843393271568601e+01
3.144092869134994217e+01,4.528617765132747053e+01,4.160040423251147956e+01
4.288800882905152179e+01,4.572956591770140022e+01,3.924886538785307266e+01
8.957735813803333258e+01,8.580374768477238945e+01,7.246600807485091877e+01
3.581991232953551219e+01,3.562312029481878284e+01,4.216933037469421208e+01
5.901853675331729221e+01,5.036602670374683299e+01,7.547605043466221275e+01
7.978095352006891972e+01,8.774868123043819423e+01,8.453577803395720025e+01
6.481175501170231712e+01,5.539973735819101819e+01,4.339068869211588009e+01
8.133231027453555839e+01,6.669992973547186921e+01,6.600663427064806399e+01
8.039949447816181305e+01,5.997716629727427318e+01,7.689840538184952834e+01
4.364551934843937175e+01,4.980605158978896441e+01,2.238425123088640945e+01
6.662478655670864214e+01,5.184267173608780865e+01,6.197503301494144523e+01
4.442080944283693356e+01,4.953337148499710452e+01,3.050242080826106417e+01
6.955305255215216675e+01,7.356298307388567537e+01,8.065581850598763936e+01
4.356857761185664657e+01,3.636013215727376036e+01,3.019515388986201287e+01
6.929446103409800628e+01,5.719189771802112432e+01,6.749598689455162059e+01
6.526742443477979805e+01,6.110698290283799139e+01,6.393670268693536940e+01
6.325906320152439122e+01,6.940330551753034172e+01,6.154536544247199004e+01
4.639130342072817115e+01,3.248349806517792615e+01,3.123685048627170602e+01
6.902416576442837481e+01,5.956090297478053941e+01,6.454347773634000873e+01
6.664847612148879819e+01,6.621754305417523767e+01,8.060182639877864119e+01
6.146057940176302026e+01,5.392475094712784767e+01,5.551370229105866372e+01
7.178539000435439732e+01,5.703519958212132934e+01,7.648064014400563337e+01
5.238717329386031452e+01,6.413946462564570083e+01,5.368067208953428349e+01
8.709107940677584736e+01,9.732151510297937591e+01,7.459329067153589676e+01
3.836042045621559993e+01,3.420712621517101582e+01,4.573386406164337359e+01
6.411080481462057890e+01,6.304921437614076041e+01,7.578100401051003132e+01
7.640327268793392079e+01,9.039706963465147282e+01,9.249144480712645588e+01
8.475653437381748745e+01,6.308576832772525478e+01,6.649384327760502345e+01
6.988481770813829996e+01,6.425524583867439787e+01,5.683752536700941960e+01
7.038270810077375472e+01,6.589787745473566360e+01,6.982677267502376139e+01
9.581906479383734165e+01,9.420236885676553129e+01,8.720265601808928579e+01
5.451740279143174916e+01,4.004258405301685997e+01,5.425516980691941171e+01
8.081340491786386337e+01,8.643098771458086560e+01,8.110575021440456567e+01
6.455291157682594871e+01,6.852593282930209284e+01,5.493990433076079682e+01
9.741072278971360277e+01,9.384808351146749317e+01,9.765326963104122626e+01
3.930636239326300796e+01,3.781036803345785557e+01,4.632272465427762853e+01
2.618427611538827193e+01,4.734516980166266364e+01,3.919592930548640908e+01
7.235334546646535614e+01,6.459694395613006179e+01,5.938450941894166135e+01
3.011403217147238820e+01,4.538183502798196400e+01,4.116905312765558733e+01
6.740408381460098042e+01,5.436387469478812307e+01,6.879667402351616090e+01
9.573411654247628633e+01,9.218385323388908148e+01,8.476420508858953440e+01
4.787293303490974949e+01,8.740547557874629092e+01,6.662996983180904920e+01
4.383694658917551124e+01,2.052656561273194669e+01,5.612325091026218615e+01
8.810005726126794912e+01,9.198732805207124841e+01,9.694386714587261622e+01
6.003109444636941561e+01,7.388237366097042980e+01,5.212231108594662032e+01
3.633568910096280291e+01,4.509564290469566572e+01,3.182997133213914509e+01
4.082619489767315457e+01,3.105477737514402747e+01,4.080625383160185038e+01
5.955964937460088038e+01,5.544797875255999031e+01,7.622161031785998375e+01
6.810821044196931950e+01,5.622453772110514336e+01,6.550991871782474618e+01
4.280746461163758454e+01,4.389279198198888565e+01,3.582106912606964499e+01
7.305895802314891796e+01,5.477151813507202149e+01,6.343379627500813456e+01
7.153387132318768238e+01,6.753873972195499675e+01,7.084219067800886194e+01
9.417435329687916123e+01,8.210392912787908415e+01,8.899531626601194034e+01
7.324464900382676547e+01,8.735911011631120004e+01,9.168827339141832056e+01
2.788084474231252941e+01,3.323225806562127360e+01,2.725619638975885550e+01
5.986508429685214594e+01,7.923248166285105754e+01,6.412758593707431487e+01
8.261598918042226103e+01,8.970243513813565528e+01,8.115982791459929047e+01
3.237242007951672917e+01,3.233289860012585848e+01,4.296156365640163699e+01
5.485880615028132468e+01,6.421492178229165404e+01,5.422246150575900003e+01
2.876166761911738234e+01,4.898142603650990878e+01,3.924644339719333175e+01
7.632137189600422289e+01,8.445722433953037012e+01,7.837115577219559270e+01
8.233561765839797886e+01,8.790638891088462969e+01,7.722449735885720656e+01
7.734199201211571051e+01,8.155358503645592805e+01,7.883967228258320858e+01
6.926507522966726071e+01,7.616837839948550481e+01,6.895783811577864242e+01
4.982736649824121145e+01,3.488397287290019477e+01,4.512170927463007075e+01
6.498826485168953582e+01,6.806849552734259134e+01,6.365239436093671088e+01
7.135246771621697803e+01,6.877528003592971118e+01,4.666158900299853229e+01
7.852780174749557318e+01,8.597481387219986004e+01,8.667280075339982659e+01
3.077060066880191513e+01,4.126758440399787986e+01,4.817925780288377524e+01
6.290812309410061687e+01,6.098475603278852475e+01,6.555751503248872325e+01
8.627487977391092500e+01,8.257792014244361667e+01,8.687663944893557755e+01
6.414173528260766943e+01,7.090623004877251390e+01,6.538929822712863427e+01
7.862948764535390467e+01,8.065722420004016158e+01,9.240198779254001238e+01
4.100668844176666283e+01,3.672427557990106095e+01,3.112610293117594296e+01
4.512628107402113642e+01,4.024907882355982025e+01,3.321180019717886722e+01
3.921266073073775971e+01,4.195951381635574506e+01,4.850807142761220803e+01
8.128202616265546965e+01,8.830232788042545167e+01,9.323361503622244584e+01
8.182943910984629099e+01,6.719504115022053270e+01,8.247564715300603666e+01
6.039501227880634104e+01,7.024515847826840798e+01,7.211356983235654639e+01
4.491279341690098903e+01,4.478677637659906452e+01,4.415728458677202184e+01
2.573111096228653238e+01,4.066896861928445617e+01,3.555046432920699573e+01
8.412486580275179904e+01,1.000000000000000000e+02,1.000000000000000000e+02
5.689182700725059050e+01,5.372857260105642752e+01,6.454856456642927753e+01
7.263406331797486359e+01,5.789228269012932060e+01,4.406600316035388687e+01
8.215362141774937754e+01,6.723401110355216304e+01,5.976962672077004868e+01
4.050401894667759706e+01,2.486442997350471629e+01,2.433126847682375171e+01
6.714612797421929713e+01,7.933640552668116186e+01,6.893341070602103571e+01
8.518401421125336981e+01,1.000000000000000000e+02,8.038117356063473551e+01
9.230535909845806941e+01,7.811935064461016509e+01,9.221362054509269512e+01
7.021013044008546444e+01,5.588700624609280254e+01,6.781283351221360078e+01
7.760995251975911913e+01,7.343742208357993206e+01,5.997557389444145315e+01
8.810964726528641222e+01,8.170127232225470948e+01,8.451126576284039515e+01
4.156304732751038955e+01,4.289450355683986515e+01,2.914720119248708841e+01
4.033378890616464219e+01,5.133018896479196513e+01,2.870906036738925238e+01
8.526516576138702419e+01,9.070411888862015815e+01,8.737039620996762324e+01
6.460053682920595008e+01,5.920130327654016611e+01,7.026287993404876886e+01
7.510118801995571403e+01,1.000000000000000000e+02,7.929618924091479926e+01
2.767412402988734499e+01,4.239134522067320887e+01,4.540783084645538992e+01
8.437926701801619345e+01,8.995805069758101524e+01,8.585178654628739991e+01
8.535813418201678360e+01,6.470391503609539541e+01,5.633469557651443438e+01
3.764678052123548468e+01,3.806002566337573256e+01,5.365889610937242793e+01
7.431634372034827152e+01,6.383943664862986367e+01,6.011566249610218193e+01
6.448871981887077709e+01,6.788713490447260313e+01,6.172625834300600189e+01
6.852088562612493661e+01,6.830261045725151803e+01,6.722048359643864046e+01
9.141951856197312054e+01,8.805510557180154763e+01,8.177933623436864252e+01
6.511845614584210296e+01,7.752451856073162162e+01,6.682233040097769106e+01
8.051760120822102351e+01,7.133823596360917918e+01,5.065778128841246541e+01
8.388206253442777438e+01,8.358738455078646723e+01,7.843153797201026123e+01
4.262867473218913972e+01,3.493094332043883554e+01,4.340531050109412092e+01
5.749652520631390473e+01,5.602915666079555734e+01,8.702421775103002233e+01
6.893728141584517743e+01,8.232574261230615775e+01,8.397335266955988686e+01
2.897592578521707196e+01,2.551505056015684403e+01,2.200172977638714045e+01
4.503825459428223610e+01,4.538663332845987242e+01,3.259871422042223799e+01
6.397269933734954606e+01,9.059153527826556740e+01,5.767860247701345600e+01
6.483875795977733958e+01,6.302946858154703591e+01,5.242668870581529461e+01
7.678163816071463543e+01,8.851104507938957511e+01,7.672199758191510455e+01
5.045480978937877126e+01,4.424450498505318308e+01,3.310703592860645017e+01
3.390420433351793861e+01,4.118901676242264642e+01,4.292967678227149975e+01
8.529623486152122780e+01,8.440111068914691828e+01,8.354325694602295016e+01
2.778643507582426508e+01,2.858789536900953721e+01,4.452102432407065180e+01
8.063577832346101104e+01,8.447159563948279981e+01,8.296353520615153343e+01
9.321916479600841399e+01,9.404427756128264093e+01,9.000897998400540700e+01
8.696559705036541743e+01,9.502426836680442079e+01,7.869204706991271792e+01
6.281046206579708979e+01,5.084162791903101208e+01,5.780631802123338758e+01
5.342973410110317189e+01,6.749862872283901538e+01,6.520594140706059250e+01
6.104214282141973058e+01,5.323348949724544354e+01,6.887562744363955858e+01
7.242270857030482034e+01,5.427693769854613492e+01,5.855688543286573378e+01
5.032713162111526373e+01,4.157583443674080570e+01,3.790173903187151438e+01
7.922487791500438448e+01,6.846979668453127488e+01,6.005172556673232975e+01
3.387923098482066564e+01,4.136019451403656433e+01,3.811000293901049218e+01
4.118366772339833659e+01,3.847424097753517458e+01,3.661344360802785047e+01
8.710595029523940980e+01,7.031981495837979423e+01,9.620818351906524413e+01
6.890084578919106661e+01,5.876956937219367205e+01,5.957832194123150060e+01
7.689430918582081631e+01,8.394595614823626306e+01,1.000000000000000000e+02
4.810007967889747960e+01,5.668703335139564103e+01,6.745510576554447368e+01
7.418374043350580394e+01,8.294192578871813737e+01,7.232056603334471845e+01
3.790750479146878860e+01,4.045197353594586076e+01,2.971095970632967465e+01
6.332063204108995080e+01,6.056343800733693428e+01,6.799996122886172145e+01
6.593294801843093467e+01,6.250861404668970778e+01,4.915555143114868741e+01
5.212820099639619542e+01,4.897528855259299974e+01,3.531852738778667344e+01
8.011450631650717469e+01,9.401006278700810981e+01,9.537988613156933582e+01
3.799424869822179573e+01,3.572423502629919057e+01,3.476581051212534845e+01
7.812490433172749249e+01,7.373919955480553767e+01,7.342566111453993472e+01
6.774553441403709542e+01,6.969170777891041269e+01,6.627252546421345869e+01
5.848284111329561341e+01,6.284176028209016351e+01,6.054187289291635921e+01
7.043189510124059893e+01,8.610395314396834010e+01,8.673553041801007168e+01
6.453541616528596592e+01,4.757265021272873895e+01,6.800980441048837122e+01
8.923960618839136316e+01,8.910586576802168679e+01,8.008455022102498333e+01
5.197190518142704008e+01,3.401013828947356643e+01,4.838280883638391572e+01
7.017220596687592149e+01,6.619953756976201475e+01,6.951239092194856539e+01
5.420930943666550661e+01,6.164818797346487855e+01,6.578613648088391130e+01
4.319704548928057619e+01,4.011511754521786344e+01,4.278007447946468034e+01
5.342609029605330306e+01,6.466066496159589860e+01,5.659966846844373833e+01
6.316735350363241253e+01,6.139365348490778729e+01,8.237877481970889448e+01
8.149470590800918046e+01,6.819083481130306268e+01,6.614308160241961332e+01
5.007291879467788931e+01,3.924027751525862584e+01,3.734265176128795360e+01
5.840427160949804630e+01,7.376331034091964511e+01,6.558306783769057802e+01
6.566528731133195151e+01,2.181457895903099597e+01,4.556301718288518998e+01
4.901288278903354012e+01,4.022519928179362125e+01,3.645978827568934122e+01
7.745977153642181179e+01,8.634142428379979606e+01,8.043516526206767026e+01
6.881642935534564742e+01,6.601103643511403618e+01,6.897545212543890614e+01
9.088047561435445232e+01,7.454257219712854976e+01,7.877989646006307112e+01
7.334375517910768849e+01,9.240550745968198498e+01,7.590746806633738686e+01
4.330783635244576857e+01,4.369080089588565130e+01,3.534945214427835936e+01
6.833323785433591979e+01,5.795330401732737613e+01,6.609540068017605563e+01
6.028779011207131333e+01,7.166447958088033943e+01,6.531017064284826290e+01
8.156739922940522547e+01,9.080004677311640648e+01,8.326538052321311056e+01
4.089108049064864048e+01,3.403842023342829748e+01,4.938849875004481760e+01
3.623111992442640883e+01,4.695439636775080317e+01,2.451236185909866094e+01
6.536235971460065741e+01,6.539796200630264877e+01,6.579184978082184898e+01
8.564851323675696904e+01,9.311020982350383690e+01,8.361111688486745663e+01
9.316609074246917999e+01,7.588551634995209838e+01,8.570820819617476616e+01
1.000000000000000000e+02,6.884049961306065768e+01,7.877350843555842630e+01
4.175667941743955680e+01,3.793035278651415609e+01,5.182623148572847072e+01
4.465491947563368313e+01,3.003523784350971226e+01,3.991404343673044508e+01
8.919274522056959142e+01,8.524953965581532600e+01,8.299812295473088852e+01
7.288517434622072244e+01,6.615918643010191147e+01,5.251189821934951851e+01
6.306882031626654594e+01,7.996511405476738332e+01,6.449348983917928990e+01
3.204181504777083944e+01,3.164466809353254106e+01,3.505556474571834258e+01
8.348313485176640825e+01,8.498053091941180526e+01,7.433394696267679080e+01
8.553067034265262691e+01,9.484794701301034081e+01,9.021857270164103682e+01
4.377360532050104780e+01,4.453085103256536570e+01,4.537723982560565616e+01
4.711858961258135992e+01,5.817706682914685956e+01,6.693671270837073450e+01
6.376746513418149220e+01,6.048578030471885114e+01,5.839708163127387763e+01
4.597341043127144644e+01,3.866234530418397952e+01,3.067470928075429981e+01
6.430462450378284700e+01,6.694922180011330681e+01,5.837391683524673880e+01
9.048836684180604095e+01,8.980262127452409970e+01,8.379229482271102825e+01
9.281546362843616294e+01,7.264785897185291219e+01,8.119876341604440029e+01
2.841498192467961914e+01,3.945615795212476229e+01,4.209628649659504873e+01
6.158588542137171373e+01,4.554921153671510581e+01,6.313334127059523126e+01
8.488392065289554012e+01,7.862602913628407464e+01,8.104968411941285922e+01
4.029782269137261608e+01,3.928962841829999064e+01,4.003037001297167308e+01
7.850643860258776385e+01,7.557004479869564761e+01,6.354120961794971834e+01
8.744427566874263391e+01,9.254404372232394849e+01,9.112306150780500502e+01
9.926612688068789225e+01,7.822979212394048432e+01,9.219926679315230444e+01
3.814299447603713844e+01,3.857142425684916986e+01,4.477556717847106427e+01
2.724099788787519927e+01,3.161727824904144057e+01,3.167519316126796269e+01
4.016406851213067597e+01,4.606982416523467805e+01,4.019091536951665944e+01
4.461922062015399604e+01,4.037245978662289048e+01,4.609483819233970792e+01
9.195255310211767608e+01,9.241411927806340998e+01,1.000000000000000000e+02
5.397121289849054904e+01,6.273916118817839305e+01,8.205843643417107103e+01
3.866890988323097389e+01,4.290247819259916184e+01,4.244420326568618407e+01
7.340450718679274189e+01,8.052776816968777496e+01,8.580962051937525814e+01
3.700168677825393360e+01,4.577761367173165752e+01,2.818285627910058011e+01
6.861928582814157096e+01,7.787990134401694320e+01,8.132383215269463506e+01
5.489249136092895043e+01,7.816624050203151342e+01,6.911034729908186591e+01
2.718977650304917049e+01,3.364690967979660741e+01,4.351709284813594536e+01
2.841313729623695394e+01,4.993309810318991993e+01,3.672599754711853848e+01
8.643862557132460722e+01,8.980517757466355988e+01,5.093517929884229289e+01
8.697096505619737172e+01,6.153451717181255987e+01,6.347473471064643036e+01
5.986777245811226322e+01,6.270465020653807642e+01,7.345617008373862689e+01
4.599378341760683497e+01,2.650121844469318688e+01,3.255788250183959320e+01
4.119464820881906064e+01,3.772518546716353427e+01,4.321398623843825959e+01
5.213094917380269067e+01,3.791280141599320075e+01,4.671938084106238165e+01
5.435122384768654058e+01,5.474735592867675393e+01,5.898699698682878534e+01
7.163234452017509568e+01,5.334734307994251878e+01,5.712535117142171970e+01
7.152349201023066882e+01,7.810303909159023306e+01,5.810070187333750624e+01
4.294517244158725333e+01,5.579912868285886418e+01,4.717755534426449060e+01
4.454649047172703291e+01,3.870917836504708731e+01,3.614847981687592693e+01
5.667050262957006623e+01,5.464713947981967124e+01,5.738460467204940585e+01
6.896470604506333757e+01,6.794699541125645226e+01,7.077780123938688916e+01
6.392520643334699315e+01,5.881979529777120064e+01,5.777294499863663901e+01
3.195006680263017884e+01,4.609874047545159215e+01,3.479423015395015994e+01
8.746090833901308770e+01,6.968499205999255253e+01,7.408813178417256040e+01
4.099757822121077311e+01,3.795868659982836135e+01,2.770982148764604247e+01
4.008460164423259897e+01,4.636284331034461559e+01,5.317194460387066357e+01
3.718877385595614271e+01,6.006179828405546317e+01,3.383419878801433356e+01
5.153497269562980421e+01,6.578197146343535451e+01,5.556606064563386127e+01
8.821241820668279843e+01,8.620902185589335431e+01,8.971824334411076052e+01
7.502152477632073158e+01,6.096690549570156747e+01,6.767685833384577165e+01
3.360530828540021275e+01,4.274117759355842594e+01,4.926375242052439773e+01
7.436997652180048135e+01,6.908241154539109630e+01,6.757281445453094193e+01
6.815656713236927544e+01,6.838014029038339459e+01,5.488246160240016991e+01
7.353512461152048729e+01,8.002128964933326927e+01,7.543259748939945553e+01
6.721455162953783713e+01,6.330909607309510534e+01,6.495207315029155382e+01
4.121932369247004146e+01,3.670665270018404414e+01,4.179472364354220559e+01
3.217247295966852505e+01,6.251557962612929487e+01,4.300205982533388749e+01
6.407337679706479605e+01,6.307118475223881404e+01,6.704483668041194733e+01
7.175579762371009451e+01,7.641579330931490688e+01,5.630113085020902020e+01
8.054020960841174315e+01,7.709900239552791845e+01,9.525659607448885424e+01
4.923908248580546143e+01,3.974732200629495082e+01,3.076680851530457517e+01
4.558692463335116685e+01,8.171241266623060540e+01,7.771783875770718453e+01
8.964124501933372358e+01,7.481804446605782744e+01,9.407623704999738834e+01
9.736405572536442321e+01,7.869649984678183330e+01,8.972639857986914080e+01
7.189559708779528080e+01,9.831171758488775936e+01,8.374880848320037785e+01
9.392658157259501195e+01,9.315669134072150825e+01,9.584827443827781224e+01
4.674675913539982730e+01,3.289132300194430059e+01,4.839122972137266032e+01
6.483927495065904623e+01,5.623251093202615181e+01,5.860979025149583066e+01
8.860490019633378722e+01,9.092399609142827899e+01,6.973740338554698326e+01
6.199800682069461999e+01,7.963774073165042466e+01,5.903812280221227837e+01
8.224230078631637753e+01,5.677835837042761824e+01,6.371020488236767676e+01
1.000000000000000000e+02,7.986287809217469658e+01,7.805651333363894651e+01
5.997462353763983600e+01,7.013797937787032311e+01,7.900508024111971395e+01
8.912915542563615645e+01,9.521402471666991119e+01,8.889337591190148657e+01
3.977614034775825758e+01,4.180447871608144794e+01,4.758119687878640036e+01
8.587347448816936435e+01,8.978118336104911634e+01,9.756768948443189515e+01
5.770570609857979605e+01,6.451310530172740698e+01,6.908440892151995172e+01
6.735042848607609756e+01,6.943603267315285166e+01,8.072223155720627119e+01
7.838186893350474804e+01,8.610690526423015001e+01,9.065233834274359026e+01
7.585737665324708701e+01,7.489079113881200556e+01,8.487132897283548516e+01
5.862122480276867975e+01,3.835870648907164338e+01,2.397182166346788890e+01
7.111238111859798039e+01,7.279751310622899041e+01,6.739911267792477645e+01
8.846386822601240851e+01,8.510692461725463431e+01,7.654490415198806375e+01
2.994094020014903990e+01,4.408110972490752744e+01,5.223450783173836243e+01
9.191229964925373963e+01,7.873032014292782321e+01,9.060534452511845416e+01
3.495382635847020936e+01,4.979517183943021053e+01,4.508408355616266050e+01
5.914530534158195962e+01,5.862316452694797420e+01,7.035048720381857379e+01
5.174288617680634417e+01,6.809491635554768152e+01,5.391397616847557828e+01
2.990088560914267646e+01,4.023538860467978395e+01,4.823024735796407469e+01
3.785413440373386607e+01,2.622438984362719339e+01,4.655472736139552126e+01
8.892545338211166950e+01,8.454811649511268001e+01,8.704787922104276277e+01
8.136407078204346988e+01,6.728878798787246751e+01,8.947176338629473946e+01
5.835314285867710282e+01,7.052204449022138988e+01,8.875257752379522458e+01
4.360983508417466226e+01,5.783836092155976871e+01,5.000887585849743289e+01
3.659771842241512729e+01,4.112876305729711390e+01,4.457159380413074956e+01
3.895130679449818700e+01,2.535275339321975707e+01,4.742637593254787731e+01
7.280541211121763467e+01,6.155772222548044681e+01,6.613149855375320385e+01
7.383969019918660592e+01,5.904747959052288309e+01,6.557651481991636899e+01
5.983568762912328509e+01,5.535503666591976213e+01,7.110961739738962706e+01
3.560357903095933807e+01,3.101785254183204188e+01,3.052697334481382185e+01
6.421738854371120908e+01,6.481840376050219277e+01,6.663641942469004675e+01
3.773325461034000483e+01,4.488801567860208053e+01,2.696801947951760070e+01
6.056957922671181649e+01,6.823738683939376415e+01,6.555506964910226486e+01
9.366808183551017919e+01,9.864234455021193071e+01,9.504733486864301995e+01
7.280335249283392329e+01,8.597918953377200069e+01,8.089534863225189554e+01
3.655745630022224191e+01,2.879158604754232798e+01,3.478318102565513925e+01
7.787992315148845535e+01,7.119680092265299720e+01,5.019407242047412865e+01
4.332335064234791844e+01,4.055966871529099649e+01,4.678281301040099294e+01
8.967505467279954701e+01,8.139636657509235818e+01,7.856634080004656084e+01
4.810250964156298892e+01,4.344575405175987726e+01,4.133388135706687194e+01
2.704461005252169059e+01,3.159557603142781090e+01,3.437078531334726961e+01
8.182948317066234267e+01,8.186346778260708845e+01,9.365207116263302112e+01
3.836010085120698676e+01,3.419308766005419642e+01,3.148370380195201790e+01
7.041919904287362897e+01,8.084709120337571164e+01,5.205907720931347882e+01
2.818153796546134515e+01,5.138476119609295978e+01,3.685557649931176627e+01
4.123833795619070486e+01,1.803508908018097401e+01,3.274820840421294577e+01
8.076440866440206889e+01,9.399244934341572844e+01,8.175925847777756417e+01
5.169897154440742071e+01,6.494984821126512031e+01,5.739372843678261660e+01
8.522040579351590850e+01,8.430476722803722112e+01,9.824124754429962536e+01
7.500460332711010381e+01,8.668720172365463839e+01,9.930162334463956597e+01
9.262728674114384830e+01,8.479905064951998384e+01,9.394539957840778754e+01
7.267870404320726152e+01,7.550793483077565327e+01,7.051181731156609089e+01
9.071473002209565095e+01,8.035234941235074757e+01,8.566770082200989123e+01
4.623696816588719116e+01,3.982922864743552083e+01,4.909494906760450306e+01
6.238047497950635289e+01,5.755378763975387812e+01,6.011958904641906543e+01
4.482101451903800893e+01,3.990471319291345509e+01,3.781287825000026004e+01
4.499347417975626229e+01,3.333389926770203004e+01,5.726927208563867566e+01
6.922085211911405622e+01,7.814254134278775155e+01,8.128814569736921669e+01
8.198241529242298498e+01,8.442707904107005845e+01,8.227492280226258003e+01
5.073745835818574790e+01,4.506271305881286793e+01,4.302773551434388821e+01
5.652847247140257281e+01,6.486355340887612897e+01,6.541674760988099990e+01
7.736295741248616764e+01,9.531054276759437016e+01,8.850680919023324122e+01
7.768436354929275467e+01,7.807826854349823975e+01,7.869855358549585844e+01
6.858465077580045488e+01,6.225014889153463571e+01,6.714289427734274796e+01
7.763356971598307155e+01,1.000000000000000000e+02,7.494543126537368494e+01
6.967309680844171282e+01,5.902553289596134078e+01,7.215674084833420920e+01
8.540337247643056173e+01,9.574353634689379078e+01,8.455187328667456370e+01
6.737243889038451528e+01,6.498093032194296370e+01,6.214567717088368681e+01
7.070834090140407113e+01,7.629552062415500302e+01,8.615309441500502885e+01
5.206774260716679237e+01,7.294333328161542340e+01,6.358969632276402706e+01
5.860141142787040991e+01,5.622532251127519487e+01,7.405395848484796772e+01
3.754333425332338692e+01,3.397177935714097430e+01,3.174189863537730361e+01
6.477126841680582459e+01,7.577416535251198582e+01,7.021979891524011919e+01
6.986391022537287654e+01,5.090577101701954632e+01,6.218593628249134753e+01
6.993567341812828886e+01,7.829465439314547837e+01,5.634066649218574696e+01
7.535220435095524749e+01,8.468278312030383859e+01,9.697419431211770302e+01
7.941089087695273463e+01,1.000000000000000000e+02,7.985850860534051776e+01
9.177408832357373569e+01,8.220374593128983065e+01,9.544390642905996458e+01
5.828317600897849360e+01,6.797882602501481131e+01,4.508336387863897698e+01
5.950882114002092038e+01,5.729449689967999859e+01,5.930126018642479124e+01
5.898077567549183442e+01,7.848938388596944549e+01,5.889221033831456253e+01
3.723874506205681456e+01,1.836945855941327821e+01,3.502830425937780490e+01
8.084969054712493630e+01,6.968839732476938309e+01,6.789802554682079005e+01
3.807171645961611972e+01,4.529765711376241200e+01,5.007181996457681805e+01
8.222167276539751413e+01,8.126776820246516309e+01,8.653961891773346338e+01
7.869892264367747714e+01,1.000000000000000000e+02,8.443518566655167490e+01
7.966940626819774707e+01,7.621858796336695718e+01,8.472947609960731086e+01
5.244813061559981548e+01,3.848904920556418574e+01,4.645677692523970137e+01
4.448826237615526935e+01,4.324140112154040594e+01,3.590272124510951812e+01
6.718452684780622519e+01,7.115495778479676403e+01,5.576009331447613704e+01
2.721558099778629014e+01,4.108098761494465379e+01,4.360016538737465908e+01
7.200284597976053647e+01,7.361161736711055426e+01,5.635223816055182766e+01
6.459746536581832288e+01,6.917126979930826280e+01,6.619583944376270779e+01
4.249098503297329188e+01,4.350138640154484904e+01,4.835593515240454821e+01
4.206156577021243947e+01,3.586700190420209111e+01,4.606531373782538452e+01
8.077470340066928145e+01,6.094817102624755734e+01,8.371242396466101354e+01
2.761733733808070923e+01,3.787711913348596227e+01,3.629982892845739428e+01
4.434012354828440294e+01,6.616820897771671639e+01,3.046014458574017780e+01
9.173117621105194530e+01,8.615896137471669647e+01,8.095193444858807652e+01
9.043060012773914025e+01,7.527045290304189962e+01,8.639539336972066508e+01
7.067053479426137130e+01,7.725916362930882997e+01,8.481993077749552867e+01
6.240807169975062152e+01,7.479405497716786044e+01,5.470158241215752071e+01
7.045950620872832815e+01,1.000000000000000000e+02,8.495224355796449345e+01
7.753131143438631057e+01,8.074998268641328991e+01,7.504470499272542838e+01
3.082186806830829084e+01,3.293622475108820424e+01,4.331538663582910687e+01
4.991765525655299029e+01,2.952860418517212082e+01,3.963890095589724183e+01
9.265906253983362717e+01,8.686477390953027111e+01,8.334612090648087701e+01
2.656711657901026058e+01,3.913413329341621250e+01,3.653098011876650020e+01
7.174696827707347779e+01,6.535914266098261294e+01,6.510817140901492905e+01
3.040478539340771746e+01,1.485066958380204838e+01,3.164870580328427252e+01
4.306276567092115926e+01,6.056257584755678636e+01,2.793301290134522219e+01
6.775716256777261037e+01,8.804353279271785482e+01,7.721339302005382876e+01
6.104437452746711301e+01,6.968927656859870012e+01,6.724378191075683731e+01
3.582703730113472318e+01,3.788465029820237362e+01,3.394472101787948048e+01
5.231727258375931910e+01,4.403446801477283401e+01,5.713017772363212288e+01
4.774040332792908004e+01,3.743216127693022344e+01,4.004149158927216234e+01
8.340424973541075815e+01,7.821601526893532252e+01,8.259265490829820067e+01
3.643456355157432114e+01,2.334207005096100573e+01,4.056471660333870233e+01
6.904803730604318446e+01,7.987914091854648291e+01,5.434098434525510157e+01
3.763826634303470797e+01,4.374091861254150615e+01,4.404708051628287535e+01
5.631899884167066261e+01,8.546809466483556150e+01,6.195967377997423853e+01
9.273023640952939672e+01,8.225999415323762776e+01,6.063629498175371424e+01
3.862312454841303122e+01,2.984636342909902140e+01,2.920030516796177622e+01
4.164525312475919350e+01,4.736331598672489207e+01,3.089388812579829136e+01
7.296527962438291581e+01,7.244622995459729964e+01,5.972743368070797487e+01
6.239901479686137975e+01,6.427149101018036959e+01,8.547622765332566530e+01
5.584959998949571514e+01,4.463415849519049061e+01,2.619492139884293636e+01
5.660078502247250753e+01,7.102532849265280390e+01,7.020605518940342904e+01
8.238761630722774498e+01,8.388025677323823004e+01,1.000000000000000000e+02
4.692653602543855840e+01,4.570768369955590060e+01,4.470988498304917158e+01
7.796207063834482653e+01,8.661486850255795389e+01,9.488018368482255482e+01
3.673461459208836999e+01,4.315849016916872927e+01,3.028265338153151021e+01
7.355231673303156015e+01,7.217190898939107058e+01,8.606876464431488216e+01
4.856058888296367115e+01,4.265747973436339180e+01,3.053209431304910737e+01
3.230644800997122701e+01,4.515787433207236745e+01,4.519479291379325758e+01
5.025067085171615133e+01,4.059821431308409245e+01,4.360869826963057960e+01
5.733094619463451380e+01,7.458921271881510506e+01,6.209730239493210036e+01
3.556442953194629553e+01,4.339609707545072581e+01,4.582069525954946698e+01
6.512884058509813201e+01,6.469078257287131350e+01,6.351312504940646164e+01
2.991360562223454878e+01,3.949375256866569117e+01,4.646166082161147415e+01
7.151603057161199217e+01,4.635184243049445030e+01,6.052486672285451164e+01
9.632794012255098437e+01,8.088098085798017678e+01,8.050705899679232402e+01
5.940129069790458516e+01,4.451274545654555226e+01,5.693094573940662428e+01
6.265643134522295554e+01,5.665650928561652933e+01,5.893067416528998592e+01
4.904459886599842378e+01,6.219099409739946793e+01,4.542012918783146347e+01
3.929403639765519785e+01,4.808050957491941801e+01,3.756551864408166352e+01
8.859757953118193541e+01,8.693626405904029752e+01,8.494378754826813349e+01
7.130703754803228378e+01,6.662276558703590013e+01,5.603072231732818409e+01
7.382461333431267292e+01,6.907383630652977047e+01,7.978770612441169874e+01
5.490786259512861989e+01,6.718175422883064130e+01,7.135137263205157865e+01
5.545568193403653368e+01,6.147088598689950345e+01,6.001778754702561258e+01
7.744505768513784005e+01,8.913835389486040128e+01,9.538312763971421759e+01
8.528490335241589548e+01,7.999476272035234103e+01,8.541075059388157342e+01
8.346596401972860235e+01,8.690195125581986701e+01,8.503147334582152439e+01
5.028323605931032603e+01,6.767980872183099450e+01,6.170314661845115722e+01
8.379844300381178357e+01,9.152450976529985383e+01,8.035378483840223396e+01
6.708160785258286296e+01,7.010823603407907001e+01,6.373589010782131226e+01
4.487009177779551550e+01,2.166968393121520009e+01,4.243493383224208060e+01
3.891577745765081175e+01,4.029247731520699460e+01,3.346765099042622893e+01
6.641030207119847262e+01,5.429788059042815007e+01,6.396137615323045367e+01
8.068006271264741258e+01,9.287226601707335760e+01,6.978411022212917203e+01
3.793018890890050443e+01,3.031381137979913376e+01,4.754364604887730650e+01
7.345783813710625054e+01,9.427762414725260953e+01,9.931684476634463010e+01
4.901149494403442475e+01,3.039055901578731067e+01,4.171127207595730368e+01
5.017791089417678307e+01,3.401048901304034899e+01,4.073035017740363628e+01
8.761806988477133018e+01,9.337615234609616266e+01,8.309412821203099497e+01
6.812201170928454985e+01,5.941419008459312323e+01,7.089095623011749581e+01
7.430285042653072480e+01,7.173692916932213848e+01,6.398651477473025295e+01
5.182663280352183222e+01,4.628153845383695852e+01,2.995471834963542435e+01
4.141916891709552573e+01,4.970015069465280533e+01,3.740966636570719572e+01
4.035369902483358118e+01,3.837668812163561682e+01,3.134058242089370339e+01
8.287400750380817271e+01,7.704487088555413266e+01,9.890538649171806185e+01
8.324789396174115552e+01,7.640871643003292490e+01,9.467069094693900411e+01
4.521398513122431950e+01,3.992964248411542627e+01,4.410559848861744570e+01
6.130793177283034368e+01,5.265530904113369814e+01,7.640651864544700800e+01
4.357936568961903134e+01,2.940806324215911616e+01,3.381443906525698395e+01
6.085053976752195126e+01,6.123902273903305371e+01,6.825502182814679486e+01
8.362758638362328156e+01,7.062342218685554940e+01,6.130965958876195998e+01
5.100753261382727999e+01,7.465428085787452517e+01,6.346385792527534164e+01
5.051846297204723868e+01,3.912212654695853331e+01,4.282176130421074589e+01
8.038188003988474861e+01,9.350109594901502419e+01,8.485268223327750547e+01
6.150808726956473294e+01,6.212200625449919045e+01,5.830272829494179376e+01
6.412960270459700496e+01,6.717089827897709142e+01,6.289770800190590450e+01
6.671473215606003748e+01,6.287837113975954395e+01,6.329525291933549624e+01
5.075398243702431245e+01,7.234620897113859428e+01,7.716098253481062841e+01
5.730069720728852189e+01,5.224593730075254427e+01,6.019121485630261503e+01
6.766668944198298163e+01,6.963163544463522214e+01,6.629455191852160567e+01
7.597613738426463215e+01,6.732107598738421927e+01,6.422857976070174857e+01
7.618376193267231145e+01,5.506838429958139614e+01,5.962828991574071580e+01
7.386833201160943929e+01,6.193776509610916037e+01,8.200737086627945871e+01
9.845248176672578211e+01,8.991570065963553304e+01,9.279911485635564361e+01
3.619590001289771664e+01,4.764678866090564924e+01,4.538210214533297915e+01
6.005783897975861407e+01,7.586386222761461795e+01,7.282960374768971690e+01
5.886478949221243795e+01,7.176163769849431162e+01,7.239443413459301269e+01
4.010721486574431083e+01,3.812734341535883686e+01,4.822083489120939248e+01
2.331977362656097696e+01,4.311230072347010633e+01,3.695969550246243074e+01
3.753977788226387702e+01,3.745578052954344628e+01,4.375757375588282372e+01
4.547998458213461248e+01,4.107147795006925151e+01,4.536177165593272775e+01
6.894390947762478561e+01,6.047077715067329251e+01,6.337231511165676778e+01
6.981591844531969571e+01,6.265385809737706069e+01,5.334595106467227765e+01
8.637456156340464020e+01,8.158304141150003375e+01,7.890309847938448229e+01
5.815292863730932282e+01,7.058788125647802758e+01,6.136775027579979991e+01
9.523461858175856776e+01,9.602750992205515956e+01,8.832325290396079254e+01
6.030176881363315999e+01,5.676706148357873616e+01,6.927168921453045414e+01
2.775427794194634856e+01,4.183585372370885125e+01,4.588466473942698798e+01
7.154344530185763062e+01,6.947502269747188564e+01,6.685919169931368344e+01
8.041060699842793724e+01,9.756953293375391922e+01,7.611161899192164526e+01
7.116017592716775653e+01,6.182391190163347972e+01,5.568803436535991835e+01
5.183672298920748034e+01,3.913170693851874660e+01,3.371362984493781312e+01
3.797694842945735161e+01,4.449818297531594880e+01,2.966494185414648044e+01
7.795409249219413539e+01,5.159180732743286057e+01,5.540799972042545107e+01
6.697819373812417609e+01,6.995765735043497102e+01,6.759706129994469848e+01
5.863593458232473665e+01,7.150698151578660600e+01,5.212119053334448893e+01
6.201877717231582920e+01,5.454112331075801023e+01,6.192297906858371448e+01
9.012308720469359002e+01,6.799508700584590315e+01,9.495021114102246429e+01
3.572319807786293921e+01,3.987137732378521804e+01,5.422412861445830146e+01
8.243893847483761306e+01,8.449739346139757856e+01,8.126800414256916838e+01
6.585356443510755753e+01,7.818789510786616859e+01,5.624825797917056036e+01
8.351177374750177762e+01,8.909685265524076669e+01,8.057414012500719025e+01
5.357888877797712013e+01,5.163431881886160113e+01,7.910181374183420644e+01
8.103387248202683679e+01,1.000000000000000000e+02,8.065181939124151711e+01
9.375773777398163134e+01,8.656696990060426344e+01,7.399210647337675084e+01
6.186786768527594660e+01,6.347654773095182890e+01,6.239557474268778492e+01
8.797889733930497869e+01,8.462048602019146415e+01,9.993876134344887419e+01
7.908791749953508088e+01,8.514420012649509317e+01,9.092226927855547558e+01
4.989423201062066937e+01,6.270702921002341412e+01,7.016265639085345640e+01
6.488585863829666778e+01,8.205069991007387387e+01,9.427974880588837436e+01
5.248817906608324790e+01,5.997787741670071426e+01,6.478685050565435688e+01
5.473720526854610569e+01,5.539596829610058393e+01,2.668514885335839182e+01
6.411224974935819887e+01,6.912795390147658736e+01,6.327925030890685321e+01
8.083842444481334155e+01,5.443223475272887413e+01,7.047846016357580368e+01
3.921541145173993925e+01,3.480589664311891340e+01,2.811550397415143010e+01
3.579754397097268281e+01,5.547051518996539698e+01,2.866616372268693169e+01
7.065763355415748492e+01,6.646798659684748145e+01,4.428633128832815657e+01
3.902457346666406579e+01,3.831005376310976374e+01,4.217841384441400265e+01
2.800883776311886209e+01,3.993818975115454606e+01,4.293069575147249139e+01
2.853564184025056960e+01,3.085833232109032309e+01,2.977272047968300939e+01
6.744723185025334544e+01,6.842920972546620817e+01,6.249493884546572531e+01
7.315231460224225657e+01,4.822896450471635887e+01,5.817078364165036675e+01
3.594717843223037335e+01,5.018306215003730841e+01,4.429037575344715094e+01
3.403044197154360262e+01,3.143274403324384636e+01,3.591298329336682116e+01
6.399102611270893703e+01,6.033976205567308426e+01,5.708472598383420404e+01
5.181244441790957467e+01,6.841084139295433886e+01,6.322153467951941508e+01
5.886239778699775371e+01,4.186930994724260557e+01,3.950550247277560345e+01
6.328223305119308861e+01,5.185612351850862467e+01,5.716169062401704082e+01
7.119044463100831877e+01,9.187131927809929266e+01,9.350335505114671264e+01
4.713643915015862973e+01,5.022061217234559649e+01,4.342797183194591071e+01
4.464621676263837458e+01,3.954573444485846778e+01,3.863673935068636212e+01
5.707264713788381272e+01,6.317528077345191662e+01,6.980355444223367556e+01
8.575594159832409957e+01,7.647847477042903108e+01,7.924366398759285346e+01
5.252623624962603799e+01,4.406927634414478945e+01,2.581268368952255443e+01
7.891979041128371364e+01,5.535828706433011348e+01,7.413883810807045904e+01
9.272797785506253376e+01,8.701478077595911031e+01,9.400187496930806219e+01
3.006595576897285937e+01,3.836745132448920970e+01,4.087718203659206750e+01
5.201385449231673164e+01,6.336229595890003452e+01,7.102730752937182501e+01
6.631773815976026754e+01,6.819900547786858169e+01,7.087472230777547111e+01
4.279786253291067766e+01,3.185108913280473075e+01,3.845049966680301168e+01
6.020004490639756511e+01,7.544763235523433309e+01,4.881951695888944442e+01
8.642113526063857876e+01,9.288762533009303013e+01,8.254554389121881286e+01
5.614225999606078688e+01,6.258999061663019603e+01,6.383699521684671652e+01
5.022024153392219148e+01,3.325493873590600913e+01,4.226629438520516402e+01
6.772492899740359462e+01,6.169720201438199325e+01,6.530297303671981979e+01
4.776398384690984500e+01,3.203447818526554869e+01,4.394614235071279040e+01
7.767908550182016825e+01,7.035691808183484852e+01,6.438997876943918186e+01
6.203810910185052307e+01,6.091116080485935669e+01,8.137591105831734239e+01
3.783196172089284914e+01,3.773516547475102811e+01,5.499305519888845595e+01
1.000000000000000000e+02,7.491117573121627515e+01,9.467369966352320887e+01
1.998640124672276386e+01,2.636805709911699580e+01,3.333570621763190900e+01
6.966746199550300389e+01,6.811022709598094593e+01,7.349330538464872120e+01
7.553154088035184088e+01,7.545461027837019685e+01,6.399318397208720910e+01
3.227989820176392044e+01,3.777522965609672667e+01,4.180687869053242167e+01
1.000000000000000000e+02,9.402023474297359940e+01,1.000000000000000000e+02
7.879602785990940106e+01,7.108032514815801051e+01,5.887261938090587421e+01
3.380518479289453637e+01,4.820857576122826060e+01,3.502898713561991428e+01
3.384695825804916325e+01,4.808419216261370366e+01,3.664172497986547228e+01
5.750341597495501844e+01,3.597319976922278784e+01,3.599327074777173863e+01
7.432576206222178428e+01,5.127760331916202574e+01,6.416355478505516885e+01
3.441954234722953743e+01,3.307248092934171524e+01,2.682002960762049071e+01
7.614288106568945125e+01,5.222314304465234613e+01,5.861694177153255225e+01
5.714757459821584007e+01,3.857739419769048084e+01,3.380182403537311586e+01
3.892941628387167441e+01,2.900083353304014366e+01,3.809461004820267505e+01
9.412335235815939427e+01,9.161096748384414923e+01,9.203364088294078726e+01
2.502275598053283545e+01,3.080672567569091314e+01,4.008268450545883610e+01
2.757994021359956349e+01,4.208603507312933800e+01,3.973117248035086391e+01
3.349802431163406879e+01,4.607240452417767784e+01,3.536075338150457981e+01
8.907047492840119673e+01,9.316765883754236199e+01,7.790874123967803655e+01
4.035373602320146347e+01,3.352699212047168231e+01,4.054137006450167746e+01
6.270249968982052735e+01,6.759786428657653801e+01,5.371618980831238588e+01
3.780919595563010205e+01,3.730534425887525884e+01,4.495761572385983129e+01
3.529628770603121524e+01,3.956238547825173413e+01,3.283776184087301431e+01
6.218474828158726098e+01,5.804536429879858872e+01,4.357781854268651500e+01
7.137597424286809655e+01,6.715504291600446152e+01,5.652073507756534099e+01
4.451933825018329571e+01,4.552073132140316147e+01,2.905646178094509935e+01
5.584477171085248415e+01,7.235055253428036792e+01,6.122457251366596864e+01
6.880588399749541395e+01,7.447987192392736233e+01,6.111867750643023811e+01
3.590079825118530721e+01,4.739986597857671313e+01,4.199904181061435082e+01
6.915363093987953391e+01,6.271138125282845976e+01,7.513407057517601118e+01
3.563293132957712572e+01,4.998852624605924433e+01,3.568594014703344186e+01
3.371458377385997807e+01,4.963606041284924686e+01,4.063372038243311835e+01
6.317646819621186438e+01,5.805924638050314002e+01,6.357935944158617048e+01
8.675427994373740148e+01,9.392005365830375752e+01,8.958038898764660019e+01
4.501995117337475705e+01,2.721201174389373634e+01,2.905501722997355785e+01
3.356378695820149005e+01,2.553484762503403260e+01,5.234794284811642484e+01
3.824295078466067821e+01,4.201876665073157824e+01,3.617333790800483939e+01
3.197809590281130454e+01,6.185030967327641349e+01,4.472705658793309169e+01
7.295013684045024149e+01,6.924868766510940077e+01,6.593149544466825773e+01
7.697156417706287357e+01,8.171077658611865502e+01,7.966136843765571030e+01
6.338992691013190495e+01,6.602036807666793550e+01,6.799659906050888480e+01
7.059967081388407451e+01,6.470979177187234654e+01,5.880489171453793062e+01
7.738985581398323177e+01,7.663453089896106007e+01,8.658798493141067354e+01
4.062760104622329038e+01,3.950667744634767331e+01,4.247201884868560740e+01
4.219043076258815717e+01,3.994306515897187637e+01,4.136141554553545774e+01
3.827185635752530146e+01,4.458262498710124078e+01,3.617899757316340725e+01
4.818727821958630386e+01,4.338643587367281640e+01,4.230379994971318780e+01
6.303386553139672799e+01,5.220933701466128696e+01,5.654998670452525289e+01
3.886014060490715849e+01,5.512584140880964867e+01,3.923721729203155206e+01
6.398923517708351483e+01,7.564785155238148207e+01,5.229540271085909353e+01
7.509849050102624801e+01,6.309212734305258152e+01,6.482158479932944317e+01
7.968711198024175246e+01,6.638139181587284554e+01,6.088441196027435609e+01
8.316386801059684331e+01,8.784778258424948660e+01,9.591660524178661262e+01
8.333414596946165886e+01,1.000000000000000000e+02,8.958885937915323439e+01
6.251118744257510684e+01,8.432513541131231705e+01,6.249532820394844634e+01
6.168847572178642480e+01,7.523409595986495901e+01,6.706903725518135673e+01
7.202521529539059486e+01,6.342697841301952622e+01,7.418726197989872162e+01
5.951158049955238027e+01,5.938807710792289640e+01,5.220610578573996463e+01
7.283871825158392710e+01,4.889903510701497424e+01,6.725336696023646255e+01
8.262896050852502583e+01,8.633251030390881908e+01,8.528701899628345018e+01
3.565463335155109093e+01,4.011622305550054790e+01,4.552083539811209789e+01
7.490357361330593733e+01,7.799343961856340002e+01,5.602358108892396871e+01
5.683820874583525296e+01,6.238716962722725157e+01,6.548612078115529300e+01
3.983603550261735649e+01,3.153090185637042708e+01,2.332315397876746843e+01
9.028113747885575435e+01,6.440307518790443453e+01,8.497251497718059454e+01
6.855114085609058350e+01,7.091660086567137000e+01,5.837318532177589958e+01
7.921560674270554614e+01,5.188746497683546721e+01,6.787545937519534789e+01
6.876206244747635310e+01,4.682898329279611005e+01,6.942519697062400041e+01
9.093501153567338235e+01,8.498940214618637867e+01,9.254487282649212432e+01
3.951186119177273071e+01,4.100932157144779922e+01,3.728315979514744782e+01
4.063041792377953243e+01,4.849849908217704098e+01,3.714244737535425145e+01
6.958086849738592150e+01,6.973485855783962961e+01,7.200189908433716823e+01
7.041190366548907775e+01,5.834596639934310502e+01,7.230524419500832778e+01
2.942292881533360571e+01,4.636840493989062395e+01,3.827395501321743154e+01
5.852162398002143107e+01,6.471224357077986156e+01,5.265014335547075319e+01
6.189018785961611968e+01,7.421833993399928886e+01,6.925294560642699082e+01
3.774388414451832574e+01,4.193161727681943773e+01,5.152650078403410561e+01
2.796315817068853704e+01,4.420652159323879715e+01,2.406800750040256531e+01
4.127276993751204515e+01,3.920909507230171442e+01,4.322700994021379728e+01
7.498873178989143184e+01,8.007982153002770076e+01,8.636043329263851831e+01
6.956122159959771523e+01,6.650908563263811857e+01,6.587278435561589163e+01
3.606767339074267653e+01,4.067729024586211040e+01,6.213948713625808296e+01
2.553469829125008062e+01,4.341415137774003341e+01,3.834582269158484991e+01
4.300855677056616599e+01,3.328915112389985609e+01,3.451805754256781000e+01
4.343172312901759113e+01,3.725724277672130569e+01,4.383752424478024068e+01
4.647827808222574930e+01,3.270670099064997771e+01,3.623420862198794623e+01
8.715237683614903119e+01,7.870214714306089832e+01,8.374186953080126727e+01
4.253928359039537099e+01,4.093408070298053048e+01,4.136501666895265572e+01
6.125447593175999828e+01,2.872533403627747361e+01,3.532211138212432644e+01
7.865782515250305096e+01,8.925820156261612226e+01,7.681180560539488056e+01
5.250013543443736097e+01,6.745443948083320151e+01,6.806957679320561283e+01
3.698211460722981059e+01,3.230747687102536503e+01,3.880051519625946810e+01
3.645585274608085768e+01,3.622384309374387357e+01,2.634044620270003989e+01
4.663296856852842609e+01,4.323884070108567101e+01,2.715783002293945714e+01
7.048351441409354834e+01,5.667181501555891998e+01,7.598541667143348377e+01
7.506482374179330463e+01,7.828557805538855519e+01,7.748052169130131972e+01
6.574402771343845586e+01,7.322811042786025837e+01,7.352534455224494536e+01
2.553409955996786351e+01,2.298321965107310660e+01,5.097909947314860801e+01
6.933674355476441065e+01,5.096306821945302801e+01,5.340524342523182355e+01
6.813175630989020704e+01,8.910856146253456700e+01,7.637332447112949296e+01
3.097482610326346375e+01,3.613473155762154221e+01,3.650563551913736404e+01
3.812258547262191399e+01,4.969399125756925173e+01,2.827286803973169427e+01
4.391700915097921865e+01,2.440769144865660678e+01,3.642562075088903839e+01
6.407994277037815323e+01,7.362546210968270088e+01,5.471244467436884662e+01
4.448263342585805447e+01,3.793983040872166868e+01,4.458689976138356315e+01
4.357168816996149729e+01,3.951926201795895111e+01,4.010062801881466754e+01
8.911817050069643642e+01,8.994870091108374766e+01,9.255710653095830764e+01
6.586845721539947363e+01,5.336704403757364190e+01,7.184513102710567978e+01
6.606526063746440514e+01,8.253603155437144778e+01,6.155584135049119254e+01
2.680746934912641422e+01,3.770023094355330784e+01,5.059789572501801302e+01
2.625758194062478523e+01,3.738869911906490273e+01,2.129678799081621676e+01
6.069711034664277349e+01,6.116151291713202909e+01,5.675388057758615901e+01
2.795897645863477265e+01,3.570609551725357989e+01,4.337160592444270435e+01
7.068803935309139774e+01,6.774552604633086617e+01,5.811059908272657992e+01
3.018585012358690989e+01,3.959620741774862296e+01,3.286776436262370993e+01
4.322870456224882219e+01,4.149974137738022506e+01,3.197777154976708403e+01
7.107570560887094757e+01,6.226397238617373375e+01,6.315115254911179932e+01
3.139664194704945288e+01,3.261467900777445550e+01,3.070479822720150054e+01
8.990770862670336783e+01,8.968092941132354667e+01,8.866489526607074367e+01
4.920916438475062193e+01,3.142971858621495329e+01,4.420125832024216805e+01
4.859872140562085718e+01,3.893762837647472708e+01,3.444389197544182224e+01
5.099576972792332441e+01,3.887891897257595275e+01,2.492900030450269355e+01
2.683373468148604246e+01,4.281171889265584696e+01,3.954792842087766758e+01
8.363147336856638958e+01,8.931471254984694497e+01,7.476764209325310162e+01
3.704239403832980315e+01,3.522902665890578078e+01,2.250874847986279548e+01
4.828560705511704043e+01,5.069060916382500181e+01,4.367184615093312772e+01
3.923056850461334477e+01,4.902415085879442103e+01,2.175409723702461662e+01
6.506645594161042823e+01,8.436444104806997757e+01,6.982140237690263973e+01
7.510430647301271279e+01,6.045348612491928009e+01,6.012179294943484820e+01
8.169921302565840904e+01,8.865889563485183089e+01,8.877035636275670072e+01
3.580981777167011870e+01,4.337831215300287369e+01,4.854769653795438700e+01
4.271900288954162761e+01,4.252838296515429306e+01,4.327862765862953864e+01
8.114919039312071902e+01,9.685977509709269384e+01,8.195203206738526092e+01
6.082097292290301738e+01,5.616334395535064061e+01,7.002771905755396631e+01
8.005849191756460925e+01,6.207015986838372612e+01,5.165206653541459048e+01
7.367605034075633341e+01,7.676813512910958082e+01,6.733956000063220415e+01
5.643931923198429956e+01,6.422736429671316216e+01,7.069569557151829997e+01
3.763924275278169773e+01,4.287589915770540472e+01,3.096302883407734896e+01
9.096302685033141699e+01,9.636633221930858895e+01,8.429066066668615065e+01
8.161168155855398254e+01,7.415667976036036180e+01,1.000000000000000000e+02
3.929632759215058257e+01,2.991101014922291768e+01,3.827062221342427506e+01
6.491979318410575672e+01,6.170528393401492195e+01,7.131435502355229517e+01
5.589992383937210008e+01,6.923347993157575786e+01,6.391911362935616836e+01
7.317311113220399932e+01,8.770111829453358609e+01,8.679345455726718228e+01
5.169177620772820347e+01,6.542116657015311887e+01,5.622502617061662988e+01
3.830129435832588314e+01,3.471530507858489045e+01,3.623542011191264578e+01
9.350093914301857012e+01,6.909529871982144300e+01,8.742375876477404972e+01
6.063443594868316211e+01,5.326429899397269452e+01,6.124477814692913569e+01
2.588307158092585070e+01,4.440276081123910501e+01,4.654169285010329560e+01
3.139411233083814068e+01,3.556342075487642518e+01,4.857043631143692153e+01
4.474843755924453603e+01,5.229572523134115869e+01,5.159475840989043149e+01
6.577614214098284151e+01,6.983446390373671875e+01,5.599850766227886112e+01
2.878839081820656531e+01,4.650428589510097765e+01,4.092439618531571455e+01
5.533459451455064482e+01,7.513539252509339406e+01,5.693312502925967777e+01
4.586326845950027575e+01,4.212422919293177870e+01,4.071607199811051458e+01
6.532832492551138159e+01,6.418954906125844673e+01,5.604597495436556187e+01
4.903814698306620556e+01,6.044869921641658550e+01,8.162412034906408564e+01
6.088893455012810563e+01,7.389389327078764325e+01,5.873715489375899068e+01
7.693884848937582888e+01,8.917297873484773163e+01,9.158654361420011014e+01
4.863207711388890431e+01,3.041929368772674280e+01,4.511007505340781876e+01
5.254565157651065732e+01,4.307778651668187564e+01,2.941129358878888667e+01
5.715313554370384708e+01,7.014059879951562948e+01,7.907719337291359807e+01
4.323636154468925241e+01,3.786882339845993073e+01,3.480752197566976491e+01
7.804272772446491047e+01,1.000000000000000000e+02,7.631302489293146607e+01
8.094836638107545923e+01,8.241017939403980108e+01,7.598924924335574360e+01
7.718109720561085396e+01,8.539314358877925315e+01,8.539519185215920061e+01
8.419963527893175126e+01,8.522948428613511851e+01,8.369015995802166685e+01
6.116644887667515462e+01,5.959727650851143466e+01,5.937198750039105732e+01
6.374598968413405942e+01,6.590457889469186625e+01,6.964724292423817076e+01
6.614701317201026143e+01,5.511923004242945723e+01,5.925101920628277696e+01
4.903059570338004391e+01,3.974928713875651454e+01,3.019852594135079826e+01
4.508650609751014571e+01,2.082611384442207836e+01,4.637891991359584409e+01
6.797273932916242245e+01,7.896276015041974006e+01,6.954311323289290669e+01
2.627393372497346746e+01,3.125956583693270119e+01,4.333896642425463597e+01
3.275707829854534481e+01,4.123263993719094600e+01,4.775527832598564260e+01
2.892922804923531288e+01,4.221361614083907909e+01,5.313544140682958528e+01
3.206759749940243864e+01,3.082959275417064759e+01,3.649941354412696626e+01
9.643965217636107923e+01,8.139127104787492328e+01,8.784408868758742983e+01
6.184705352160661107e+01,6.039587982979541181e+01,6.285206379368644036e+01
5.400500830508811845e+01,5.275367101767031386e+01,7.100035508688910113e+01
9.165782656040327936e+01,8.186561180745449917e+01,8.502468123269719058e+01
5.639004520690629363e+01,5.428134721657704631e+01,4.908838946844342388e+01
7.693411763045440921e+01,5.199445914789757239e+01,6.270792755697446808e+01
7.915811070254446236e+01,7.668808690184876298e+01,9.258637566298800436e+01
3.804202260957382720e+01,3.690012214273311031e+01,3.441836343489804051e+01
9.140771916191896196e+01,8.530957374040495722e+01,8.544708706169112133e+01
8.806595975828018652e+01,8.120107440397991638e+01,9.084073643377470830e+01
6.776429299996596001e+01,6.186541367801967084e+01,6.251368413622240894e+01
6.601964403871258469e+01,6.147226486605358531e+01,6.305958268785357035e+01
5.662513363705387803e+01,7.042912757505372667e+01,6.417999171441093154e+01
3.612238374438766186e+01,4.863190912113903153e+01,2.654555394697856485e+01
4.648260813414817250e+01,3.570331104305209635e+01,2.593167521931201591e+01
3.018795525581960248e+01,3.320287171891292388e+01,4.923785682036130140e+01
9.497253127518365545e+01,8.269796877480625596e+01,8.581181868619140118e+01
8.155035833934893219e+01,9.340643332173866042e+01,7.720648751415875211e+01
9.122137043676585222e+01,8.948793868166784193e+01,8.084237588514405104e+01
3.909316801728154189e+01,3.959497509554407202e+01,4.565226010318261984e+01
6.683376164396722174e+01,9.290180505713084358e+01,8.459846550370319562e+01
6.042859860846877496e+01,7.555818837572377333e+01,6.520039452855941420e+01
3.413138925199167772e+01,3.483522718033862020e+01,4.586111653172392266e+01
4.295486447759923720e+01,3.605422523595271400e+01,5.548304946823287764e+01
5.215510140516409621e+01,1.782435495499257527e+01,4.750399156042730908e+01
2.940590525854288018e+01,3.182205332685921206e+01,4.226665903485536546e+01
7.195527886212843782e+01,4.137523657004168598e+01,5.840645329032739141e+01
7.900186946241775843e+01,8.258230048188717376e+01,5.668107595376365992e+01
5.520017528593479739e+01,6.647721766104687902e+01,6.185050572861224083e+01
5.036374693610521547e+01,4.882225797862058414e+01,3.877380967630213604e+01
7.096691599826745289e+01,6.832813304307009616e+01,7.234228275916585460e+01
6.145202918314983975e+01,6.175451150493051244e+01,7.998706112650764055e+01
6.602772956632620094e+01,6.012143649409102153e+01,6.401482875925100302e+01
3.651675498058088465e+01,4.812265459505482568e+01,4.191666915316417885e+01
8.753717234942608627e+01,8.011049752300563398e+01,9.337532016571333315e+01
6.214878127799046581e+01,5.347013333308784411e+01,6.641582211268382707e+01
4.361414880752787582e+01,4.382023469813436378e+01,3.070056975888055462e+01
6.538406510566493068e+01,8.383030461169850867e+01,6.375551055120642019e+01
5.506908653135544540e+01,6.404010264132570285e+01,6.501971808879766002e+01
6.585684691897755272e+01,5.986056408590985711e+01,6.106761055264051663e+01
8.096444140982450222e+01,8.660219520057589193e+01,8.470269088228516807e+01
6.354138389945616439e+01,6.131927263884892909e+01,6.286428627933209157e+01
3.798349747677315236e+01,3.371218713654915433e+01,3.768099507620104305e+01
9.086324744769360962e+01,8.692619914512813750e+01,7.052386533480733988e+01
7.018057679872015342e+01,5.397478050208284373e+01,4.460498583679495255e+01
6.272872687637858746e+01,6.045625234145543914e+01,6.919710496131989430e+01
8.144879235623818658e+01,8.354002170591537890e+01,8.667277046216051417e+01
4.496013771274862592e+01,5.372205682130056914e+01,2.619722820592781432e+01
4.164527136708804278e+01,4.720517666284352032e+01,4.874297294474169462e+01
6.043845008705169874e+01,5.742701500064334397e+01,7.388006267287171625e+01
5.080947462767200307e+01,5.155580239498474526e+01,4.602227549891497915e+01
6.100350246677461996e+01,8.183706078890378421e+01,5.912595474578834853e+01
4.644195703782417439e+01,4.028120463512406957e+01,4.167775131413858958e+01
5.803031961733292832e+01,6.443310392669880571e+01,4.958635716047416508e+01
7.368565394644028288e+01,6.212878182703233421e+01,5.640392573336566784e+01
8.956001720978987635e+01,7.905290384769918433e+01,7.031595718286311580e+01
6.375823369951831410e+01,6.328391618679892616e+01,6.205546284188952200e+01
9.158854706719884575e+01,9.447403845801949274e+01,7.658375976719501921e+01
6.140252653856716591e+01,7.503311896112194290e+01,5.403195514975061542e+01
8.555438934119108296e+01,7.422362542835617205e+01,6.011368466860247395e+01
4.907625958957775225e+01,4.612556420713687544e+01,4.905852754037876196e+01
7.062134547956063102e+01,6.443661144429526644e+01,6.984862366966139291e+01
6.160722615599586049e+01,6.164799592183150168e+01,6.734688755221769441e+01
6.177410770265758089e+01,5.600717119024984925e+01,7.106326753626360926e+01
6.741188744267230959e+01,6.533140008041554836e+01,6.618296473168111049e+01
4.091667549619102573e+01,4.263954830925811734e+01,4.622087624222828595e+01
8.054489919229594364e+01,7.463897552694179183e+01,9.586286649500530643e+01
4.752451773112971267e+01,2.439171849076930698e+01,2.958256394510145526e+01
4.808304746832170906e+01,4.942524750187459404e+01,7.818015376397984539e+01
2.237720493992296156e+01,4.289699980754158304e+01,3.118994543351013959e+01
8.952187833681618656e+01,8.669716367639823318e+01,9.881682164982434813e+01
1.000000000000000000e+02,9.118827638102206379e+01,8.911177694214832457e+01
8.099450596626004995e+01,8.020137772724824288e+01,7.032676437306554362e+01
5.999590606611027965e+01,6.551259071136298928e+01,5.158869438031807420e+01
8.998200212050073787e+01,8.131313867281238572e+01,8.964487606202357028e+01
8.087756365832859728e+01,5.753450347501242135e+01,5.718433733491369253e+01
6.456676108621971366e+01,6.197074972368530865e+01,7.155912617063211201e+01
6.355551077306962071e+01,8.537663315494390304e+01,6.621475567271394880e+01
6.056644452784001942e+01,6.498560698362739174e+01,5.085045755823279023e+01
8.869993694319985877e+01,9.617752392059651356e+01,9.003208198104786675e+01
8.027887184852576752e+01,7.348036465862425359e+01,7.542268759878844264e+01
7.258031549734121768e+01,6.521379468677810110e+01,5.936043242450401181e+01
6.722911808251052435e+01,5.354928841414050567e+01,5.864102407229562886e+01
6.242074609982547173e+01,6.936277761303205125e+01,6.804178508414005933e+01
7.190918401011683159e+01,7.188718717037369288e+01,6.655550456042826113e+01
8.144870398485133478e+01,8.688889230469719394e+01,8.304399283297757961e+01
4.418175855612901870e+01,3.794937067446002033e+01,3.728014319282569744e+01
5.191226117036514154e+01,7.024798924129680699e+01,6.729837475266054980e+01
8.811498206497931562e+01,6.802603784722438718e+01,8.391950637492530518e+01
6.384814440142272218e+01,5.771853547846080090e+01,5.949839381131339167e+01
7.726496858884269159e+01,8.438227797777351213e+01,9.162127535102715115e+01
6.533726846061226468e+01,4.773805691431677189e+01,6.339850625809458506e+01
4.503037034888242829e+01,5.367955163209656888e+01,5.814115363119403668e+01
7.372124507909616398e+01,6.592286971970548848e+01,5.102162933593531591e+01
8.773257383880140026e+01,9.374149866449182866e+01,9.383381064596353838e+01
4.890927765393038840e+01,3.317845508292143819e+01,4.207633412457230548e+01
5.043785359857216122e+01,3.219329330211993323e+01,3.412840966708854040e+01
6.948771861289620233e+01,7.081367337070210510e+01,6.280469855074333907e+01
3.108488277559427715e+01,3.213135602458551432e+01,3.549519938015756537e+01
3.133040938113551732e+01,4.275683923800286124e+01,4.303424027492130222e+01
3.535478877803532072e+01,4.555736489302726966e+01,4.204725480083378386e+01
6.936577596205582097e+01,6.344422950936879602e+01,6.166015468981787961e+01
8.404822795100983512e+01,8.641531985047122078e+01,8.923393056757839759e+01
3.119470988612511775e+01,3.809250919215757847e+01,3.908177640798461994e+01
6.542564345959118555e+01,6.813824263663281045e+01,5.821176868584058184e+01
6.737256623979176595e+01,6.804838469919597799e+01,6.610478149316314500e+01
7.709470674301446991e+01,6.935406586077249358e+01,6.369973565314875685e+01
4.677267188674723286e+01,3.543245070782564454e+01,4.651010951972968144e+01
5.758516508236963460e+01,5.963011351121983949e+01,5.901133703766672056e+01
7.196848467291783891e+01,8.641206325347317829e+01,7.474453656038966187e+01
7.693363031961473553e+01,9.022176638040423313e+01,6.973550890066417196e+01
6.265110090561959311e+01,5.873362199588082433e+01,5.443298317800967823e+01
3.926521539819938056e+01,4.367795759559057700e+01,4.041612887409861088e+01
7.314268927059121950e+01,8.784608694975084120e+01,7.658280305561228829e+01
8.476700333920113906e+01,7.519993042149762630e+01,8.468663850730385434e+01
8.294742506496010037e+01,8.029604096096095134e+01,7.463550175592433789e+01
4.024197251884763205e+01,3.804650464718665148e+01,3.324915939836529333e+01
4.020769690746804059e+01,2.397749009179336355e+01,3.392105659724067834e+01
5.810770389891557386e+01,4.017523239707583116e+01,5.819325699237560912e+01
8.957866979751086944e+01,6.864906150265046847e+01,9.434477601282679871e+01
9.656752030623786709e+01,9.467949777228622565e+01,8.473973856995293374e+01
2.924610882386614819e+01,4.324909803764352034e+01,4.471880197052217909e+01
6.001375353924251499e+01,7.231769371054610929e+01,5.890913093394098610e+01
7.246190486779700279e+01,7.768951606228131368e+01,7.882367566363288347e+01
6.369338974547664378e+01,4.786997849415050155e+01,6.357333618520674889e+01
7.883322582949081436e+01,6.636480541773867969e+01,5.337190017180403601e+01
3.835814262450106327e+01,3.966930175228872457e+01,3.729730134919790174e+01
2.750722363898776734e+01,4.435191691458095420e+01,3.682827294362792969e+01
8.504632251884873995e+01,5.441715508886085928e+01,6.169415746884604346e+01
5.881859835541455084e+01,4.963580782036723349e+01,6.915815638437173618e+01
6.151881534997654910e+01,6.651571126509219312e+01,6.402211118953925961e+01
7.696772767857385134e+01,6.831111191691438478e+01,6.518318768379572248e+01
7.800535529411047264e+01,6.330693485301855361e+01,5.857400199164146670e+01
3.804883111858129752e+01,2.322039233911886669e+01,3.284634118416418147e+01
9.378245093078341199e+01,7.857863337049643349e+01,1.000000000000000000e+02
4.011188177492233820e+01,4.269266501284347726e+01,4.339972717948919012e+01
3.069287116723818798e+01,5.144997263432011891e+01,3.074303156678121951e+01
2.862590344762307382e+01,2.852622234033917437e+01,3.395567425007577356e+01
2.844416527077687462e+01,4.196418864796027748e+01,3.952075249858270212e+01
6.964179308239062038e+01,6.150990602282075059e+01,6.497187900114538195e+01
9.084836298527281429e+01,9.346947741157643463e+01,8.435827120050272754e+01
5.932405704721776374e+01,7.562176314544744571e+01,6.492699205221896364e+01
9.365009607696767091e+01,9.404536050306835193e+01,8.481865784531785835e+01
6.772529425407778092e+01,6.333257699767220572e+01,5.036318642398289569e+01
7.239385188760471124e+01,5.712622498504924806e+01,6.481846776049015091e+01
4.940405261207023813e+01,4.153936894214545106e+01,4.905641830731342168e+01
3.244088305918192106e+01,3.387529669369341434e+01,4.741800405876708879e+01
9.508881370121144982e+01,7.595765321141624327e+01,8.217341777929236457e+01
3.970037532013360249e+01,3.424731616889230423e+01,4.488104403037687717e+01
4.779034396710154198e+01,7.122314103150537790e+01,6.890683276085181319e+01
7.188760790453358140e+01,6.925474023413147506e+01,9.091033908207884906e+01
4.608106468300682934e+01,4.183369099292054472e+01,4.424051764481173166e+01
9.715604391086287706e+01,9.268128043323942222e+01,9.484319099049581325e+01
7.119652146797982084e+01,5.580686569972459665e+01,5.598421462096960255e+01
9.341337038923217051e+01,8.491380639840109268e+01,8.944004595985870765e+01
4.477656337125512920e+01,5.245507088692355779e+01,6.242150524598390859e+01
6.976210809153384673e+01,5.647482612434809823e+01,5.758197084316991976e+01
5.996519924100584120e+01,5.638119234165240812e+01,7.208190413673935382e+01
7.840457281533588230e+01,6.836336471535381065e+01,8.076746504297466345e+01
8.864801588151730982e+01,8.726511882444799539e+01,8.019004249966725695e+01
7.644906412023398445e+01,5.196205962968731029e+01,7.317859996173184811e+01
6.052926426457498366e+01,5.617418588088376907e+01,7.258071653931632738e+01
5.573494914330133554e+01,5.955280241861095192e+01,1.834929976463933698e+01
7.098276155923487352e+01,6.324986969768490042e+01,5.991364364308457624e+01
8.516828914784103688e+01,1.000000000000000000e+02,8.528134785488636282e+01
4.497994098591927070e+01,2.687051815820466771e+01,2.536055870136494406e+01
7.415349026778510222e+01,6.997281902015025423e+01,7.367482699734280516e+01
4.497241912691553978e+01,6.373783388988552900e+01,6.600415696438095381e+01
6.472759440429783240e+01,6.631165594753910852e+01,7.245653447180889373e+01
2.941967093366656627e+01,3.611044695440762808e+01,4.336181367579668233e+01
9.682299096463484034e+01,8.935579338218855128e+01,9.271601088558800541e+01
4.557096057377670206e+01,3.498323253032476998e+01,5.296084911566914855e+01
8.432356929448312144e+01,5.761294500670524599e+01,5.489129150399259061e+01
3.751923753128455274e+01,3.164622387539073145e+01,4.060875583138012956e+01
5.217834939295754992e+01,6.353454272314316142e+01,5.566952507388732130e+01
9.552428756474867555e+01,8.381497366334328092e+01,8.057628668857465470e+01
3.810192224722078436e+01,3.030105365552219610e+01,3.235750792944153176e+01
4.303471333027391665e+01,2.910200416106032151e+01,5.004461892735506012e+01
9.073098868922230054e+01,8.511876568397173060e+01,8.084497412119482362e+01
4.709461063039363182e+01,3.457320096927085018e+01,4.410075994744983063e+01
3.127642197959617931e+01,4.505019784097260782e+01,4.726714637813843467e+01
3.959042310546722376e+01,3.936216348914553009e+01,5.438048933315712219e+01
7.254863485390929156e+01,6.452591942144319148e+01,6.598002586483053733e+01
7.879767484583858561e+01,7.652485895288180018e+01,6.492679964626211131e+01
3.331154308123370100e+01,4.529665227665402227e+01,4.520199204462691256e+01
6.609349035124525074e+01,6.656796090613551087e+01,6.108193991473831375e+01
6.214541381224090344e+01,6.236413418357810201e+01,7.443429582988889592e+01
8.870442172673109837e+01,8.851777489174038749e+01,9.743092442269870901e+01
6.851009986817057040e+01,6.498876313854148634e+01,5.398270066713027404e+01
7.839960913486788741e+01,9.207232407703543231e+01,9.009522525965974182e+01
6.291437312084520528e+01,7.089437372829097228e+01,6.449335825284137513e+01
5.713318080696369350e+01,3.674867986892307670e+01,3.590205816742770395e+01
2.905289407413710734e+01,5.095700695227684207e+01,3.866060698543247298e+01
3.244461697277526468e+01,3.811879482708451405e+01,5.966594884589247982e+01
8.786102341132396987e+01,8.393360222667352843e+01,8.086817432359335101e+01
7.683889173975428832e+01,7.604605871213564683e+01,9.511943947584323666e+01
6.041306618632098235e+01,3.137125789330613301e+01,3.948239934760380976e+01
1.000000000000000000e+02,9.563841313800992339e+01,9.447860005198414513e+01
4.606463989552072746e+01,3.479663637861443704e+01,3.637904848276844660e+01
9.043434304535935553e+01,9.690536604623331129e+01,9.490056052893748983e+01
6.331110628197991730e+01,6.271518374502996807e+01,6.287734306746790480e+01
3.890218638530995321e+01,4.588915409808844004e+01,2.756231941536117347e+01
4.407398387530468398e+01,3.797793847572459924e+01,4.860564499861115451e+01
3.450449902667322988e+01,4.063738191414051926e+01,3.493396638181124558e+01
6.031597917520490171e+01,7.272496342041766582e+01,5.217573381407630961e+01
6.482419494735808030e+01,5.204145364622545600e+01,5.755052839281557908e+01
7.132912510795388528e+01,6.049458270143357908e+01,7.167547323558156336e+01
6.273482104273942639e+01,5.282507860389076626e+01,6.524151311608227388e+01
5.532347753258288492e+01,3.274450411923279347e+01,4.003446113874527867e+01
3.991843107499963139e+01,5.272175044497423357e+01,4.127438227063712617e+01
6.132322593390413346e+01,8.155305224212573023e+01,9.752207764274311330e+01
5.397121874564299304e+01,7.564747006665183449e+01,5.713851220510514395e+01
6.328006583848528521e+01,7.241316739316003748e+01,6.877509720409445038e+01
5.511992810484849770e+01,6.683980892018779230e+01,7.224620726977533991e+01
4.381662072744168768e+01,4.783943287757750085e+01,2.970306274745779973e+01
2.369817193812225753e+01,4.026156180202616497e+01,3.105355346234765079e+01
3.647593711321605525e+01,5.058003465218497752e+01,4.529558071544413167e+01
7.592787420103748275e+01,7.491750595606733043e+01,5.395580553947996805e+01
4.256679717059685686e+01,4.190880632742754841e+01,5.262214563945509127e+01
6.142005840194308064e+01,6.539182890002658155e+01,5.842631899068832269e+01
7.169981450324650041e+01,5.753261969759466865e+01,5.382090722349221323e+01
7.317789970646246900e+01,7.996989030024388967e+01,7.959787727792620160e+01
6.594431066925659479e+01,5.869865438061015084e+01,6.116327211961194621e+01
5.868796763157813956e+01,3.329694724370670400e+01,4.069608683300599949e+01
4.386809356968075946e+01,3.691297509795803222e+01,3.462568880018019968e+01
6.398504979078379051e+01,6.882505378914734706e+01,6.742201362637555917e+01
6.250119398590978648e+01,2.632619116871875775e+01,3.409298735298313687e+01
7.060905359684083749e+01,6.827370727376128912e+01,7.416759601114802081e+01
3.166032791124970203e+01,2.348508792126333944e+01,3.282075885704245621e+01
4.012903532220803271e+01,3.631178975535329556e+01,3.653413874701583097e+01
8.655140365222419518e+01,9.265817732223810310e+01,9.712129379036740318e+01
4.556803829318560162e+01,3.884822312623095542e+01,3.361332177008938515e+01
3.947482764112339026e+01,4.828791578708737831e+01,4.491414374420197220e+01
3.869330718238509093e+01,3.017461564359573600e+01,2.692133040297946778e+01
3.112957620049568419e+01,4.183568291566744080e+01,3.582070054855181240e+01
6.450826071049370114e+01,4.950091908077637015e+01,6.559037451077941228e+01
8.018799416285187931e+01,1.000000000000000000e+02,7.042901685967633796e+01
8.821496854043941482e+01,9.420909130866247949e+01,8.318115523958827850e+01
7.375523427399392062e+01,6.044990286878947927e+01,6.654716387489317242e+01
4.018684252891644348e+01,3.520200440704908118e+01,5.296056247308840881e+01
4.339747562564603811e+01,3.347770856964372399e+01,4.241632924080258960e+01
6.722164045193936488e+01,7.354395786614499286e+01,7.883341220191513798e+01
2.211971601681067057e+01,4.285891977724539004e+01,5.555678233808183109e+01
7.675783471354961307e+01,5.547725601355331548e+01,7.701612996360179864e+01
4.611969185069575872e+01,6.556377293190783462e+01,5.932104538037258834e+01
4.014245297189315664e+01,4.830855037929914886e+01,5.047248758623521780e+01
8.742190380817584128e+01,8.626228890709677444e+01,8.706341272625027727e+01
7.976734285406168112e+01,9.960151076736208609e+01,9.003824006247603506e+01
7.823280082866889984e+01,4.764761663670260106e+01,7.751851689497328834e+01
8.030790024828419860e+01,8.760598093433252131e+01,8.545494553998506149e+01
9.132630810102877206e+01,9.430377015331075086e+01,9.148416158305249724e+01
9.154586211049875999e+01,8.434634169731234010e+01,8.087078998682322606e+01
6.687726452507941133e+01,6.400887322205149133e+01,5.938270637526220241e+01
4.404396835366620166e+01,4.621773229164900698e+01,5.029736194006470384e+01
6.880258298303030529e+01,7.052829922222660741e+01,6.528401732378642919e+01
5.936572850580424188e+01,6.864702414364876404e+01,6.288458238748698648e+01
3.772720795711373398e+01,5.540010241388681322e+01,5.585808240116471524e+01
4.847051573706235672e+01,3.926372966084280591e+01,3.112926894970185288e+01
4.393604939030679901e+01,4.847843539945093738e+01,3.538899801959647817e+01
8.664432314276976399e+01,9.004666901415434666e+01,8.974235583148190187e+01
3.804536915856376567e+01,3.868988716702238406e+01,3.657948508326300185e+01
3.395854273438873605e+01,2.634423996172438365e+01,4.258364234320035280e+01
8.165742445737950561e+01,9.673219862404792480e+01,9.242518246733619947e+01
5.257154190576140707e+01,6.546321527861550749e+01,6.285238908616702957e+01
7.010772494285635048e+01,6.753172725632489914e+01,6.889714620660738831e+01
3.647073802443644297e+01,4.201811411202746172e+01,4.163376740497308504e+01
6.332033251118133421e+01,5.677147881241080540e+01,7.118527141802825042e+01
4.159708014329211778e+01,2.751037662248895543e+01,4.434286579582077081e+01
7.827372549733217966e+01,7.330678403399463150e+01,7.461215741787825095e+01
6.734275007950454039e+01,5.874186462381064189e+01,6.773219516928678274e+01
6.030786568521490665e+01,6.104630952336140837e+01,6.513537802626460405e+01
4.186305422812980481e+01,4.157787101925636364e+01,4.802327895158462212e+01
4.610667289907591737e+01,2.759798863771770527e+01,3.738645929130439782e+01
3.807650242343725466e+01,4.081625037792459665e+01,4.063190973072007495e+01
5.822912106053136228e+01,8.480408898636420645e+01,5.966562594302914135e+01
8.217235833858859451e+01,6.249361211214558409e+01,5.442494773936196850e+01
8.623057284732000483e+01,7.760636532357506212e+01,9.063046119441085580e+01
3.958925713324024542e+01,4.224965164738323864e+01,4.778233889148592084e+01
6.883456295636230493e+01,6.375920198480902457e+01,6.492833682882331914e+01
7.361652594388687021e+01,7.898490962721609776e+01,7.486263786074115956e+01
4.902382488036555230e+01,7.830075808722691022e+01,6.205736922078625639e+01
6.221781486062326394e+01,6.772348011890521491e+01,6.354545433634664420e+01
3.607630271445031411e+01,4.316114255225380703e+01,1.800451691169155666e+01
5.284386706235171971e+01,4.839162293089153621e+01,3.391308203961458645e+01
4.004424910903416190e+01,3.340560633425917558e+01,4.300858825356640125e+01
7.025887982217950878e+01,7.447224439743271773e+01,6.176739788798447961e+01
4.376519668883257452e+01,2.831419755222439605e+01,3.287513362393931970e+01
9.099904261668984873e+01,9.947528518748264048e+01,8.481900444834894870e+01
5.346868967630418013e+01,3.575218796355428452e+01,4.835898249963541673e+01
6.331544829381645911e+01,6.020807963133186291e+01,5.938544133432903749e+01
1.000000000000000000e+02,8.090671679076676526e+01,7.520263542995594719e+01
5.044801393365460029e+01,4.175506001091085295e+01,3.671258215333010355e+01
4.094268860414104694e+01,4.466774501305451395e+01,5.815690055428157734e+01
6.057908833823009331e+01,4.796464874689263524e+01,5.567225823296084286e+01
2.697566228839031055e+01,3.721464167330660189e+01,4.611291524401431730e+01
5.593487763884924391e+01,7.008435656993785301e+01,6.466926722915918901e+01
9.078376246855522425e+01,8.692675608794651509e+01,8.750531302724606064e+01
5.213434125711398792e+01,3.362471208562647718e+01,4.241576594015416646e+01
7.867902825509320053e+01,7.006182482355646357e+01,4.724622542924670654e+01
7.975064950524910046e+01,8.106371470301419890e+01,7.859224146724631055e+01
3.864245466747000535e+01,2.938353566110793480e+01,4.530974994948336132e+01
3.896375691250086248e+01,3.877049545185997914e+01,3.669925480071360369e+01
5.392543091400228406e+01,5.815410058367133672e+01,6.631880672222604289e+01
8.127740717710653939e+01,6.542994049286100733e+01,6.899445341552615218e+01
5.326897235670823960e+01,5.721871041844239869e+01,7.486794838596793511e+01
9.389550711175444064e+01,8.748581544404358112e+01,8.545164453233819302e+01
6.676170443316343039e+01,4.301352522145748480e+01,7.827621738775485483e+01
7.895782925146511388e+01,7.571596331135106084e+01,8.455252406552153843e+01
5.524048171251575923e+01,4.028461181587699969e+01,5.402952821360864988e+01
3.696211241720293827e+01,3.299912286244243376e+01,3.205052064125867872e+01
7.652316042879937186e+01,6.667793946685996787e+01,5.409236432949666806e+01
4.258141149229575007e+01,2.935414050511387529e+01,3.943572626523867086e+01
7.240738262854141283e+01,8.187867271279463921e+01,8.299391599314012069e+01
4.621702767420422475e+01,4.480883155216011460e+01,3.561472700125037250e+01
4.171887911115833703e+01,4.105565841063391019e+01,4.421493268559922285e+01
8.167804765366412312e+01,6.891523640129155126e+01,6.636913212839301934e+01
3.130943553694817183e+01,5.194641249700604391e+01,5.456506077764576901e+01
6.314337539713298497e+01,9.000938354233990424e+01,6.513201405931536669e+01
7.140857193653856427e+01,5.823872282176143500e+01,6.307880887057733332e+01
3.079931604678109380e+01,4.569581618392841449e+01,3.054816745656943766e+01
4.016246405248324436e+01,3.204052444946936617e+01,4.181498414410189923e+01
3.827804434739076100e+01,5.425835034163769421e+01,3.828962510520035067e+01
3.538402902897973235e+01,4.251055216085697452e+01,3.606602064215892511e+01
5.053151958283356748e+01,3.849667978645595667e+01,3.181350975387286439e+01
2.769733238578285039e+01,4.515811975658390764e+01,3.791670629142070936e+01
2.115864091857359952e+01,5.378471915818007432e+01,3.823620333930945492e+01
6.866135182360282840e+01,6.798014397496186234e+01,6.280328325546588530e+01
5.408486901032551941e+01,6.271328232354694876e+01,6.625011545230569254e+01
9.263961094807352481e+01,8.327138577590027069e+01,9.242472067825444526e+01
2.751233317604445716e+01,3.762141309841891967e+01,4.079581978412591070e+01
2.552306424866216616e+01,4.375488527696619201e+01,5.818393460783511273e+01
8.276309524009408847e+01,7.955858692943765220e+01,8.356100646965693102e+01
5.866873467229963524e+01,5.705093830411988165e+01,6.306291385456498233e+01
9.788433755583388063e+01,8.052771555582488361e+01,7.673871912439381049e+01
8.869581593490896410e+01,8.847426600110948414e+01,7.435623845443586788e+01
4.611286578947019166e+01,4.196283958857932816e+01,4.488848960059154081e+01
5.323591620850302775e+01,6.286336887921338956e+01,6.616799006851323384e+01
8.954484229671965068e+01,9.731849401929660814e+01,9.003253436153217137e+01
4.929869254248924193e+01,4.867350677612877519e+01,3.051622693081852944e+01
6.785454574771169689e+01,5.839987224016169165e+01,5.285645050131611811e+01
7.090519133066428026e+01,6.167311317004686089e+01,6.202997387238296056e+01
3.863013804726139000e+01,2.672322529338876507e+01,3.155652975235436486e+01
5.932232966043844158e+01,6.128549809968450290e+01,7.043754482118032456e+01
6.959554437490680812e+01,5.971339272728550895e+01,5.456846730368840781e+01
3.690482759478997821e+01,4.612947173480227292e+01,3.808401091530603111e+01
3.725171424939441067e+01,4.027342172579659518e+01,4.240491845411629157e+01
7.951803435159050082e+01,6.972373763947433645e+01,7.469272703035341010e+01
4.831402887707248794e+01,3.050141512750180439e+01,3.811055758213880296e+01
9.360725609023229765e+01,6.229169270034712724e+01,8.748401776172370603e+01
3.646737491721603419e+01,5.240857123724555322e+01,3.740618200059846288e+01
9.103964824485048268e+01,9.642575571055382966e+01,8.574015979057986669e+01
5.960444016490321673e+01,7.773052386385630541e+01,7.150795949815676522e+01
6.449404149279169474e+01,5.839378056018580310e+01,4.999115900451155881e+01
8.575870157992022769e+01,8.508163881684527041e+01,9.406639769930512784e+01
4.468484513447825179e+01,2.592151789170805998e+01,2.717599934777249260e+01
3.947562766573630455e+01,4.461508248478919825e+01,3.853671367849833729e+01
8.924484807828640953e+01,9.007991812928300135e+01,8.516602191888411255e+01
8.001008882818362622e+01,8.434112997407635248e+01,9.822770582338654322e+01
8.915458350382679953e+01,1.000000000000000000e+02,8.166551701536781138e+01
8.586724845695651709e+01,6.972534817930005602e+01,8.217269337954817843e+01
1.000000000000000000e+02,8.258457711674118684e+01,7.797385629807997987e+01
7.682011633554608920e+01,6.494174763889154178e+01,7.387646453397394453e+01
3.290028940206272523e+01,3.072128571386427609e+01,3.646471986336247539e+01
7.452462142940487411e+01,7.671996249240771704e+01,7.466042989046893297e+01
4.676900196724484715e+01,5.471601602258050434e+01,4.310841345023372639e+01
4.952244562808094486e+01,1.561893947717796749e+01,3.507160779555099595e+01
8.865853984892932260e+01,8.065031325027973708e+01,8.685463764674609877e+01
7.977216915915825268e+01,6.962184437906145718e+01,6.347564660852733454e+01
6.586263317952683849e+01,6.218893552707657335e+01,5.044886883687317436e+01
7.197948142418033513e+01,6.378169660830057808e+01,6.116790310522753060e+01
8.710007518904374990e+01,9.486694766604257723e+01,9.370703059672372603e+01
3.796399157274707648e+01,2.116359508566485204e+01,3.834057410642551389e+01
7.414821936045608197e+01,5.988944623226379349e+01,5.835145868281400539e+01
7.573317350316246177e+01,8.014620925104250659e+01,7.663798092032737941e+01
8.798002910894291517e+01,8.324897240738810922e+01,8.959044163916496473e+01
6.037988100793242552e+01,7.638070768318250714e+01,5.274812562737604082e+01
9.852967422537732034e+01,7.605682597280521406e+01,8.536088968210827943e+01
6.413615454657350767e+01,5.551028048744052512e+01,5.624151689379235108e+01
7.427666331570786440e+01,8.751359914032194354e+01,8.843316034751599375e+01
7.209549825119930233e+01,6.528768736263805295e+01,6.198846539689377266e+01
7.141590581016771466e+01,8.967584656375922236e+01,7.886234509257334935e+01
6.548672840402743134e+01,6.721594780064276620e+01,6.999192768290544109e+01
4.801467175639525919e+01,5.141587813781175242e+01,4.068297105282070447e+01
3.850898348834574136e+01,3.890042405685500881e+01,4.334759495187937972e+01
7.627485620592524640e+01,8.097298464640257976e+01,9.859194561280568792e+01
3.366633568962056700e+01,2.537097271730075931e+01,2.622909962921850990e+01
1.000000000000000000e+02,9.343989718383531340e+01,6.895783102665239994e+01
9.599793086529187747e+01,9.985827924350792273e+01,9.103152779145115403e+01
2.570668378483585670e+01,3.560738558920946417e+01,2.906487432519721281e+01
6.442845804804532861e+01,6.060980567552370246e+01,6.779181245335247752e+01
5.613032797230043514e+01,6.817619808835334538e+01,6.690091088749160519e+01
7.092269817835915546e+01,6.873271053601726521e+01,6.540159476341273148e+01
6.644987323503875132e+01,6.902537502007299963e+01,6.474241494877914249e+01
2.996936366037670751e+01,3.504691165646930529e+01,3.277014755242944233e+01
7.212965594036946015e+01,6.453574394867843012e+01,6.020072705230077048e+01
4.161854544446683946e+01,3.350962932170600794e+01,3.860056094396927762e+01
6.913322466251189269e+01,6.771132286462049876e+01,6.568510166124940497e+01
3.577752682912084481e+01,4.269365753405044472e+01,3.778117390455184221e+01
7.679206184097874655e+01,6.438677664122556621e+01,6.627245998443274289e+01
8.881888545818635805e+01,9.045926769230531761e+01,8.915179036662085821e+01
7.685337508346383117e+01,8.975875507632525796e+01,9.216511236005133867e+01
7.325896703641706154e+01,5.762503956509264924e+01,5.719621622985993525e+01
6.959428356286446160e+01,6.159369890981929530e+01,6.681986789473101851e+01
4.243701135583393125e+01,3.106153709911946237e+01,4.131385711449971865e+01
8.010238595964335673e+01,6.203436317690061941e+01,6.927021019086805609e+01
4.165871175690254802e+01,3.597426348577180022e+01,4.621637277189505255e+01
8.999322479630191651e+01,8.114777369756829728e+01,8.163314948365038504e+01
5.920736350500143175e+01,6.876214373785266787e+01,6.054009023165163228e+01
7.199150603348803656e+01,7.733037319531223375e+01,5.268628415312762314e+01
5.331386601198110498e+01,4.252034428892936546e+01,4.450286336145912713e+01
7.986332941126890717e+01,6.043413196092221540e+01,6.673785428105010453e+01
6.139175349163362938e+01,6.314631826837185002e+01,6.995530351163762361e+01
7.354955322387758088e+01,7.129284283019850932e+01,6.064937624578806208e+01
3.840294540257893630e+01,3.081677699847993068e+01,4.071148432711428455e+01
7.390572467066998286e+01,5.289488518760197167e+01,6.777183546908183587e+01
7.382949336761194559e+01,5.856777983097526885e+01,7.371731849789549074e+01
8.172376910831273733e+01,9.195210341825078615e+01,8.506858729472283187e+01
7.387388640032622789e+01,6.336782356718067888e+01,6.727283847117367088e+01
6.497024267929684527e+01,5.578244442499271827e+01,7.423044904198853544e+01
4.759116384866804594e+01,3.513321119974035156e+01,4.943489850154463028e+01
6.364020571977090412e+01,5.524783516540527728e+01,7.208526970510851584e+01
4.600559985342461999e+01,4.064740186601729732e+01,5.206335533787893155e+01
4.395945043618638692e+01,3.500703155949648249e+01,2.306205350303578427e+01
6.736957601626409087e+01,6.358291296097889500e+01,5.736092310954010287e+01
8.732160243186949344e+01,9.102420804667063692e+01,9.595023493905168266e+01
8.516120051353134102e+01,7.647007315147401130e+01,8.885442849922841901e+01
6.159442566743780390e+01,7.673277210546368110e+01,7.301818979038881707e+01
4.235395075726853520e+01,4.416940601451084092e+01,4.923510319715539651e+01
4.598353783057505950e+01,3.786728509092314710e+01,3.867272115919136155e+01
3.809053021549217277e+01,3.293935253319938994e+01,4.268676538308659474e+01
6.021662342179047300e+01,7.701961534610316562e+01,7.251561044783449006e+01
3.594214337452353192e+01,4.367566812773550566e+01,4.302801060228291874e+01
2.255831948408420828e+01,4.028847941438236546e+01,3.996293622220523645e+01
8.187222719357204426e+01,8.124290108547737077e+01,8.013308659413679891e+01
7.668183310773109440e+01,9.279569291158732369e+01,7.518673323136670206e+01
6.654655880493899645e+01,9.134528214987435035e+01,8.457577753154818367e+01
6.716526587081781940e+01,5.987113039831663031e+01,7.155419852263496239e+01
6.753563195124665697e+01,5.808485424275129816e+01,6.707651142576034431e+01
8.201929265154302584e+01,9.344157271709963197e+01,8.080107804328501686e+01
8.527831878764344253e+01,8.715739056350471969e+01,8.520828050105916418e+01
7.090062826266566276e+01,5.995922634060234913e+01,6.096912963612549419e+01
3.201718413404779540e+01,3.932119574670392126e+01,2.719835320765218256e+01
7.204139886578521157e+01,8.254170531157690505e+01,6.884343416026135287e+01
8.876774543026185427e+01,7.876143103226765163e+01,8.995319681526933664e+01
3.771001013155446202e+01,4.363172463446957039e+01,3.753061555562869955e+01
6.859461761240909539e+01,1.000000000000000000e+02,8.314856501323455973e+01
8.270091069642064951e+01,9.453460254412877362e+01,9.034224650131389467e+01
6.265318250368407149e+01,5.242653592977076471e+01,6.587712155325866092e+01
7.684500832615650268e+01,9.852660522305760082e+01,9.179322152927680634e+01
4.857522364946126459e+01,4.486716953167298527e+01,4.167743447273191748e+01
7.135046791873089944e+01,6.764815779842800225e+01,7.568306158160100949e+01
7.040254926394486290e+01,4.833154276315167408e+01,7.771438955630267742e+01
9.539224690439607457e+01,8.837136097632397025e+01,8.121405503081176391e+01
5.933890055120562579e+01,6.133159392459274528e+01,6.312305569183281762e+01
6.445409512908800309e+01,6.985235068810314374e+01,4.590278310299781594e+01
4.054389300840870902e+01,3.670280497234426065e+01,2.553842512180053603e+01
4.829533464282003763e+01,5.451896276221150117e+01,5.689870200496479669e+01
3.747100102425210366e+01,3.118702536340590470e+01,4.532666478245372588e+01
3.082534334266047438e+01,3.247823032859426462e+01,3.492149468822834990e+01
8.093758037711155851e+01,8.651658955330296408e+01,8.645286461440431935e+01
9.100126197009339535e+01,9.052594415896939495e+01,6.659147227442619510e+01
2.902799086844680687e+01,4.537413773269972239e+01,3.420399846444060188e+01
6.722912418166548321e+01,7.638455460232570715e+01,7.406552783073512103e+01
5.564303625460110680e+01,6.901204442563522434e+01,5.706229664994016559e+01
7.530952693915132556e+01,5.864700847403271666e+01,5.957988208183655843e+01
3.214035793065927038e+01,3.173091467584870884e+01,4.393544161085047506e+01
5.300462490826514994e+01,5.214473110990042670e+01,7.290460171615515605e+01
8.390094046229498304e+01,4.772364721884841288e+01,5.526365039976045779e+01
9.534307294978017921e+01,7.178481309017602996e+01,7.556627602223061047e+01
5.815270043046469084e+01,6.316287804961728369e+01,7.485542659366296903e+01
6.323404102690150808e+01,6.270297896067624777e+01,6.144515252927042326e+01
3.276728667080735846e+01,3.469320446668432112e+01,4.501261111832803152e+01
8.768831624784020562e+01,9.222720759781483935e+01,7.772045088155917369e+01
4.580878689157067640e+01,3.255141209646317435e+01,3.200684086935190464e+01
8.913006187129390412e+01,1.000000000000000000e+02,8.795614416215440201e+01
9.573599413551511361e+01,7.565822144487614764e+01,7.059051213268337222e+01
8.859209156940967489e+01,8.628215139905640285e+01,8.846551122494091146e+01
4.163478149767163217e+01,4.180886408035497226e+01,3.937011366208497520e+01
5.042374519783264475e+01,6.615797637733929548e+01,6.259900810563005535e+01
9.462075384609740070e+01,8.579968095858421862e+01,9.670580243473987991e+01
7.083069537693437212e+01,6.439427947377367900e+01,8.040698160454755339e+01
7.222630788357824372e+01,7.180172041693184326e+01,6.473247909704365100e+01
7.060929374527543700e+01,7.469105257861259872e+01,4.470763712811834978e+01
4.356742678670762814e+01,3.917931243033136468e+01,5.313729353544324852e+01
7.982214719686299986e+01,7.673741041768644777e+01,8.134831605126063891e+01
9.221559059761506205e+01,8.921113060355590108e+01,8.239773011975817951e+01
4.783668272924778364e+01,5.033349172526938275e+01,5.422656725375858144e+01
8.106303348201312531e+01,8.487799419230549347e+01,8.631907841306970397e+01
7.805058735648925961e+01,6.270916640092520566e+01,7.164384727699987820e+01
6.984813135069249768e+01,7.439694797941785964e+01,8.404359537946500325e+01
4.010011007537224259e+01,4.710686019867720375e+01,4.632060439577784905e+01
8.074180347492955434e+01,7.636115562206565244e+01,8.517248620861329300e+01
7.899639063027217389e+01,7.603248274588264621e+01,7.672974059217733611e+01
7.880026353627654601e+01,5.903304557062085678e+01,6.671580057837623201e+01
5.725172061558394887e+01,6.907182907641845304e+01,5.979757681346175957e+01
6.076384770745755759e+01,6.407732894347526553e+01,7.259708232682434925e+01
5.962468507023856290e+01,5.226068901723561311e+01,6.387775367431274276e+01
8.818693926659845772e+01,9.237694207584843298e+01,9.234566601283491138e+01
5.874022779315926357e+01,5.326722427610396693e+01,6.567424681018798083e+01
6.501378240385483309e+01,7.914345554385266723e+01,6.743767197726006657e+01
3.988996496312615392e+01,3.133807748883232591e+01,3.683644964548811629e+01
6.492561119286548887e+01,6.305991530769247788e+01,6.718907892092822465e+01
5.432718856986332412e+01,3.490803160121397042e+01,4.256836807331868755e+01
4.607572624484591728e+01,6.828178018886788436e+01,6.982728509658475957e+01
3.748050687394283642e+01,5.941334206985095534e+01,3.346393079406336568e+01
6.568306047763051936e+01,6.591884830628971770e+01,6.529708812301572607e+01
7.172675520661637449e+01,5.941327761142134989e+01,6.190906489114490796e+01
9.103520105733443302e+01,9.587626846840613837e+01,6.877073790762740657e+01
4.388075094797689957e+01,4.190710699869940470e+01,3.929108843797466477e+01
6.240825030095016501e+01,7.054967961970126566e+01,7.345132897602285027e+01
5.911969732350927842e+01,6.189625542113803647e+01,5.431437728238404361e+01
4.195821027038925166e+01,3.955619186994932335e+01,2.641902152385501878e+01
6.104887360209513503e+01,6.283585654890898553e+01,5.935050243099554024e+01
6.897051516445424113e+01,6.491596337900867297e+01,5.546418539237635770e+01
8.437246484507419098e+01,9.613741632909216150e+01,6.922790467380036716e+01
3.663903953311862693e+01,3.964136892535834988e+01,2.959124402774951079e+01
9.162019318971796622e+01,8.298465822359067090e+01,8.749796670979517899e+01
1.000000000000000000e+02,8.593969039561893908e+01,8.407585295567211858e+01
6.437985777788414055e+01,6.211728509217163463e+01,7.199928048220559162e+01
9.197599106635711053e+01,8.811368193767023627e+01,9.164516852820253234e+01
9.976742061302309139e+01,8.300207422318915462e+01,7.782334139963028008e+01
6.406842954165068704e+01,8.304595055306646145e+01,7.427372562048977045e+01
7.675767990185156009e+01,8.106753263276050347e+01,9.170478553729165583e+01
3.789127879873404936e+01,5.069103566301459551e+01,4.189870483035077342e+01
4.389729454260535846e+01,3.006878097557601848e+01,2.810023045295393018e+01
9.112654981968691459e+01,7.992573595589163915e+01,9.059669737299708459e+01
5.215857482232755871e+01,5.907325034856918933e+01,5.502730004765714966e+01
6.148756526870029404e+01,6.256223055206059058e+01,5.968693121235288146e+01
7.964207894288792033e+01,1.000000000000000000e+02,9.493539133879309588e+01
4.754044113208183120e+01,5.086222040243200126e+01,3.171998215887306571e+01
6.519514455890271165e+01,6.417994631269853301e+01,5.698051622943670225e+01
3.553816890003827922e+01,3.673289098196218561e+01,4.030864898384733408e+01
5.513433530517247760e+01,6.174313114089312649e+01,5.863868984267840290e+01
3.757555051707449678e+01,4.822454415968257990e+01,2.524402404951172940e+01
7.303149284777094863e+01,6.796722035822577368e+01,5.808729620817453565e+01
6.314188993568908614e+01,6.878844317552187704e+01,7.492586599312969042e+01
7.868044058024284482e+01,8.711216499484497433e+01,8.054196053214077722e+01
5.479388836199626667e+01,7.544195626728054549e+01,6.837710871214594022e+01
3.827549300269934918e+01,4.857305471911257655e+01,2.551643436513350238e+01
6.142918055328915017e+01,8.114297105186115289e+01,6.739446172962654202e+01
5.987073478552113670e+01,7.603377001939038848e+01,7.812381243527080699e+01
9.957454136046051474e+01,9.737243144979490239e+01,8.570686189819478784e+01
8.564268084191846242e+01,8.044475006242845438e+01,9.564685382583853368e+01
7.242815880642083926e+01,7.269086529850662259e+01,7.099930334657294395e+01
3.276896568335300231e+01,3.791817095549502881e+01,2.513405870309971846e+01
7.758737006019548232e+01,1.000000000000000000e+02,8.842354243390715851e+01
3.568048657125807921e+01,4.492759949718459467e+01,5.489993737641898264e+01
4.258975116463251709e+01,4.988626314395312988e+01,3.395482626859845965e+01
4.691668156422124980e+01,3.920123700902851027e+01,5.446639275594977647e+01
5.264740187216661127e+01,6.943114047007169631e+01,7.534097928271475553e+01
6.533067961441842897e+01,6.710631699566087605e+01,6.390614066830001150e+01
3.463087778082734758e+01,4.249607577240995226e+01,4.924249628885357311e+01
6.464502112358546526e+01,6.384918853178309206e+01,6.000399580472659267e+01
6.834749542327304539e+01,7.628895756130904715e+01,6.164188376381571288e+01
3.589604200642605036e+01,3.924124314457198182e+01,3.379674300791717201e+01
6.227137395590253988e+01,4.358339055454942468e+01,6.406825874906724039e+01
4.393837529550429366e+01,3.503585103481070462e+01,2.734266387098465856e+01
7.094998577671888995e+01,7.815152804055479407e+01,8.818677500263797242e+01
3.270337191848165048e+01,3.417615611708707490e+01,5.099798946584523662e+01
6.427514973871058146e+01,6.323601273894914954e+01,7.344094985278574939e+01
6.482878053521682205e+01,6.045318822643975665e+01,8.185854319825612890e+01
2.818233629231174575e+01,3.532890448726224975e+01,3.993376092856330217e+01
8.372017886385673080e+01,8.098439795991984624e+01,9.357451670761045648e+01
4.881973211494445763e+01,3.151876881921386087e+01,4.636576864704439060e+01
7.049113807393234765e+01,6.919382628584359907e+01,5.236789361943804977e+01
7.040834499324795104e+01,7.647902088487498418e+01,7.531026810254049053e+01
7.447655413692392301e+01,9.457223894383443508e+01,9.734577697988063960e+01
4.985500107431442984e+01,4.442461429620195901e+01,4.199130878940023592e+01
5.881731946759564522e+01,2.769606045144336548e+01,2.376669024937391583e+01
3.976135135244361862e+01,3.548157319118058695e+01,4.236935667702991992e+01
8.066661018249213555e+01,6.471248318430960467e+01,6.485942591574666949e+01
6.835216227378199960e+01,7.839331584250503226e+01,8.115462711786776140e+01
5.247052998239268362e+01,3.299112060617633801e+01,3.818836332364688957e+01
6.140859257945868421e+01,6.670280811157917356e+01,7.014901015328705114e+01
4.342237118597706313e+01,4.351192823511115648e+01,3.578627686443033440e+01
4.081977893682525149e+01,3.805904762079780568e+01,3.233590719439016681e+01
6.033194451829432126e+01,6.549285812394357720e+01,4.866941907224251196e+01
4.778930809075271924e+01,4.993567997451049223e+01,4.904079453123610932e+01
3.643035788522190188e+01,3.609584078750452107e+01,5.235559582494938269e+01
6.948292959052747619e+01,6.754047210794487910e+01,6.718529872432193883e+01
6.647335592815291250e+01,6.786690813100487674e+01,5.134002878511424939e+01
3.977533539916774430e+01,3.471759907182408966e+01,4.465480351445663132e+01
6.100442509667296065e+01,7.830568090310892160e+01,7.069191061648341190e+01
6.550460174726630669e+01,6.662951216801893395e+01,6.475413765511301278e+01
3.486058656233250730e+01,3.890117610464381670e+01,3.681763675339541919e+01
8.963839341173286357e+01,8.456626966974479842e+01,9.037191948290524124e+01
4.141809093559084687e+01,4.232985133477903616e+01,5.178889113802476629e+01
5.140263154776244647e+01,2.699132409098786667e+01,4.579883737244959718e+01
7.780894944604119701e+01,8.861143930402923274e+01,8.920864478396723030e+01
7.868370031260839426e+01,6.766107003668498976e+01,8.181071896981458735e+01
6.007194638370587825e+01,7.831329266317113991e+01,7.215899182908890452e+01
6.416488908595353280e+01,5.171706202675962771e+01,6.961451179996898020e+01
2.799464477774528959e+01,3.179671897777676293e+01,3.569750922914288083e+01
3.302091913364965592e+01,4.190860888040376864e+01,3.321734761822529691e+01
2.899893409209123263e+01,4.437989467057987270e+01,5.293527359003210364e+01
7.939877179131796936e+01,8.773831643158915483e+01,7.760116448872304318e+01
6.330468112071267939e+01,4.893297250488546979e+01,6.972297235244377589e+01
4.136500062831834157e+01,3.551640424957539466e+01,4.024837760390843044e+01
7.896541123733118184e+01,5.791589870599445078e+01,9.095048672199936846e+01
8.270522204207706807e+01,8.148269257598005311e+01,7.492347086837715153e+01
5.021664849749309667e+01,4.328818134034064258e+01,3.037344536503618286e+01
4.596880267635922479e+01,3.605329828320022756e+01,3.255759885888546989e+01
5.328844276611974351e+01,7.193920355502801556e+01,7.448908091972727163e+01
4.652252857737306613e+01,3.438586442986574099e+01,4.612764362180986666e+01
7.982077433346651674e+01,8.251777931351530526e+01,8.587221937074689038e+01
3.202583398555875505e+01,3.122347968905154403e+01,4.589367102223979344e+01
8.175348734740113343e+01,7.591665871678927147e+01,9.190064226438150286e+01
4.332191938049296454e+01,3.693830213901636483e+01,4.116688344659767296e+01
5.170516746598467961e+01,7.444980669109720850e+01,6.869963340838279464e+01
5.459818923893312359e+01,7.057262533981059960e+01,6.594827393157071072e+01
6.460778788427592190e+01,5.693631182348890718e+01,7.199963405051397558e+01
9.514002049122132121e+01,8.134119886009241895e+01,7.397161700012973995e+01
6.558073859394477267e+01,6.731097017938057547e+01,5.559147928867196242e+01
3.580053988196256398e+01,5.191777801768297707e+01,3.632097747410382738e+01
3.641549812686201193e+01,4.116394437628247971e+01,3.932941982798428882e+01
5.666878595279735009e+01,4.074180964179162601e+01,3.340936987274790937e+01
3.614991135624627105e+01,4.016206239477553908e+01,2.530232003737626201e+01
3.443030358736080387e+01,4.179173942698758282e+01,4.001599485132069844e+01
4.912202624755424551e+01,4.009373134175492481e+01,2.093289037634110628e+01
4.836512096167412267e+01,3.307725734318532318e+01,2.702459898535832394e+01
3.004635296911304465e+01,3.744714722391281470e+01,4.173784955848419997e+01
4.413131426203523944e+01,3.686774052995657769e+01,3.358816479405580679e+01
9.295120054235843554e+01,8.927564657422827565e+01,9.765046909965981570e+01
5.473926399761295158e+01,5.398394961809018611e+01,6.195494561225410024e+01
5.916585614433253681e+01,6.977570827940876086e+01,6.393406146405632740e+01
6.096168451534189359e+01,4.895937891030531830e+01,6.310785078532539671e+01
4.277350524820490563e+01,4.214094007224891669e+01,3.848205036794880840e+01
5.824736842098690914e+01,7.325776208443892301e+01,6.517586184457586285e+01
4.932486556595239335e+01,5.875938871427981525e+01,4.902646364180480987e+01
5.809378166232516350e+01,5.864594124320584001e+01,5.701934071752138777e+01
9.065847030833870690e+01,9.693594664598887789e+01,7.960387636216340468e+01
4.313608749892605232e+01,4.243069940510050486e+01,3.926767984465433869e+01
6.241408416288935967e+01,6.717673394540592824e+01,7.374127004510410188e+01
5.619493707364865998e+01,6.540848612403563322e+01,7.596172154816920852e+01
6.673901059151133097e+01,5.446750543966335556e+01,5.912530580177809725e+01
6.743440859713297186e+01,6.713050907311556159e+01,5.788975495125941251e+01
7.086774229881068266e+01,6.835408189225735498e+01,5.678131715025183723e+01
3.949754621484835582e+01,4.146673771198737057e+01,5.248280743899566403e+01
9.242230954630261408e+01,8.065452106365562202e+01,8.183926353072750715e+01
6.616405242105292928e+01,6.574231890112832843e+01,6.929010090736952066e+01
6.811038933504987369e+01,7.786564741956544822e+01,5.156005786089922083e+01
4.151994860126275455e+01,4.961991823322049555e+01,5.496038806764971696e+01
7.279266640739130878e+01,8.352317449079666289e+01,8.501044694323398687e+01
4.701234883265215814e+01,4.216076347357829235e+01,4.329577265701403377e+01
5.864683469930024273e+01,7.405664008521944197e+01,6.932409915099428588e+01
6.536245458787793439e+01,6.407604841851731692e+01,7.614504076679628497e+01
6.775581981380042862e+01,7.365426933731299641e+01,5.663075497211855946e+01
7.732510666994747339e+01,8.429024634895054646e+01,7.480833331429441557e+01
4.691038411529950736e+01,3.616078073860031594e+01,4.044191407431092955e+01
7.131594804459538750e+01,7.004720557878127352e+01,7.489503885451041754e+01
6.340880856205922100e+01,7.239907355135525791e+01,5.844574315119747610e+01
2.976487929662803111e+01,4.888450192234213887e+01,3.598299896847616708e+01
3.855920559216604460e+01,2.971854326036099536e+01,3.833462457032985071e+01
7.315878957808051553e+01,7.066857974938210418e+01,4.918353264597900676e+01
6.353000036903540604e+01,7.056413877975369076e+01,7.326049735461427304e+01
2.608810218240071421e+01,3.301952712734748019e+01,3.961826385463655953e+01
9.588314337245326158e+01,8.156249326865028593e+01,8.406964237440963927e+01
8.936169426702403484e+01,8.336078112732845113e+01,9.597011818435851183e+01
5.805830794476973011e+01,6.685146664563488628e+01,5.867191872549090448e+01
7.542175086911463211e+01,8.287575431376052393e+01,9.379194174118984506e+01
8.728040655846056950e+01,8.445722050973068917e+01,9.688950695394701995e+01
3.586961922510793244e+01,4.880296544557778304e+01,4.540485306531582665e+01
6.834677858362326219e+01,6.638248552504460065e+01,6.468112213511781761e+01
6.540284424270643626e+01,6.866317903692434754e+01,7.153942261788533585e+01
3.803559867839451414e+01,5.027076101463440239e+01,2.488117872775904971e+01
5.846870338345429730e+01,5.573053638400925536e+01,7.157431539146469390e+01
3.436261389704094427e+01,3.856310868934833280e+01,4.157420877325565556e+01
9.339756292289102646e+01,9.559819857955096722e+01,9.678098830304358557e+01
8.963412576067064208e+01,7.795435845545827647e+01,8.365577294043436041e+01
3.281247626596734079e+01,5.154024315209446883e+01,3.304473244116262975e+01
3.316012175273294815e+01,4.121271875855618561e+01,3.623262871484111969e+01
7.698052908869708233e+01,6.630601301230564104e+01,6.279707352267382703e+01
8.398598147060745589e+01,8.827929140078309445e+01,8.710810792649014900e+01
4.957198782549032501e+01,4.707350190970229420e+01,4.481240001875135448e+01
3.546846489602563679e+01,3.107113605852530114e+01,4.308654774297582435e+01
4.205193582754831993e+01,4.348203165736850906e+01,5.661369060687218990e+01
5.884850235296541143e+01,5.424407710778779546e+01,5.915702238111360600e+01
5.744547892794037836e+01,6.981271007849387900e+01,6.148685124366561894e+01
6.618335471927318281e+01,7.675195052985826294e+01,8.066157873877789086e+01
6.282248880454972806e+01,5.482077713665566421e+01,6.745642325636522685e+01
4.435145355346671892e+01,3.824959143789816807e+01,4.190431503293101656e+01
7.044825234851408879e+01,6.836437656958428022e+01,7.312720162224331943e+01
6.868944532443806850e+01,5.694862769358577026e+01,6.753607009315763321e+01
8.394567136327577828e+01,9.396944210985530788e+01,8.460903576137708626e+01
4.706729739272472557e+01,3.378599077114943583e+01,4.874827670573013449e+01
8.685706436811209130e+01,8.893628610826166891e+01,7.934330326897520536e+01
6.657079171249645810e+01,4.745784765993167298e+01,6.805017598347002661e+01
7.102424127939728749e+01,5.477806059476485245e+01,6.405476409404553806e+01
5.488438921373657564e+01,7.932636870888835290e+01,7.068401930930913579e+01
7.225375543632145536e+01,7.258169405273494590e+01,7.077656954032798353e+01
5.384592683021939052e+01,6.939218667518288441e+01,6.728989491651330468e+01
9.351291692735668448e+01,7.164563534671620459e+01,8.698088683318472647e+01
7.808956039985135078e+01,8.484983576094249713e+01,9.627451814512960482e+01
4.935384979979811249e+01,3.638963463253296737e+01,3.867618757257925921e+01
1.800259184295539683e+01,3.812699570173669628e+01,3.849292698188493489e+01
7.299644058246826717e+01,5.887834701385143887e+01,7.236757154457234265e+01
8.568039377757355624e+01,8.788522778844203742e+01,9.117432391904586098e+01
3.364320435899956152e+01,5.042852054246469606e+01,4.672176130155357754e+01
6.105746088226177903e+01,6.165354669037915869e+01,5.591828693151646235e+01
5.343649344855558070e+01,5.902822210901103972e+01,5.315374030981972453e+01
8.452666389013043613e+01,7.833109622929619320e+01,8.006806799513827855e+01
4.007076245357556843e+01,4.710165005427130325e+01,4.897702415867925652e+01
9.788584875682882114e+01,8.420973583647412397e+01,7.930302697564160042e+01
8.629861886514839853e+01,8.525767437528145365e+01,7.124681723582953907e+01
7.424063977758842725e+01,6.863566898354763168e+01,7.176644258996060444e+01
8.922307954714082712e+01,8.919100593273070388e+01,7.979037414037151166e+01
3.682375360337019998e+01,3.510556093232163732e+01,2.522403058247498464e+01
7.777693695107959115e+01,7.348394049653779803e+01,8.824461233601974186e+01
2.231392462414353517e+01,4.336010210937732268e+01,3.281834080819799482e+01
9.686727378425487700e+01,9.045509138718465181e+01,8.356143301243216115e+01
9.108496434601485703e+01,7.889999133626945138e+01,7.994625039040829506e+01
3.777391969305936925e+01,4.263996283199167436e+01,4.594725473022610629e+01
6.784356690276139545e+01,5.509494357765100858e+01,5.592719137389556749e+01
4.594294262399422024e+01,7.360889813374420498e+01,5.813789783097266195e+01
8.165503490721633284e+01,6.154826669709268572e+01,7.166975673215905829e+01
9.271933510283399471e+01,8.561597720297282876e+01,7.059289698374779221e+01
6.213336309755288767e+01,7.793001388746205294e+01,7.374589745883754688e+01
6.570040516552170118e+01,6.265150789627416117e+01,7.542020473000144420e+01
3.674337410919739710e+01,3.772508929567923985e+01,4.148260519532305324e+01
6.306684154192400626e+01,6.505059191853364098e+01,7.058361727318521162e+01
6.242590912088000721e+01,5.935371531431422909e+01,6.189385324646669062e+01
3.768532009397612370e+01,3.627401593275709502e+01,3.739872477596996703e+01
9.948123564429259602e+01,8.222425910349318201e+01,7.616360962345126495e+01
4.395376095422796681e+01,3.752615420839612170e+01,3.687714237432594189e+01
4.996507968137498779e+01,4.767672420600058558e+01,2.788196179365168348e+01
3.674154662145212313e+01,3.677363749663499704e+01,4.059984974391868917e+01
4.216274591425380436e+01,3.309323788208494932e+01,3.881977055807717392e+01
3.924153152488009511e+01,3.012398176165910968e+01,5.245515680077946286e+01
6.980575615435246561e+01,4.478377053729921897e+01,9.026204947060129768e+01
7.122336249091192428e+01,8.869090425443131664e+01,7.186067156536223877e+01
8.622241435133979337e+01,8.252699638093378098e+01,8.135170051286364412e+01
4.410125225891020051e+01,4.825610478143536852e+01,1.533664189554504986e+01
4.175055496837440216e+01,2.968531842078438743e+01,3.731968781811745828e+01
4.815605648161059094e+01,4.335360486632484367e+01,4.118578476946782985e+01
6.699154411408527210e+01,7.458983204221281937e+01,7.282234370836816595e+01
4.979033099978982335e+01,6.982158399900481527e+01,6.698653471644479396e+01
8.541800666298188105e+01,9.716941902783246121e+01,8.087988650202375140e+01
6.426192173035860833e+01,9.034418322639429277e+01,8.958547281001759188e+01
3.993081099190207794e+01,2.120023027804306892e+01,4.356910261791828987e+01
7.932082498262786885e+01,8.084963340476591043e+01,8.673293239554313061e+01
6.445872261104602785e+01,6.570760598770169736e+01,6.914555393918794834e+01
6.897445255352458560e+01,4.488392620745450046e+01,5.419018254488392472e+01
4.409210961535352880e+01,4.113325357912820834e+01,3.682244552066340759e+01
6.187262286760650198e+01,6.427358316985436204e+01,5.972200671272689476e+01
7.329073509894374183e+01,7.101561256563461200e+01,4.680215426327488615e+01
4.543130850457515635e+01,4.054063255591113091e+01,4.231295518951987589e+01
2.937849378049144988e+01,5.607846199176901791e+01,4.852525511584034490e+01
4.800673065984931043e+01,6.607836483316118859e+01,7.643514112081055600e+01
8.367031319856035054e+01,9.299234758005418655e+01,7.853444970132191827e+01
7.183641566666460676e+01,7.372234204080086784e+01,6.553928215612206998e+01
8.461609957555207018e+01,8.165409652891742098e+01,1.000000000000000000e+02
9.211990331895555073e+01,8.493828313694456256e+01,8.340763088547464577e+01
9.117621966262456112e+01,8.834296487873221793e+01,9.841643355285209793e+01
6.886043733075916862e+01,6.356834205947237137e+01,6.733972360544628089e+01
8.321231754754217036e+01,7.625518056788705223e+01,6.650338075132121674e+01
3.040392937953794572e+01,3.857318852391278341e+01,3.967900753757336929e+01
3.707921619191396445e+01,5.578316683824384370e+01,3.874566567443395826e+01
8.842252148986494831e+01,7.307618975887635315e+01,6.679558376837609046e+01
3.270845101490167650e+01,4.659541649907983896e+01,4.736920597115833687e+01
4.954155234912664696e+01,5.320457497598345498e+01,6.974765657054945223e+01
8.004228796604687091e+01,8.632297866113083273e+01,8.099323638590115593e+01
2.609828323890294399e+01,4.162906542967841261e+01,3.097637581195464662e+01
6.615189887449257355e+01,6.780272827561174154e+01,5.042866429305740894e+01
6.481508642995891023e+01,3.901859023108223568e+01,3.904699973026935567e+01
9.043994337308184583e+01,7.791357942142661841e+01,8.502151008863307879e+01
3.653258412174793079e+01,4.385908989865961871e+01,2.530791838099941771e+01
3.306867089072449062e+01,4.011118567466009210e+01,4.009022157294928235e+01
8.131678878663232979e+01,8.179687389114438645e+01,7.051172194192727716e+01
5.385849284327954933e+01,4.941929511182154755e+01,4.351269343143660961e+01
2.802671618621695870e+01,5.082075127805236292e+01,5.937958320866796669e+01
9.323920571943008895e+01,7.723531480848753006e+01,8.381235047255276527e+01
3.885141882689468673e+01,3.193580033757687886e+01,5.012746901245454723e+01
8.697934343115038303e+01,8.689337380367093999e+01,7.915777669179848886e+01
7.432008949814540699e+01,6.972965996109439857e+01,6.982375230372485930e+01
6.308568022498876360e+01,5.361279916286390090e+01,5.844738937709507098e+01
5.098539934310917943e+01,4.210740209321727434e+01,4.065110269140062371e+01
6.509165793199169059e+01,7.373910853992636305e+01,6.773434370663788684e+01
6.642032958837631895e+01,6.462369072595360819e+01,6.976104130319048124e+01
4.120480349793840702e+01,6.550674522955876000e+01,7.245695620204276111e+01
5.992894513942751189e+01,5.206578596908592260e+01,8.190954176961602684e+01
6.146822093397774012e+01,8.017680759116500155e+01,4.635619234762000929e+01
7.740862473214453132e+01,8.621625915792262163e+01,7.363674815327775036e+01
5.399251879471439963e+01,7.406101858954409067e+01,7.138911408838912109e+01
3.790316621804296915e+01,3.419313423450288525e+01,3.027597712923444107e+01
3.927228084166937094e+01,3.335441810718581479e+01,2.381531797573552822e+01
6.161021226108060489e+01,5.516163740826890916e+01,6.724186225178557663e+01
5.226146031560150362e+01,6.441571848164406333e+01,4.846311820312482155e+01
2.808404878135130289e+01,6.260661575160727921e+01,3.603730264785044568e+01
7.584525660183544460e+01,9.071054127569314574e+01,8.254096815609527482e+01
8.719216646357351408e+01,8.580739352844310019e+01,8.387773607712949797e+01
8.125924934886022299e+01,6.802709914728418994e+01,7.247441928825580248e+01
4.058339913373706054e+01,3.198153786679521460e+01,3.748182440065606613e+01
5.459506004579402827e+01,6.100275041532034948e+01,6.763724038774397229e+01
5.745100635102829045e+01,4.077008999815178214e+01,5.458689578160303313e+01
8.571610872650367696e+01,7.750962266737973039e+01,7.543019260458716246e+01
7.127704970706716381e+01,5.030612984942923305e+01,6.283535119891025289e+01
6.817589981696347934e+01,8.545458522370623200e+01,7.926480953066869972e+01
4.466820073466673335e+01,4.522946167049055077e+01,4.416576718961390924e+01
4.271150817969654412e+01,5.941977635470087193e+01,4.081938248575129080e+01
6.439291992795422459e+01,7.062864356846208125e+01,6.283806339681299846e+01
6.996369887716716107e+01,4.270345704777173523e+01,8.621833350389553630e+01
8.576844294789027856e+01,7.928872335042927944e+01,8.160126297256462635e+01
7.640344490893626528e+01,8.604658023917239973e+01,8.227376837820112598e+01
6.708850213652824834e+01,9.418186233716525635e+01,8.820211724048247959e+01
8.693876597704577591e+01,8.373588384460890666e+01,8.874411317194248738e+01
8.168582088339059055e+01,8.986413418308841017e+01,7.413324092280747379e+01
4.290763470271258484e+01,2.072062427360100045e+01,3.074921871787733707e+01
6.567640173131559322e+01,5.869373479372028868e+01,6.291445446302041944e+01
7.311223078080567461e+01,6.777320693471105528e+01,6.467436519250526317e+01
4.621658367192718231e+01,3.923771370388852375e+01,3.625618949340566388e+01
7.401545533328061310e+01,5.514270634961262374e+01,5.828242002056481397e+01
7.058928396521916682e+01,7.029159390916581174e+01,5.495389010613366310e+01
3.550105293661447092e+01,3.191173850637395759e+01,5.513735064319684653e+01
5.368134273901026887e+01,7.297497256181056002e+01,6.533178029081379634e+01
6.059847539844418662e+01,8.866667735486524293e+01,5.908476863972389026e+01
6.307408367077039202e+01,5.556082108189798419e+01,6.222456156113440073e+01
4.206583058658156205e+01,5.251774417335923317e+01,3.710583618044663012e+01
5.839731255691870615e+01,3.928215384070705340e+01,5.236185721357247758e+01
4.473002353638617734e+01,4.137624909424374664e+01,4.423148437566319302e+01
5.025059204483117981e+01,5.676288445481395684e+01,6.753741973097521623e+01
9.354827703139036998e+01,8.925848450830807224e+01,9.154645800685304380e+01
3.768668481271510018e+01,4.384939270939629807e+01,3.531430776808651473e+01
5.302283174955250900e+01,5.618071523731920536e+01,3.348569957541374009e+01
8.112681401790443658e+01,9.047293012312293570e+01,8.303810398336786136e+01
1.000000000000000000e+02,9.606843304520990046e+01,9.861516329707592377e+01
8.177923262541088434e+01,6.494805369464799583e+01,4.933045173060506983e+01
7.258982348651974803e+01,7.816926999021154643e+01,6.916491787279647951e+01
5.664007231467989811e+01,5.877349380972355419e+01,6.052939809226932510e+01
4.209011510023353964e+01,4.284763744201448077e+01,3.834503141524487546e+01
5.461180603320083549e+01,6.742303133143592220e+01,7.225963026561605318e+01
9.392034055656417024e+01,9.057328513023328753e+01,1.000000000000000000e+02
7.744883390708424997e+01,7.071492253419219765e+01,5.765413230075662909e+01
6.282726168161772051e+01,7.733264099313316819e+01,6.873821014804117624e+01
9.323934307370902275e+01,9.663618048800363169e+01,7.410736165031978828e+01
8.882881389398605165e+01,8.118597610798985897e+01,6.975830028935411065e+01
6.753299034341037554e+01,7.113907815222944464e+01,6.052608790064618205e+01
8.005744234938416071e+01,6.702244852236229633e+01,5.864963627930303147e+01
6.649891392841011850e+01,6.709479963671635971e+01,6.901512303738503817e+01
2.607362854922980944e+01,3.467238083392566494e+01,3.464763900660942397e+01
6.335181052307244443e+01,5.533978070612505462e+01,6.900433543503869771e+01
4.598279483354537689e+01,4.335997400055993722e+01,3.778344554369167696e+01
4.195393394584457525e+01,3.788525042187463754e+01,4.228955954043453147e+01
3.983408115627518242e+01,3.168579496614748336e+01,2.975426050625296881e+01
8.870702987300546738e+01,8.163131171016384258e+01,8.092364372168768227e+01
4.834994718176395168e+01,4.314701496203277742e+01,2.882430353799095002e+01
6.107143830063178314e+01,6.299858207189791415e+01,6.091420767019318561e+01
6.293279635625501101e+01,5.447278573100792443e+01,5.975320728929150960e+01
9.363159355564368980e+01,7.792976569264540387e+01,8.135807245587152181e+01
6.154061644790315455e+01,6.841148832207913699e+01,7.317584155462265016e+01
8.642122578340138261e+01,7.356657772067008239e+01,6.912706217701125411e+01
6.978064820344910402e+01,6.974042749237908367e+01,5.772659361707806625e+01
6.435284500784361228e+01,7.535827287565800248e+01,5.958286544695864251e+01
5.154523224874721876e+01,6.412503593919127809e+01,7.975803542047276551e+01
4.711301854021606061e+01,3.566396877179223424e+01,3.444765340913886575e+01
4.088794916057005935e+01,5.343399590196884219e+01,3.500496972341282742e+01
8.195583779934105451e+01,8.204034946638651604e+01,8.768182585756929370e+01
6.724574163989971964e+01,7.826889255102659604e+01,5.193349706982340308e+01
6.957512196942063554e+01,8.018473187614017661e+01,6.797248337355063086e+01
6.698010284644078638e+01,6.882914931729426655e+01,6.695807047664095535e+01
1.000000000000000000e+02,7.909154565493631139e+01,8.248808800715434586e+01
5.694558693724700049e+01,5.648058655405990436e+01,6.577757401827051353e+01
7.486886852667906567e+01,6.707967203320292526e+01,6.587785574244884401e+01
7.062527796689063564e+01,8.779060101849856323e+01,7.662830505005879900e+01
8.784551018516262388e+01,8.567405567411731226e+01,8.168250745845104177e+01
4.557064705121372583e+01,4.162571009835753699e+01,2.878343168604756031e+01
5.151260066788976388e+01,4.586168754215484711e+01,4.769731634516995911e+01
9.079557287831899259e+01,9.100051506502825305e+01,8.771550484335696751e+01
5.348505379584955222e+01,6.334758330236341806e+01,7.149411557462198630e+01
7.518357987212189641e+01,6.366152034617816469e+01,7.989935645515406293e+01
3.516321107056367623e+01,2.526092430375462428e+01,2.466722025985431088e+01
8.606927301440761369e+01,7.061253768593851987e+01,9.261323444207209832e+01
6.782557134720988756e+01,6.413842258704052313e+01,6.396912486847536883e+01
3.279282403756339903e+01,4.419160763354136634e+01,4.582971387259476614e+01
7.872076541232141267e+01,6.703492215085546491e+01,7.351970599311475496e+01
3.243693856512147988e+01,3.589238410360712805e+01,3.019735454733920932e+01
3.837554266345070175e+01,2.802794217764880358e+01,2.656461012008573164e+01
4.862274684596145846e+01,3.024099404126782531e+01,3.335384094715731607e+01
8.419474544547352934e+01,7.744201913271147930e+01,9.124123621290273434e+01
3.478803933984579544e+01,4.212978387707649830e+01,5.012754867318879093e+01
4.022417749620701244e+01,3.826219073425058781e+01,3.832472938368313464e+01
4.723060550887613829e+01,5.031065913848791382e+01,4.775918154924330139e+01
7.236637182074619545e+01,6.823190178618725099e+01,7.361676450693136076e+01
5.850516174173414186e+01,5.656724162089810903e+01,6.529161421519495434e+01
3.782898805654620134e+01,3.984078663274731724e+01,3.475405230054148831e+01
4.613870958176458714e+01,4.033483580625981801e+01,5.193253213159012915e+01
6.963730025368593601e+01,8.811940075148258700e+01,8.416954185779293596e+01
8.622704477524841593e+01,9.622023082216851719e+01,8.937727995502450540e+01
5.047972087051024914e+01,7.634947873322681744e+01,4.510339509951769799e+01
4.634005929338085394e+01,2.715955216796861293e+01,5.122776307814003616e+01
9.003293688251176263e+01,9.461457758727605949e+01,9.068110825724942003e+01
7.280578117201274324e+01,6.454068756057998257e+01,6.580686479923504351e+01
9.772312317329701159e+01,8.601533530166504704e+01,7.845025307169233031e+01
5.385143000825874537e+01,4.429041145766618115e+01,3.691328980310702690e+01
8.426785043910817308e+01,9.568653505283378990e+01,8.369102255778749111e+01
6.683702955077957597e+01,6.454577378289005196e+01,5.603086362074795801e+01
6.344021186007596214e+01,5.625859345825681856e+01,7.170099381062506438e+01
7.295152034764475957e+01,6.919561395899779654e+01,3.798322005218952313e+01
7.005544328311671620e+01,5.945534572960677622e+01,6.108655734524856484e+01
8.070545369725942919e+01,8.840077223144801621e+01,8.497588849631787866e+01
6.055162039332667234e+01,5.490608727561847502e+01,5.333031522953937298e+01
7.388872435509088632e+01,5.729106348199134402e+01,8.160826747170872864e+01
6.647175413307064673e+01,6.688806502736139237e+01,4.556887752725307905e+01
8.991781883508295437e+01,8.178527309951800817e+01,8.799378099152198729e+01
6.223070911920164860e+01,5.625339873190932849e+01,6.835357535197671552e+01
6.158638486637748599e+01,7.070770208780166399e+01,6.527644102171286988e+01
8.527943687565206687e+01,8.781271489347844295e+01,8.531369755504290708e+01
8.330191800797265955e+01,9.055177204620372322e+01,8.238815461139793683e+01
3.501743330781740582e+01,4.595526986958171989e+01,3.699679868819813322e+01
5.106016513926580558e+01,4.613419433810496173e+01,5.367919404741906675e+01
6.867819040355617233e+01,6.917779153526700497e+01,5.765304610479935832e+01
9.037189250247706696e+01,7.153623796951735869e+01,8.203507956700806858e+01
4.340737838388887582e+01,4.198715252037231949e+01,4.266881843739638214e+01
5.372788731154591346e+01,7.184879309334951358e+01,4.780473647370032353e+01
9.451777277915334707e+01,8.520747651652484933e+01,8.070673815921389860e+01
6.353813804990583947e+01,4.974288937857018311e+01,6.947019073729521210e+01
6.662322664858568544e+01,7.526209482268281192e+01,7.333127206181544011e+01
6.023614170845598892e+01,7.083248175352299825e+01,6.746292667784783248e+01
6.712149885053744924e+01,8.321682889929309113e+01,7.249477218166062187e+01
3.080636802249364692e+01,2.473495669419786580e+01,3.906495850873180586e+01
6.938910457466886328e+01,5.985045355149555490e+01,7.084414111464168684e+01
5.237701023634214437e+01,2.814935951399890257e+01,3.271117963943160589e+01
6.388809739061726134e+01,7.166637084344110065e+01,7.389484871619690409e+01
6.836925521106476822e+01,7.790621271788243973e+01,9.149749958318642484e+01
9.102436389649061255e+01,8.536927584970449345e+01,8.356958816986528404e+01
6.251687917115001625e+01,6.589436735037162407e+01,6.835115656380158100e+01
8.730353061225183353e+01,7.805015549135460162e+01,8.228913887920943182e+01
2.927238895651351669e+01,3.526763105000686949e+01,4.546357434510660056e+01
6.286804230224333168e+01,5.928854833067526897e+01,6.255378417143936787e+01
6.449351797724432345e+01,5.547823124676606454e+01,7.100270882692301200e+01
4.005769970266907620e+01,4.717053452941139113e+01,2.686561333159129816e+01
6.045193564393353114e+01,5.768408583891655894e+01,6.990115068285930988e+01
7.341377672156397693e+01,6.283520230741068247e+01,6.159512205178059219e+01
8.721200054590957507e+01,1.000000000000000000e+02,9.565412136269891619e+01
6.768923431968516979e+01,6.249446646367475466e+01,7.399188116910221424e+01
6.502526178190804274e+01,6.046175860871190366e+01,6.321169406756417430e+01
7.159194121066944660e+01,5.705869874217408011e+01,6.543212352923805497e+01
7.937456054008517015e+01,6.534940332334538482e+01,6.289911823242866262e+01
6.765145683229239637e+01,6.865951212898457356e+01,8.238165298895935962e+01
8.997757308886363603e+01,7.444881261329717859e+01,1.000000000000000000e+02
3.560622785152023084e+01,3.346664533101822769e+01,4.123842471979727264e+01
7.162229558954517472e+01,5.136107892689980758e+01,5.208784453644846479e+01
8.909450632736316322e+01,8.489654684317235933e+01,6.737984630095634486e+01
7.905738712604345153e+01,7.536621867194843105e+01,8.648325508304777998e+01
7.930802479289887685e+01,7.782431882745633800e+01,9.165398672639258848e+01
3.220538450706471423e+01,4.074928678115883685e+01,5.002123924445616865e+01
6.950779426377972925e+01,7.213801181579661659e+01,7.652869784303463518e+01
7.866235552673610698e+01,7.351657596059132516e+01,6.765372865489052856e+01
3.700044248120691748e+01,4.298441854747342461e+01,3.501119448593429695e+01
4.908982365268050785e+01,7.599891844566597854e+01,5.679167632762978002e+01
8.181691823557288501e+01,8.072226972471831630e+01,9.724011724328730111e+01
4.582026954900639737e+01,4.136521553400041284e+01,2.887590053095524212e+01
6.268471650401465212e+01,5.662468072129723851e+01,7.914677913272223009e+01
6.883575043352711020e+01,5.371729451134860511e+01,7.134581185244718426e+01
5.720885262686898898e+01,7.035942460967893908e+01,6.942220918896700255e+01
5.657623000707623362e+01,6.558214291137088026e+01,7.352142689297961908e+01
6.507606472732254588e+01,5.465153040148243946e+01,5.677606633917897483e+01
7.181550665964469715e+01,6.309226050128889085e+01,5.693588050717040971e+01
4.865160375702825490e+01,3.739005054700937336e+01,3.858018010325130120e+01
6.163188085823509255e+01,4.315390119553624970e+01,3.424414763217161806e+01
7.910709864876693587e+01,8.488675489316153744e+01,8.583406468948271595e+01
1.663203748242453273e+01,4.835607634617018391e+01,3.726422482111887291e+01
8.436837629029454888e+01,6.387438090652553058e+01,6.276612603701585158e+01
8.844303216405607770e+01,9.440209370475480455e+01,8.258490566353708573e+01
6.032879941208797447e+01,7.359968947113571858e+01,6.674698506202913961e+01
3.554263578357520714e+01,5.043610957692440877e+01,3.407587343599104202e+01
9.423580198127379504e+01,8.344615648520598938e+01,9.361579505940005674e+01
3.953304603785301197e+01,4.986523941053069109e+01,3.012706334768622796e+01
5.198699552237386001e+01,3.632927605480559663e+01,3.660181017765526690e+01
3.030472224014978622e+01,2.977032025778502700e+01,4.321399135455796880e+01
3.818025897914129985e+01,4.400966661691371229e+01,4.094482772005168414e+01
4.447496053845886621e+01,2.826206405210586681e+01,3.118290376589180823e+01
4.681190501531095549e+01,3.994320190472686249e+01,3.566251785272528707e+01
2.069110137193543864e+01,5.412284925194898477e+01,3.358323741549914843e+01
6.498852968733071123e+01,8.130280460644441121e+01,8.470206106798225676e+01
1.799881206395881250e+01,4.519004238307091725e+01,3.170990969544985205e+01
6.881237047390932560e+01,5.980273959673490936e+01,5.446545106697995209e+01
8.082612938456307461e+01,8.513217282981263168e+01,9.036615794245885525e+01
6.863530644734848352e+01,6.335915195840005509e+01,6.872627938974419237e+01
8.223358586685549199e+01,7.524790143338097437e+01,7.368418615029176522e+01
3.441422832213942229e+01,3.958745728419029319e+01,4.437333626093187888e+01
5.946064063056167015e+01,7.854524071413709407e+01,7.584929907108825375e+01
4.725166496649890746e+01,3.598943845825377252e+01,3.224837635460641394e+01
8.959485920525632707e+01,9.128941581154207086e+01,9.601448827508320960e+01
7.054647042540958068e+01,8.926349900377175572e+01,9.754163049451000234e+01
3.417941054542884416e+01,5.697339988052752346e+01,4.802564695694200481e+01
3.486694048689587078e+01,3.358848976195842795e+01,3.056022654709859410e+01
7.931475805595786710e+01,9.363510675285073148e+01,9.407160314291716929e+01
6.536154203618123404e+01,7.537091037848817621e+01,5.781553697487584742e+01
7.182251305323889312e+01,6.716849843838159018e+01,6.814429390675427101e+01
7.358865814696582675e+01,7.404799070629985636e+01,9.264379741230051479e+01
9.052300016054859100e+01,8.479050343420588831e+01,8.318605798574006371e+01
4.044839157036421540e+01,4.407411994339924632e+01,3.469880359952177429e+01
8.875516924183975220e+01,9.227509322779089018e+01,8.218921074026050633e+01
4.368133616556382748e+01,4.129124675816036927e+01,5.578928715346285827e+01
4.772273689794220530e+01,6.022685180167160013e+01,3.687041997343471422e+01
6.763120935427785696e+01,7.276899870762042610e+01,6.431506848868423276e+01
3.882920220927623944e+01,3.799208943529311000e+01,3.305415060788229198e+01
7.904053570278814789e+01,8.653816098074661056e+01,8.935187625075816698e+01
7.856549607259896106e+01,5.273316182498069793e+01,8.118451541822408046e+01
5.170982477781493003e+01,6.480451012106942699e+01,7.219274805298040576e+01
3.660429832174482101e+01,4.863103231223790601e+01,4.958815869213354688e+01
7.016890476281447775e+01,7.622799223483782782e+01,7.682301193782211612e+01
4.966622714394696914e+01,6.722917654744621530e+01,5.530796887113685045e+01
4.075456125104877714e+01,5.595542795744857756e+01,3.907040572512196519e+01
7.520061127578757976e+01,6.804011760721012081e+01,8.531079748472414792e+01
4.105877205122138207e+01,4.054330535335468255e+01,4.438502703713756858e+01
6.175404077161019245e+01,8.072714099971496182e+01,6.720434692149162004e+01
6.256191639103206370e+01,5.861058291825869304e+01,6.691112846462290520e+01
9.158733122380668590e+01,9.265154554052601554e+01,7.749185862575303929e+01
9.031394285140189027e+01,8.231746913574858127e+01,8.806102131408995604e+01
3.065086597148481928e+01,4.583213802290031680e+01,3.988575510082453235e+01
3.711737930059210555e+01,3.017127827270522999e+01,3.961142808960583750e+01
4.692774910733722749e+01,4.169287786236040461e+01,4.709115167654361755e+01
8.468277841881260315e+01,7.576996597008232470e+01,9.014685762607736308e+01
4.797243907598723212e+01,3.205041698314813203e+01,4.235674274046703403e+01
5.712190978663007002e+01,6.724465822717313301e+01,7.018350784864178138e+01
3.855754381720372947e+01,4.011257666298804025e+01,3.827880667383097091e+01
3.867073726440214188e+01,5.505739904163239373e+01,3.864224162863697387e+01
3.494410342560658478e+01,3.232500216606488408e+01,3.631112337936230006e+01
7.672533383895222414e+01,8.731421720962099187e+01,9.461367543432790228e+01
8.062058214330282624e+01,8.586152520308455394e+01,7.753625597903635480e+01
5.648475174993349412e+01,6.897065584946037120e+01,7.144557593482976188e+01
5.831221645053265235e+01,5.790531624509524278e+01,7.332924832024065154e+01
5.436083572589464552e+01,4.477546585119786471e+01,3.491466392402204377e+01
3.895089975837323948e+01,4.279020715237036399e+01,5.560810048101039627e+01
7.166977846734948798e+01,7.833647202416288735e+01,7.137049783090469646e+01
9.219241613955027503e+01,8.439331986652935313e+01,7.972063786194101453e+01
9.155426117921373930e+01,7.994550670720228425e+01,9.187716651719178174e+01
4.240783419550527356e+01,4.126637629774332794e+01,4.768364061977335666e+01
6.332408537630177392e+01,5.501992411151501017e+01,6.779747139933436983e+01
6.127983927063219483e+01,6.313513336017267363e+01,7.084525284649694754e+01
7.403494098502682164e+01,6.070370453332851923e+01,4.791189160448521989e+01
2.896015467277043598e+01,4.674149763181810613e+01,3.271968888639081996e+01
4.708548522922185953e+01,5.043464106128382696e+01,4.636194409659006510e+01
6.761481398245859964e+01,7.156443952217071569e+01,5.313423032883053310e+01
5.801525960157164263e+01,2.132483469684983390e+01,3.628531459135491843e+01
5.477064657659872182e+01,5.336755519513273072e+01,5.268571201371794643e+01
8.670970485935099248e+01,7.450029883500764072e+01,9.527416476771125531e+01
8.015465861833416739e+01,8.815352204995315333e+01,6.716618404431120837e+01
5.539950630971364376e+01,5.587669584501300335e+01,6.810299304930995845e+01
3.737179821501685240e+01,3.950940523336922183e+01,3.157681191436840606e+01
4.533653480419960147e+01,3.842697303800783004e+01,4.041893058552108897e+01
5.518315385914089433e+01,3.639010457399565013e+01,3.460640785441612621e+01
3.064311998016938077e+01,2.958452343869196355e+01,5.381934629302480744e+01
2.899269129118759025e+01,3.497303113504417382e+01,3.417111611792378056e+01
7.614939377965025358e+01,5.450187921998831087e+01,5.816756984670347208e+01
3.062746696939726831e+01,3.705400834569575608e+01,4.273244440752407769e+01
3.720724669328065914e+01,4.425921044990285935e+01,4.496570271382837802e+01
7.612219675362720750e+01,8.328531393764396284e+01,9.404313709640263141e+01
3.531265431638732366e+01,4.214530224764252608e+01,3.239571034251406445e+01
8.088977253810590184e+01,6.287709301507701554e+01,6.590867985934464457e+01
3.323867578298464309e+01,4.071141496350433187e+01,3.905755129967262462e+01
8.199668525772395355e+01,8.209950772581933620e+01,9.533837053801551065e+01
7.878830870644620177e+01,8.533860415644858222e+01,8.598457983394510507e+01
3.810672940278480070e+01,2.575409513949223594e+01,3.357407926438635570e+01
4.561330918471653462e+01,3.171937508767487301e+01,3.990332279369386015e+01
6.826552375536138584e+01,5.107565788781760574e+01,6.715064136396381400e+01
8.357840440337980681e+01,1.000000000000000000e+02,8.630222961886722999e+01
5.085410525971170159e+01,3.404013649019486820e+01,3.494331341752871367e+01
6.545813726309827985e+01,5.353563210188927712e+01,7.875492090693026626e+01
7.702003240603244194e+01,7.999582694097333047e+01,8.391198851578283779e+01
3.646387775624475580e+01,4.086209670941056515e+01,3.523031666660062911e+01
7.095681100970300292e+01,5.375906766345204346e+01,5.757076174462143570e+01
6.543847887858640888e+01,7.519712924956317579e+01,7.565664580742297574e+01
4.011761460223549847e+01,4.457932466050554865e+01,4.726076455447196167e+01
2.717352826508655994e+01,4.229464696117341305e+01,3.325045321776249807e+01
3.272717689117315132e+01,3.303027142379348646e+01,5.600770481272122936e+01
3.228979850212488856e+01,5.013043645735492504e+01,5.097873874293214413e+01
5.127739818832975516e+01,5.348719351086427309e+01,5.731028623636917985e+01
3.181202005902508034e+01,4.143420507965053190e+01,4.175997347177412422e+01
3.874145733721226748e+01,3.871765645741584905e+01,5.132731419661814698e+01
3.684878501724558220e+01,2.931266152486853116e+01,4.303801750798957926e+01
4.340018075196298497e+01,2.530238122548653124e+01,3.577173435079922825e+01
4.178319330403070353e+01,4.575862384745099831e+01,2.924554301179495752e+01
7.574501777387115453e+01,6.277762155265378397e+01,5.527928272885573335e+01
3.521153061676257323e+01,4.454323450795626371e+01,2.362856240361294269e+01
6.664159694363154074e+01,6.611228031914949099e+01,5.953387273447580696e+01
4.331126728591253539e+01,3.512353718189091722e+01,3.353742091750805088e+01
5.087376480236489584e+01,4.204170733484699696e+01,5.080500096762125395e+01
8.465490229609626738e+01,9.261438998547798462e+01,7.885389530411212888e+01
9.427659745209786024e+01,7.746097206215344499e+01,8.528197683045617339e+01
4.712727851943566293e+01,3.458407721910268862e+01,4.975970635821643384e+01
6.261896463949519642e+01,7.067599298766580773e+01,6.855828693475210400e+01
7.452033444036148069e+01,8.232914305524121801e+01,8.945405383770582830e+01
8.375319618089712037e+01,7.275273980304463350e+01,8.380130731242574882e+01
8.646496944284164954e+01,8.528574473554522228e+01,8.432665863524921690e+01
3.802901565001575079e+01,5.312725204395452039e+01,3.886606324649888222e+01
6.722496006613384623e+01,6.694029028002977100e+01,6.971567598898467111e+01
8.604158994932573989e+01,8.126906893663655751e+01,9.094170726193591747e+01
5.875564503686961615e+01,6.571986863053037098e+01,6.548504071785022518e+01
3.738949235623005052e+01,3.918202325691450483e+01,4.388169558116236857e+01
4.762237618492250135e+01,4.073993929056485541e+01,3.348791764097003920e+01
5.926814887903568518e+01,6.282767649195535853e+01,6.606405265590480269e+01
2.754627238291133295e+01,2.944775853065190319e+01,4.009528812998905067e+01
4.085767636627515742e+01,7.429463216456538532e+01,6.763992132380070643e+01
4.793148874654010427e+01,3.338427325162447090e+01,3.996137302178711792e+01
6.839480887374416795e+01,8.048882240242011221e+01,5.840150696375476969e+01
4.178463794100220241e+01,5.146571605284938045e+01,4.073216142538566231e+01
7.240964690472536347e+01,6.769083271302731930e+01,6.293826750889875399e+01
6.722740056280296983e+01,5.965970494022910486e+01,6.415185470944821589e+01
4.419605900228869189e+01,2.804475504144554776e+01,4.559357385355909997e+01
3.627530576329120038e+01,3.451514406113390265e+01,5.237671588905287479e+01
6.801164127368150503e+01,6.458330187754799567e+01,7.158139248833587942e+01
6.938029955903871837e+01,7.801440706005080017e+01,6.648522828356215086e+01
4.569785044905637506e+01,3.670932614183761444e+01,4.414729570027731143e+01
3.998653751604022943e+01,3.645927809608507175e+01,4.767636850115828651e+01
4.136750696902640101e+01,3.377500926511526558e+01,5.480329857900020585e+01
1.000000000000000000e+02,7.399981248000190703e+01,8.422095816430004334e+01
3.288167738962241771e+01,2.825088455747766503e+01,4.506294658845830270e+01
5.276615376044244954e+01,6.871106639761914892e+01,6.931217794116032849e+01
5.382772311043949287e+01,4.091168863069796657e+01,4.900214196950120993e+01
9.630538713657635697e+01,8.810051727055791559e+01,8.596589429968064167e+01
7.078931371793532890e+01,5.143261994495763645e+01,5.431238159298304424e+01
4.408566359370811227e+01,2.884931878372299252e+01,3.499500714878882945e+01
3.931119478543160994e+01,4.632644897352064106e+01,4.275716180988841586e+01
7.385842927283131587e+01,7.438948840596476941e+01,5.821678555380157150e+01
3.568169357589631119e+01,4.629667553678563507e+01,3.441397842509711325e+01
6.369260120667840397e+01,5.717738996882840752e+01,7.904763252006870289e+01
7.314478917983491613e+01,6.615830310083393329e+01,6.770457381381818607e+01
4.094330135732825227e+01,1.586895002783830932e+01,3.686197105491078929e+01
6.043990054138296841e+01,8.838242647390424622e+01,6.892508390226382176e+01
5.330192873519018804e+01,7.827626079806847770e+01,6.755108691396397091e+01
9.519234129367336550e+01,9.971327266350219531e+01,8.529932940476059855e+01
4.699422143135251417e+01,3.214472123239357160e+01,3.315578837673139390e+01
5.368881248290296071e+01,4.195422625820727092e+01,3.385763552214851302e+01
6.606942175054578570e+01,6.077127633735716472e+01,6.212820268957812431e+01
6.686456234981396562e+01,6.444661336442727873e+01,5.668185480742808124e+01
7.887563716936379876e+01,8.714825665663971677e+01,8.559478457505043991e+01
8.601828638243112835e+01,7.623668650292134430e+01,9.602297715960878577e+01
3.646515374165704770e+01,2.740912855571291828e+01,3.307441455294587485e+01
2.403357818022433179e+01,3.600364030255090597e+01,2.500841754285392682e+01
3.478340344477764745e+01,3.497273777042507703e+01,4.145145118360289871e+01
9.411820887170856054e+01,8.105047968357757782e+01,8.500730492045134667e+01
6.733222838177411518e+01,6.054433511861302009e+01,5.308776202777756481e+01
2.773708097317834387e+01,3.586388620036511554e+01,4.547230330493904660e+01
6.805610032563670586e+01,6.268214937255687857e+01,7.633374113752644519e+01
6.422465144296587880e+01,6.959771781692793979e+01,6.230283009690231921e+01
7.588360432224780538e+01,8.026578843382219475e+01,9.703468295592325887e+01
3.316612911220371984e+01,4.116577142020520341e+01,3.024182025698837251e+01
7.591426362961804841e+01,6.125237011398085940e+01,7.797445542647052719e+01
8.174591053673464103e+01,8.155513556063888814e+01,7.118191855007137292e+01
6.277699434274988022e+01,7.033900995066738915e+01,7.079618875216448259e+01
8.413035225233788594e+01,9.590576991281132280e+01,8.037024840072878362e+01
8.975319941210413788e+01,8.879440407340307218e+01,8.563373961562975012e+01
2.767716499321271328e+01,3.910268879911532736e+01,5.248949226541185453e+01
6.756067311020603938e+01,5.610996597040986700e+01,6.272148772247238924e+01
3.050841617445954057e+01,5.147214627791618113e+01,4.403366014827566488e+01
3.446388040614228743e+01,4.577819317742402205e+01,3.695653791214390793e+01
6.881472890151880506e+01,5.880237766257286580e+01,6.650582963602580833e+01
6.174644495033982139e+01,6.914892137276861206e+01,5.879474326427718012e+01
7.820763261875652006e+01,7.819215678373916489e+01,9.183589121464002858e+01
5.418977998035889954e+01,5.897220099932822279e+01,6.394140123871704162e+01
3.359830642718520011e+01,4.506286331685845425e+01,3.991489058705445814e+01
6.698430561521060156e+01,7.433440842232910484e+01,7.242935279488359868e+01
5.293174186089325417e+01,5.076126127615442130e+01,5.622085855283871325e+01
4.169208010745976623e+01,4.043610549047724589e+01,4.377386871080108222e+01
6.614287941878727395e+01,6.467541301729951897e+01,7.109571308546962598e+01
9.318011167004551965e+01,8.828381841262847729e+01,9.327297403171066037e+01
9.267904319665649382e+01,9.543407760459177780e+01,8.270629411842904233e+01
8.010745840561936859e+01,8.141563958329739137e+01,8.415332122446207563e+01
5.592789503910911009e+01,3.661853612118137846e+01,3.467187348831682669e+01
5.564317732025160268e+01,6.741306186370141518e+01,6.325093586842564264e+01
9.221972253940049313e+01,9.447373402697827771e+01,8.468947764901088249e+01
3.388665793692621975e+01,4.014200777765739758e+01,4.147317578329258936e+01
6.158737976130521474e+01,5.663474035761861103e+01,7.525002266742706070e+01
5.601864475768038432e+01,5.989130557463083449e+01,6.967971144372310732e+01
6.521540721398432083e+01,5.527491096321054442e+01,5.364226093458855615e+01
5.868785219599454450e+01,6.836999011235860735e+01,6.229399117053102941e+01
1.000000000000000000e+02,8.193483595133812969e+01,8.758901930124748958e+01
4.370528696901823196e+01,4.511294218426680658e+01,3.815174729300321133e+01
9.910356656428497502e+01,7.939472426503748181e+01,8.975704710508219364e+01
3.502884405162305370e+01,3.480701502689393578e+01,3.432832783163326695e+01
7.625564462225446505e+01,6.986747107434887027e+01,7.654313354011696902e+01
5.711073921709894563e+01,5.708380498870745612e+01,8.024844692604257546e+01
4.122537525807667436e+01,5.886159384021095065e+01,4.599223992893258384e+01
6.946167714370946555e+01,5.840580207719317940e+01,6.793762337241990679e+01
8.201395067270512129e+01,8.073498403618367547e+01,9.507877469178069418e+01
6.868050088519140672e+01,7.983886151536218279e+01,5.692051376822094966e+01
7.215994106403036312e+01,7.352660685981554423e+01,7.912115164685059199e+01
8.351222713495764083e+01,8.102470766795192958e+01,8.110246186847787442e+01
3.422753573165721974e+01,4.253195409338646726e+01,3.922170721269208116e+01
6.189529331919185040e+01,5.486032606529187916e+01,5.216982275794639889e+01
4.263454185556347653e+01,3.334490440268947253e+01,4.003604052407480651e+01
7.834573238513743831e+01,7.827597172832076922e+01,9.130233857215628746e+01
7.541594147792896763e+01,6.849987759468301363e+01,4.956517022898673019e+01
4.738923324295129902e+01,2.599827628123143697e+01,2.942743030240363566e+01
6.227906112549273843e+01,6.026159349655906539e+01,8.104214305110207306e+01
8.659332525173108763e+01,9.368467903378979145e+01,9.136791990758644033e+01
4.492907734401790520e+01,2.313637326578045617e+01,3.708449398188430735e+01
6.530501452389952988e+01,5.934564153097458927e+01,6.543407690639865848e+01
3.968516751751845817e+01,4.105395088270078219e+01,3.780260268603250040e+01
3.755367627478614878e+01,4.922146301985256400e+01,5.257115997560615739e+01
7.359513686769291496e+01,6.108928711724572480e+01,7.435680114945623131e+01
9.437164039018082917e+01,9.316298211015494246e+01,9.260793175439047786e+01
3.860224375915088757e+01,4.017925792791269402e+01,4.432104773566578615e+01
6.079171671565508461e+01,6.823813210119404005e+01,6.568577820193027605e+01
2.590305590021964832e+01,3.483227894484980425e+01,2.836289501976048300e+01
4.054044387264659832e+01,4.091947129264810457e+01,4.129535493828054626e+01
3.548900258758033033e+01,3.458161646346374596e+01,4.342998229962836376e+01
6.454204263168851696e+01,6.374398149782332013e+01,5.839649478248975356e+01
3.978435330851834095e+01,4.172275034630999357e+01,4.400650506836888809e+01
7.750655674264376671e+01,9.269636308636091826e+01,9.314999437150363804e+01
5.741228398018103007e+01,5.192729059587989582e+01,6.806306362162834489e+01
3.349647123751739031e+01,3.667714191856251915e+01,3.510322560752153720e+01
6.282205763433399426e+01,5.769915046313766993e+01,6.153690432823579215e+01
4.355781454556186105e+01,3.877051916510385610e+01,5.163240145165966766e+01
8.304277597701386071e+01,8.174723859580669227e+01,7.776285828121977772e+01
7.994437709654584978e+01,8.331705399821102276e+01,9.444857334567777229e+01
4.801625594648198359e+01,3.923601541352284272e+01,4.254075912665341264e+01
6.293016365947839574e+01,6.212634646678284156e+01,5.893762634877325723e+01
4.020210264878712536e+01,4.434141077248263230e+01,3.988532796390471447e+01
5.686945367896997539e+01,6.512225903319061615e+01,7.245596314670790150e+01
8.001303077784247364e+01,8.910438029664774717e+01,8.174147268314594328e+01
7.998897426158197277e+01,7.389958290612942449e+01,7.316310985025582170e+01
9.289678193107238258e+01,8.668927357781603860e+01,8.886080722345674587e+01
7.822142572974746599e+01,7.842887395510571480e+01,5.861909073306513562e+01
8.425657824069223523e+01,9.035211578270387633e+01,8.936068033803334743e+01
5.558342795479806142e+01,6.860842145634900646e+01,6.113482740031108875e+01
8.824586123736501975e+01,7.517785595283737621e+01,8.404873903934004886e+01
6.611577868680031145e+01,7.477901010132902115e+01,6.803047684286356400e+01
3.555819244663835832e+01,4.308917520793752232e+01,4.022604297208036428e+01
5.650571128050294334e+01,6.568613155158270445e+01,7.353986573011688677e+01
4.987032326250854908e+01,4.370359207794975731e+01,3.048397788529237928e+01
4.016029832693049428e+01,3.040706299083815622e+01,4.435101603289744077e+01
3.247102323260033074e+01,3.641148633577316218e+01,4.361867160514510999e+01
1.000000000000000000e+02,9.321087726708665855e+01,8.765092112922684464e+01
6.563496132813956763e+01,6.015999559290121823e+01,6.357707381149615600e+01
3.513401642240706479e+01,4.500169544463572180e+01,3.776623264630653409e+01
6.856230888319183236e+01,7.257120253959740808e+01,6.143262270050663432e+01
4.742036621850834166e+01,4.600338843522861509e+01,3.648429189322487787e+01
6.239732851945165493e+01,6.784085978652677795e+01,6.558576968373594696e+01
7.935689457078571252e+01,8.931992665195049597e+01,8.853249923515792830e+01
7.979379275367745095e+01,7.619037409739071620e+01,8.272850804775470124e+01
7.666706873381826881e+01,7.953266854041275735e+01,8.499420019366134227e+01
4.103943883332858888e+01,3.944160971390289916e+01,2.933220545012639136e+01
7.559142133264543872e+01,5.001077774899830075e+01,6.867375218569462447e+01
4.439352395386426053e+01,4.160319600384234207e+01,4.165352057996818758e+01
3.806904436238907152e+01,3.993671207900219144e+01,3.629933748754738332e+01
6.674033629361879605e+01,8.280432286730388114e+01,8.490559721207439736e+01
2.746354840254095109e+01,3.552890301694683473e+01,5.563592729569158024e+01
9.319504584741700626e+01,8.223734163597782754e+01,8.207116449095757105e+01
7.204566894456462478e+01,8.551670582190917003e+01,9.353607515962161756e+01
7.156172923906608219e+01,5.192683001993782455e+01,6.726223795430706787e+01
7.432173105660288570e+01,5.273860434522308083e+01,6.304861793881642029e+01
3.947357343142252262e+01,4.053744887723185286e+01,3.690653086009373851e+01
5.942307323315842638e+01,5.267248557958411226e+01,6.770429084392540631e+01
9.054927707667866343e+01,9.112692101197745842e+01,9.498843645961282789e+01
7.938649138344413814e+01,8.233477964403132887e+01,5.470447754573791599e+01
3.191196965028073151e+01,3.702890687050058460e+01,3.006033210034072667e+01
3.757438706631602088e+01,4.876417929196647805e+01,4.440346808747828078e+01
5.865636618775646127e+01,6.172209376433217898e+01,6.308342486836121310e+01
8.408638107918514493e+01,7.603030005057857466e+01,1.000000000000000000e+02
4.598596274262924766e+01,3.629963006646539014e+01,3.838116992203614330e+01
6.093327108366764833e+01,7.782323914273840160e+01,5.242850228980793048e+01
5.273206441505175235e+01,5.602331108881923427e+01,6.312515609389401305e+01
3.508732179724505329e+01,2.712954632584022363e+01,4.534844274605388392e+01
5.340480126553099183e+01,6.072199378086641275e+01,6.329465180055755980e+01
8.361303561039156307e+01,9.224693647586863676e+01,9.180843430180142661e+01
7.233280353660725837e+01,9.579379637828292005e+01,8.564838071088561833e+01
8.048684147757752783e+01,7.402035510479157665e+01,9.110154300331096522e+01
8.179892738779901151e+01,5.544852991870899928e+01,4.875119325916540447e+01
2.288796221142454712e+01,5.126424583924492140e+01,4.294162583343771189e+01
5.717141167308036387e+01,6.541458662080292186e+01,6.870372799636903949e+01
3.169365639722784422e+01,4.134934132963760334e+01,4.907373624132678458e+01
7.497432220580385831e+01,7.228566361040077481e+01,7.150102090775821750e+01
6.974589360491899015e+01,7.618034894891508202e+01,6.174718502947229837e+01
8.664123306858415674e+01,8.678014935789776985e+01,8.047073262043755904e+01
8.445311083340082803e+01,7.443112045648500441e+01,1.000000000000000000e+02
7.004132565789223008e+01,6.518868347106733552e+01,6.460760466138131619e+01
3.996651395494588854e+01,6.319040490847616809e+01,5.012967022475656620e+01
3.998885878845320718e+01,4.788909053568614382e+01,3.553782923208461142e+01
7.054617475673748572e+01,6.745639726691989324e+01,6.649182974179797156e+01
6.908879149852604939e+01,7.466771247215977780e+01,7.425222818611455011e+01
2.191668194129718117e+01,3.847391631732361361e+01,3.869760802693914314e+01
5.172526719891846625e+01,7.696235735351217500e+01,5.300345435190354237e+01
6.956965816120359136e+01,6.739814176347159957e+01,5.727276406699915867e+01
7.919251317357667119e+01,8.678293378903089206e+01,8.057411301458739672e+01
3.929853662033674055e+01,4.631612861883850485e+01,4.552197181495085232e+01
6.030898321416636776e+01,6.393775009171102397e+01,6.214907595023503006e+01
5.840744664320091317e+01,6.869426767762301722e+01,8.251348862244869053e+01
3.677740263111345342e+01,3.539825727893773433e+01,3.704335658535656250e+01
3.783285098343250041e+01,3.811095926577611692e+01,3.412489794086959449e+01
3.096163681363158560e+01,3.481313269100059671e+01,5.406488732971470768e+01
2.865508213135983695e+01,3.205211252154865065e+01,3.736981692262644117e+01
7.165814434806304689e+01,7.986869293132981795e+01,6.478698598435677525e+01
8.374818318994411470e+01,8.899315975087922936e+01,1.000000000000000000e+02
4.157864104756816914e+01,5.711745395246170176e+01,3.305110727646172819e+01
4.739660285276148954e+01,3.762284210215886304e+01,3.617378289593444407e+01
3.397194144457396447e+01,2.841465982957874559e+01,3.098561313792047400e+01
3.715441347543172412e+01,4.268673005546418864e+01,1.655524499317779430e+01
6.206371915255559202e+01,6.431528154711355683e+01,5.333882114412217845e+01
3.227719044152988914e+01,4.042785301457519864e+01,2.332478276009220508e+01
3.902332889622886825e+01,2.245965207354073101e+01,3.561541653404141528e+01
3.383461741657924193e+01,3.027960378340901570e+01,3.346150638033682156e+01
7.149194993578656465e+01,6.397248624879171786e+01,7.627133548097147298e+01
7.945721988068450514e+01,8.581844185652846591e+01,7.945539162041883685e+01
8.660017964411720470e+01,7.812448721101013405e+01,7.905610171032806477e+01
4.278562412755854893e+01,3.787567620296611182e+01,4.262619169664824170e+01
8.898713347794837603e+01,1.000000000000000000e+02,7.716837869840068720e+01
5.010493535889880690e+01,5.518128721755237365e+01,6.824736707889586285e+01
3.448523798226126758e+01,4.335038262560438227e+01,4.317787242383193558e+01
6.237638330153622235e+01,6.617531811140705145e+01,5.706540114373355976e+01
6.901538639777295714e+01,6.625949528282106371e+01,6.120332421108104626e+01
5.823180307573758085e+01,7.723482763285451824e+01,5.415901280236022330e+01
5.397994349710844375e+01,5.564587512590743756e+01,4.519030720222895070e+01
6.796144801404575730e+01,5.842916547824916051e+01,6.091764201744185669e+01
8.103538004949166407e+01,7.991522556903667862e+01,8.452803843970505682e+01
9.188155050807218061e+01,8.182418867514033423e+01,8.988599088508755131e+01
4.360196013630038436e+01,3.435615480775710040e+01,4.816058733143894699e+01
3.667969512973163404e+01,1.902676862476656794e+01,4.098586584121236598e+01
4.843626957233665564e+01,4.259902099525461239e+01,3.299260468734611607e+01
4.449287000599680653e+01,4.656340503466167036e+01,4.797434148560695633e+01
7.108973240145222405e+01,5.970023921110318099e+01,6.696430707818576877e+01
5.964131631253560073e+01,6.361485624792636884e+01,6.359803230194239632e+01
9.158278333517766612e+01,7.560201793025228767e+01,6.189350904025965150e+01
6.630797556867558740e+01,6.811211755770793275e+01,6.835688207826696328e+01
6.258539057720651044e+01,4.728242995772198043e+01,7.437789707891019475e+01
7.450673763846495490e+01,5.536237764333692724e+01,7.286851118947055284e+01
7.721058713798203144e+01,5.500654724293863040e+01,6.851081431676479383e+01
8.865667485574607554e+01,7.550934785951349681e+01,8.827070894352628727e+01
4.443837217380250593e+01,4.541291641421220504e+01,3.484111754690136564e+01
3.951261556233652072e+01,3.646894150107240051e+01,4.121232636612212730e+01
7.907944051986820000e+01,7.954008613457806121e+01,9.212315943800344087e+01
6.845162747059440278e+01,7.782372755487588734e+01,8.716416173758510411e+01
6.927913689442303280e+01,7.265317911876171308e+01,6.513263748165965694e+01
9.261961333686365094e+01,8.283494396100540769e+01,8.083307219992184400e+01
6.641663423409454481e+01,7.568290063272118573e+01,6.809214348345962264e+01
4.790670192969216146e+01,4.229274837835141199e+01,3.490744538096132032e+01
6.840472200294614424e+01,6.411986567395364034e+01,6.297697224439693287e+01
8.870490203411659991e+01,8.699697922388300242e+01,7.211822970891964246e+01
6.195084410351059745e+01,6.417397095631264392e+01,6.612420517482858884e+01
5.684225522306685718e+01,5.658749604369248942e+01,6.712351424616686302e+01
6.632935295807014597e+01,6.472611967133167354e+01,6.101536138001348064e+01
6.923794259247857497e+01,8.124290752802481563e+01,7.156457278411920697e+01
6.929467797547141572e+01,6.321960626522536586e+01,5.943375688316162098e+01
7.453741737216323315e+01,5.388349595283763449e+01,5.193979890946867073e+01
8.489079104065230297e+01,7.496909763608141475e+01,7.700988777831094012e+01
9.367941228795106667e+01,8.370366249806914993e+01,7.505798999716792252e+01
2.892311241572549463e+01,2.893812084457378120e+01,4.497240608367900450e+01
6.537644176722820077e+01,6.695848530497121942e+01,5.914114975188305579e+01
5.304220840582689789e+01,4.323423506439936403e+01,4.209888286882411990e+01
6.080662641341028518e+01,6.803185806856055251e+01,6.264549300530698162e+01
4.200147253502365885e+01,5.657236337752194544e+01,6.888836054614256454e+01
6.826504066380567792e+01,6.205821370019520344e+01,6.374493892384609239e+01
2.981638057008213849e+01,3.484435388093827157e+01,3.459002642109107484e+01
2.566373715292937163e+01,3.623709589087524563e+01,4.022150896860858182e+01
7.695435368419944666e+01,6.290191088784409601e+01,7.944296853520452828e+01
5.997506271258888688e+01,5.311715364737182909e+01,6.726520445320548447e+01
6.782311936826683052e+01,7.461148840796336401e+01,7.883361695695498383e+01
8.593391106004173707e+01,7.675353562460577450e+01,1.000000000000000000e+02
3.851063149868705437e+01,3.482592866816342791e+01,4.418303733534083477e+01
8.406319078310423265e+01,7.985204350488110947e+01,8.843362274516988464e+01
7.081384861859604030e+01,6.034280794913861001e+01,6.123971534618942769e+01
7.661029363576280105e+01,6.399520275754487386e+01,6.810303565514590218e+01
6.442813730680718720e+01,6.455273684579344717e+01,7.487713495772364070e+01
8.786260549458953051e+01,9.117408962255932181e+01,8.862476446159170962e+01
7.405979734434906447e+01,6.341709037008266847e+01,5.925217895871317353e+01
5.983054911271781862e+01,6.607827182260884058e+01,5.960877049144563955e+01
8.314300475736548890e+01,8.053620280209760551e+01,7.769560718187860004e+01
4.617226607809535466e+01,4.647297048792194829e+01,3.883351633528947389e+01
5.990344035996125882e+01,5.890811336736861392e+01,6.508107464987375579e+01
4.381282373859183821e+01,4.011744111911769295e+01,3.368010916905917895e+01
4.045129253735656505e+01,4.196296807196265632e+01,2.578881362926164300e+01
9.520604329071269945e+01,8.286416255092555616e+01,9.079563582132360011e+01
8.894532708485417061e+01,8.913855161565706453e+01,9.359816990350034871e+01
6.132121825882914834e+01,6.314271012259567328e+01,5.324776034209584452e+01
8.039649724480804593e+01,7.869837314442985132e+01,6.911627627267583307e+01
6.201484581643006777e+01,6.448015215207617246e+01,5.241089523278368745e+01
8.621262646123831530e+01,8.277015776970796423e+01,8.644771271137992130e+01
8.806364274769727274e+01,8.843590797291317074e+01,7.560994002446003037e+01
4.960783040775751118e+01,5.430265776006103806e+01,6.045780432287242689e+01
9.109665092835943767e+01,8.482573838020654478e+01,8.503262220130170590e+01
7.527023118452375172e+01,7.621492502106579536e+01,5.775159199786391184e+01
3.889562339774773392e+01,3.745061527538556589e+01,3.864330902002167534e+01
6.756761136451555672e+01,6.980972680793199459e+01,6.412064546072190296e+01
8.341382901831246954e+01,8.078906839143662921e+01,8.013620794667559721e+01
5.560111187340014993e+01,3.465300253360372551e+01,4.723934814955107697e+01
9.597759840892267391e+01,6.914056191350314862e+01,7.463343895871167888e+01
3.764521821178200156e+01,3.635075043107713810e+01,4.350124538827444809e+01
7.298093661654800712e+01,6.185372342981553828e+01,6.027650690207909889e+01
7.729271487164608345e+01,8.129643306380768308e+01,7.578679264903878732e+01
3.295009242051159504e+01,4.173952332242608776e+01,3.971340202667235530e+01
6.554087039022564909e+01,7.915319337615362372e+01,5.696350284136016029e+01
3.937301577499389538e+01,3.849600718786560094e+01,4.201959451673914003e+01
8.331629795877239530e+01,5.745359810537076584e+01,5.372761815124320606e+01
2.518270515679038724e+01,3.739441511941016927e+01,3.738155655795981147e+01
4.093584187219109793e+01,2.205737902711653220e+01,2.942243227130040850e+01
7.415397006516496958e+01,6.681520812770237683e+01,6.129672216617125713e+01
9.748714460479048682e+01,7.418802068033983232e+01,7.659915782583023258e+01
7.419849283092285930e+01,6.522776632887541837e+01,6.735807089644242751e+01
6.399241365420041916e+01,5.984277822118330903e+01,6.173644943095454352e+01
4.394745590546956038e+01,3.967726090772789860e+01,2.243853002782233119e+01
9.808629499985650568e+01,8.907724694760013051e+01,8.665161865171437228e+01
4.265357262971674857e+01,3.982633232089838060e+01,3.468529456341603634e+01
4.513853717200395721e+01,4.530020903825024448e+01,2.782148615513552414e+01
3.866579412798410686e+01,4.599812442926498335e+01,4.313196829878485516e+01
8.803439950932404656e+01,8.851437958097881165e+01,1.000000000000000000e+02
3.045491171431793731e+01,3.909224036487940879e+01,4.982632925546500502e+01
3.430318366496848626e+01,5.096432790891305586e+01,3.612775894741859162e+01
3.927455324313712026e+01,4.019027727547084794e+01,4.915632111446316088e+01
7.183308419967048053e+01,9.614839591571228539e+01,8.235495974562132915e+01
1.000000000000000000e+02,7.779690744903824395e+01,8.850169888299281240e+01
8.537862095255880490e+01,7.615167452491969868e+01,6.949045388932165679e+01
7.217572981742175386e+01,8.844026058263426648e+01,8.859751140786335100e+01
2.723234272315026061e+01,4.476228848270431371e+01,4.533029826010515251e+01
6.594064808765190833e+01,6.965451855103069079e+01,5.751029448752592543e+01
4.027368094666238818e+01,4.556965969468867428e+01,4.865937161293558688e+01
5.696064616840631345e+01,5.111648206864049371e+01,3.794145691787461772e+01
5.288927166946545100e+01,6.756575248580637094e+01,6.683605659654728015e+01
4.195248180785414149e+01,4.402653891243350159e+01,4.205238577483331852e+01
5.476544545529723962e+01,6.671772317644250450e+01,6.714817182768612724e+01
7.601407761840653166e+01,7.430254985694989500e+01,6.510439405866736706e+01
7.704611548688747291e+01,7.963767435177062737e+01,8.739907023514889772e+01
6.810245399401017607e+01,9.089944333095219520e+01,7.969767625317254556e+01
6.204757611704977194e+01,5.135072187700664159e+01,4.683722446245032245e+01
5.701333356004998620e+01,6.562883162269352511e+01,6.581645608878235976e+01
5.581094391175896874e+01,6.950041489525877125e+01,5.923289314553578322e+01
7.317702616421019002e+01,6.493665812072541144e+01,4.342206353249195416e+01
3.546629579751880357e+01,3.495230722294295589e+01,4.845751416193093064e+01
7.802208982079439181e+01,7.756078109443926394e+01,9.710769050075143127e+01
5.225758857166678695e+01,6.365363908153032213e+01,6.581951772583323645e+01
5.966594921933253204e+01,6.860411370504566264e+01,6.675130017244531189e+01
4.271846859592344714e+01,4.368174911548050687e+01,4.795480374499454967e+01
4.908880040563851566e+01,5.705569037484223571e+01,5.082734112841141894e+01
3.267900272416399332e+01,4.325811114988374584e+01,4.309646983516594787e+01
6.818783857712016072e+01,4.937276379416500305e+01,6.725678173169939100e+01
7.788955148348976820e+01,6.699911515423406172e+01,5.749847408586498432e+01
3.725771079308496780e+01,2.818513746523414554e+01,4.853777933257586596e+01
8.789810861827616861e+01,6.624660055712166695e+01,6.022886360173249898e+01
4.188358694647943992e+01,5.288892918799696474e+01,3.022100549968077488e+01
8.509139213500003507e+01,7.316161633164867339e+01,6.634305827860313798e+01
3.170404876273025252e+01,4.386108399564620441e+01,3.513976767235666898e+01
2.946686857073591881e+01,3.170618522593051836e+01,3.575466488208725480e+01
2.407350403900801794e+01,2.803951335818236146e+01,5.091089783851127493e+01
4.413362254918772720e+01,2.224420593101557841e+01,5.175949784752985039e+01
9.472195682548463935e+01,7.913793627587985213e+01,9.007968267724409372e+01
8.560907125423172204e+01,8.156831449863035743e+01,7.996297718978541980e+01
7.406073543968314254e+01,9.990813960279162131e+01,8.876584430197162590e+01
3.282843875100582665e+01,3.057768185839303143e+01,4.250589221899773662e+01
9.671606450103479347e+01,8.304292560080637031e+01,7.498531759009952680e+01
3.726127249068893832e+01,3.934729784251903340e+01,2.635478227187586242e+01
4.189460893430422317e+01,5.522325969819334546e+01,3.637249361305125461e+01
3.164844742825086144e+01,3.968720863026757684e+01,3.927846069298089304e+01
6.636280207939771003e+01,7.032375341800803881e+01,7.364846136040397084e+01
5.598772699796744234e+01,4.801367376011870647e+01,4.755457881694611189e+01
4.961306178821589441e+01,6.370665875370442421e+01,6.711661795704398514e+01
3.866721353880305401e+01,4.838611501112647773e+01,3.424451554786483598e+01
3.795690870516585846e+01,4.670132693502380050e+01,4.111888464607547888e+01
4.649132305343774618e+01,4.513057110772284375e+01,4.933253708083167055e+01
4.867612128743972733e+01,2.587823747757720838e+01,4.779055257373847354e+01
4.560828821497685226e+01,4.894267520439777996e+01,3.751274662341941735e+01
4.016958914809892889e+01,1.844797905846009556e+01,4.994264307094591970e+01
3.933985811347518791e+01,2.899595877269091204e+01,4.677729194455602624e+01
5.283098976491974952e+01,7.210759658345764933e+01,6.792640586474956876e+01
7.042245933861745755e+01,6.285630553796006126e+01,7.698544504141193556e+01
5.889023063046091977e+01,7.777958644851531744e+01,7.773013764531303593e+01
6.312333521108948275e+01,6.655434482735617507e+01,6.457377164184126173e+01
1.000000000000000000e+02,8.304184949534145233e+01,8.867955355841375820e+01
6.798002471899066279e+01,8.223454192165822008e+01,6.249915575056063943e+01
2.764016112950716320e+01,3.457057870483217243e+01,5.061419680363833606e+01
3.125010350626663325e+01,4.821524597056495764e+01,2.462796375561089235e+01
8.032683355244968482e+01,8.459518578316331627e+01,9.043887495994371761e+01
5.871526014973617436e+01,6.427252478050068873e+01,7.210763544776337142e+01
6.843490006714621643e+01,7.856617544501952466e+01,6.075317114018206155e+01
4.505030580670832308e+01,2.834275344115467021e+01,3.744263026914158843e+01
4.449839875780909182e+01,4.776129178724784197e+01,3.883101670867673505e+01
7.868460727193803450e+01,7.725995177167212091e+01,6.976701948519105656e+01
7.029828325179536819e+01,6.354703817119485620e+01,5.705124172443534292e+01
7.143062476130893401e+01,6.104160579580357648e+01,6.059193664490660325e+01
3.956521547892742774e+01,4.888312777885970206e+01,6.030786583542361257e+01
3.908310112799741631e+01,4.715656792091808569e+01,3.276699754752205251e+01
7.103372212416522302e+01,9.081831751868170954e+01,7.903062437379077210e+01
8.069298604814220255e+01,7.835914503157943045e+01,7.273623317502172370e+01
9.982030961845292438e+01,8.740000022905537946e+01,7.405763492769466438e+01
8.445293315301822190e+01,8.658389771342423558e+01,8.538629611224253324e+01
4.694541423781334544e+01,4.721893933708255986e+01,4.504489889986666640e+01
8.344771987288858384e+01,7.081656675634063447e+01,7.267871271791777588e+01
4.027326354832631239e+01,1.914107576745212924e+01,3.132030957234738722e+01
6.155005470725717487e+01,5.757803838280577224e+01,7.555623339223851076e+01
9.446847938460656735e+01,9.637236846340758234e+01,7.628526865859018358e+01
7.687606575585419932e+01,8.047613184371876116e+01,8.950056345542193981e+01
7.975446931559092434e+01,8.908206859757102336e+01,8.617225045181380949e+01
5.874729694219843168e+01,8.041918203195004367e+01,5.147510077539195095e+01
3.571428101784479736e+01,3.279172776596038119e+01,5.260542073736527868e+01
7.397668039621900959e+01,8.037332334751360463e+01,8.827461818084957201e+01
8.114088212306677406e+01,8.522651436808183689e+01,9.235767373281817072e+01
5.000287859613598584e+01,5.047584272373377701e+01,4.537085579958500858e+01
8.592560766200381295e+01,8.966192371723170140e+01,8.979751421651180010e+01
8.397759411350321557e+01,9.337440361767031050e+01,7.563878864445115369e+01
5.900299493390439665e+01,5.863635066612467739e+01,8.391964486278712343e+01
5.460550683203938149e+01,6.413519929184087687e+01,6.233346352630721299e+01
3.689769635560567451e+01,3.293440295075900082e+01,4.631126306706591578e+01
5.370320246732772773e+01,6.281426533442445503e+01,6.125580168768100719e+01
5.200988691061768066e+01,4.321542626463050141e+01,3.390243255170200598e+01
6.095719195682314506e+01,7.051578851526213043e+01,6.935555130807119895e+01
8.346523215856362299e+01,7.994752156238018870e+01,9.032050468019363620e+01
6.784883593944645952e+01,7.448641634279461243e+01,8.064448670854150691e+01
9.656252495441935935e+01,9.500376150247953433e+01,6.894211453637677778e+01
6.321717375140033823e+01,6.486940482553131915e+01,6.989222359185653488e+01
5.807400222568748660e+01,5.766280897734856836e+01,5.949723243980565712e+01
3.889830847375546341e+01,2.457983091426602584e+01,2.835554462950328514e+01
7.068129982612600770e+01,6.933335320856103579e+01,6.480575248129439103e+01
4.806934684763871246e+01,4.387562751398737504e+01,4.974180149960908892e+01
3.478472729584143508e+01,3.450457200110626133e+01,4.330778634484403256e+01
3.828837484911350941e+01,4.531433841644508220e+01,3.531849240858390715e+01
6.927342794216205846e+01,6.285890935136590230e+01,6.435335195505210493e+01
9.264680188271634620e+01,8.222821481530223764e+01,8.694840880665275051e+01
7.575427215039627526e+01,7.965021273388958889e+01,8.094821332708187356e+01
3.869867263564074022e+01,3.150068470512349705e+01,3.576448458107140738e+01
6.132314195623662556e+01,7.193157608855817386e+01,5.514442115592385818e+01
7.442953419733126452e+01,6.943954881612745567e+01,5.206583255033265800e+01
8.209720624245842657e+01,9.547898098292947111e+01,7.514296485249852253e+01
4.796507844894266270e+01,3.447907567078443236e+01,2.811568672382180978e+01
8.116721600368782674e+01,7.519821553371994582e+01,6.337181095794284857e+01
5.605758259756136397e+01,6.674229266869348010e+01,7.479111034920001089e+01
6.268545036615135757e+01,6.665388473289388571e+01,6.978936743897581607e+01
7.386901757968932714e+01,7.452142436953209881e+01,7.040344377021420996e+01
4.916792246650047815e+01,2.998518230256070893e+01,3.788739224006510398e+01
7.248624050854503764e+01,6.354214362233688007e+01,6.198685317556074637e+01
7.308096351463190388e+01,8.889829973513167261e+01,9.965602628044585742e+01
2.918563259149352263e+01,3.040791685987990434e+01,3.167101491240967448e+01
8.099904445439619849e+01,8.430972672638340271e+01,8.437869968364103102e+01
8.355608193089355495e+01,9.095326550807990884e+01,8.842988433056422082e+01
3.835649953705895854e+01,3.239982356071534753e+01,3.728773539279549709e+01
7.289844555263684356e+01,6.896315692027633304e+01,6.573717990427608981e+01
7.123288148365335815e+01,7.406015233790634511e+01,6.445453001659323888e+01
3.566335362244399221e+01,3.241850931488659171e+01,6.419025162097912585e+01
6.763972458824983391e+01,5.092822435004518411e+01,7.586119306327533707e+01
3.978053316653021199e+01,4.243548418251052112e+01,3.410981506769331872e+01
7.536972545231088816e+01,6.479986621745186426e+01,6.497017601611442217e+01
7.672857827900990912e+01,7.742143944989734905e+01,6.373748144225843504e+01
5.893911773689373490e+01,5.396953013775818420e+01,6.582476826007842874e+01
4.961621827176379185e+01,2.870368389696388078e+01,5.674789323016644005e+01
4.119873931189823679e+01,4.328937534412770560e+01,4.094678330710563330e+01
6.654810818424945751e+01,6.568426049515538523e+01,6.170709550310522218e+01
4.069204433537169763e+01,4.261607895031451676e+01,3.365979335633668512e+01
5.747247685605628220e+01,5.369381132348396335e+01,4.816012043329662617e+01
3.802540963590731593e+01,4.390393096643669679e+01,3.136834250361092913e+01
3.689093455146545608e+01,5.181914931979735428e+01,4.405266523352202768e+01
4.742289095011323496e+01,6.494086961722628359e+01,6.903385943904257260e+01
3.512919273483714022e+01,4.134564645689004436e+01,4.683507728542697635e+01
8.727862471175926373e+01,7.979145762980832046e+01,9.738613676981705680e+01
8.648789965190289308e+01,7.452098705968080594e+01,9.444185714072051496e+01
7.269047015453610072e+01,7.069731888591242353e+01,7.486777484705095276e+01
6.686901080995450286e+01,5.951162514272461124e+01,6.506839994695042151e+01
6.777665458798404075e+01,6.456461991774469311e+01,6.167594097727851477e+01
3.642907875977251564e+01,3.503841236356867483e+01,4.118543102297132208e+01
6.307266630617970549e+01,6.352571346197898094e+01,6.645555542807952065e+01
9.138746513969394414e+01,8.318536198107437940e+01,7.661391805153986923e+01
4.913936771305738205e+01,5.642995184644216522e+01,6.023793930472966451e+01
4.364047885530568749e+01,2.425888642646479809e+01,3.190738216351843093e+01
3.280447808344730021e+01,3.733922671382789815e+01,5.722774341736702297e+01
6.432037279433669141e+01,6.367700367485348067e+01,7.926424794072752888e+01
8.703916060539069122e+01,8.246711271498843132e+01,8.604390155171608967e+01
6.813677444207824863e+01,6.526036025409538865e+01,6.292342947503084361e+01
3.864537842585221483e+01,4.664902748198985449e+01,4.432371347222449742e+01
3.873092130369049357e+01,3.171476997739350878e+01,2.660253644236514248e+01
6.451782430315820704e+01,2.923363521995993963e+01,3.899921023334574244e+01
3.305927250189380828e+01,4.056396983216931318e+01,3.503190596154100689e+01
5.332810614280313644e+01,6.277637173873201704e+01,6.589870188981205956e+01
7.086007500086768118e+01,6.440636647603157883e+01,6.125415110615107039e+01
6.826603062837592972e+01,5.570747893409846796e+01,7.938159870235843130e+01
9.261440269207145093e+01,7.601147134183923981e+01,7.858306767167256623e+01
7.683647716510611758e+01,6.260037493613612725e+01,5.947599470069950200e+01
3.387830364329582267e+01,3.497945117811330107e+01,4.000526566578405152e+01
6.360740027700271781e+01,5.884372016127439764e+01,6.340742729618028051e+01
3.919761866045273280e+01,3.908542265596202014e+01,4.085684024007577619e+01
3.531158688019553438e+01,4.131456527505532961e+01,3.487607942515658976e+01
4.840730160630397449e+01,3.467913462377648415e+01,4.734465568280305803e+01
9.053525093140088131e+01,7.849945739363796804e+01,8.509921555855076747e+01
4.121505186631433304e+01,3.470736892461150092e+01,5.182269040006618610e+01
6.222585098773274837e+01,5.780906860429657002e+01,6.331688092887372932e+01
5.299598276765404847e+01,4.162691619756568429e+01,4.459483426623388169e+01
8.287804788117121291e+01,8.546190195884534546e+01,9.542547278174284031e+01
4.166932719171186505e+01,4.608920439845056194e+01,3.769157775794879939e+01
9.242871938371374085e+01,8.258283917250179229e+01,9.775641624433860954e+01
6.327378519077166885e+01,6.982940385724486987e+01,6.221383577229347850e+01
6.805065852099620827e+01,6.825255295281611723e+01,6.609369942994847236e+01
7.407928345901754597e+01,5.877035176235619929e+01,5.847119620187560685e+01
6.768348853426235223e+01,6.784628568995552200e+01,7.100147892171699482e+01
3.119991877000434499e+01,4.669404824976709989e+01,4.420051287987151767e+01
6.545160543879154602e+01,7.780973522960970001e+01,6.898116062428961470e+01
3.686219189663773221e+01,2.514551678447867289e+01,3.456816548518414578e+01
6.248147159874019962e+01,7.099298537549265120e+01,6.043222883850130245e+01
3.877415231793428774e+01,3.340695422928418878e+01,3.001005911433830775e+01
8.808534981128482855e+01,7.544125935257574156e+01,8.744995021917863198e+01
4.381695630303576650e+01,3.742381897089492071e+01,3.481265500025275372e+01
7.518256642983270410e+01,5.795849640691026394e+01,6.669226031532416243e+01
8.594135699762735214e+01,8.823505135986009407e+01,9.463231246274244768e+01
6.929820809564921547e+01,5.782258846875400593e+01,6.236814166598397691e+01
4.148490806152784671e+01,3.575086233313928830e+01,3.542923153705714157e+01
6.118890062055621826e+01,6.412235814643580056e+01,7.672578351221200421e+01
6.831599374476631681e+01,7.499729628527899195e+01,5.195368899749872327e+01
5.512367194619561417e+01,4.594083967388233702e+01,4.035311117332474851e+01
8.705815167606776583e+01,8.167808434123756456e+01,8.585558419374096673e+01
4.888123292706141854e+01,3.829130033693407853e+01,5.465040256461920620e+01
9.556720165313429050e+01,7.327716730403966494e+01,9.910227461997257592e+01
7.889273025138194839e+01,8.124254319722004425e+01,8.077671585913545016e+01
5.087668289271974942e+01,5.784218515497497748e+01,5.734826133756982358e+01
7.272918424798943704e+01,6.378019800526730876e+01,5.546622045530623524e+01
6.808785355269958472e+01,5.940043731932838966e+01,6.067791403714899445e+01
4.750233230820041541e+01,4.665660150633384973e+01,4.156000053734152289e+01
8.930081180391537998e+01,7.900202859540566180e+01,8.623675445653967131e+01
8.208426223909521013e+01,7.328326793252205107e+01,8.224994544996869195e+01
7.296125882692372500e+01,6.151231617561216325e+01,5.867498679975766862e+01
7.643312059344791010e+01,8.322894440616073553e+01,8.505867254743616002e+01
6.488328071657508644e+01,7.143893078832856247e+01,6.681775949679020243e+01
4.791843521530593364e+01,6.324351732060804210e+01,6.522865415639556375e+01
3.827658757211633400e+01,3.470621121449484292e+01,3.726788948494879605e+01
8.615637788774635908e+01,7.653594741786717748e+01,1.000000000000000000e+02
6.844527188262706829e+01,8.090207389805034666e+01,7.283407442603035520e+01
6.364031999129565520e+01,5.368794354766878740e+01,7.263126637855660306e+01
3.594818308091878123e+01,4.832260985775828033e+01,4.372531761822683194e+01
4.311444312883528340e+01,4.172558971108761483e+01,3.966464231006136743e+01
5.717868752582588598e+01,5.833981007847539502e+01,6.800393638745514124e+01
1.000000000000000000e+02,8.765279899982994039e+01,6.708618702970323966e+01
5.613019092566168666e+01,6.752885160339508275e+01,7.088357450884045363e+01
8.916526713921435032e+01,7.490957297579279839e+01,8.804226500472682915e+01
8.253696646485718702e+01,8.788398918639759927e+01,6.353947009618887876e+01
3.783875896530322791e+01,5.417072993814146997e+01,3.921243198153696596e+01
4.458981165321033302e+01,3.407386716988366260e+01,4.154967572908125817e+01
5.364682144435651168e+01,4.359982673077238502e+01,4.450650458813139920e+01
7.664994218135025505e+01,7.574924882472664933e+01,8.521113779240781128e+01
9.493157037386411901e+01,8.963069722001910122e+01,1.000000000000000000e+02
6.107792603532000442e+01,4.444729625039553866e+01,3.628959646918852400e+01
3.750601672876358350e+01,4.694300880052090008e+01,2.730834684358239883e+01
5.205414873694848410e+01,3.218111504245638343e+01,4.862748861126944178e+01
8.238789069514700714e+01,6.441981126569807259e+01,6.829471419124736542e+01
6.959807452432519881e+01,7.255958217188661763e+01,7.089258735621169194e+01
7.273934609353069902e+01,7.484331710095089818e+01,7.790772940273731706e+01
6.231856184334070292e+01,7.214845617086656659e+01,5.716978593851129631e+01
5.266897918028987391e+01,6.676879237414571833e+01,5.895430832654906084e+01
8.086415751065486290e+01,7.776046225746323159e+01,9.772372576126178956e+01
8.824505323941782819e+01,8.845694736974422767e+01,1.000000000000000000e+02
5.777548657765100870e+01,7.349841600907987527e+01,7.892115016673149341e+01
6.569377098825223982e+01,7.310175855326961880e+01,6.905173723667917329e+01
6.554341460075815462e+01,6.695480325693159784e+01,6.545731952214455873e+01
4.804485644933527055e+01,6.406632584892062710e+01,5.853166782449066119e+01
7.960388528603313318e+01,8.323014013600365502e+01,8.932963973553191295e+01
6.902715467592678067e+01,8.414832797296087108e+01,7.903837534001507947e+01
8.452299673922316003e+01,9.075197731094147002e+01,8.224001847465956416e+01
7.646574069703264342e+01,7.022929350034456775e+01,6.793482975154985581e+01
4.197605365987339354e+01,3.411398407799744348e+01,4.561080670675860915e+01
4.986448219858218067e+01,5.104433752618274411e+01,4.423841215958024264e+01
6.764401947817715666e+01,7.155652845049448274e+01,7.072205909476107877e+01
9.309169592707820584e+01,8.484201201615989874e+01,9.398128547649788800e+01
5.733462601485942400e+01,5.821452972772607382e+01,7.019584639951945348e+01
4.990528241191879744e+01,3.467950623710701308e+01,4.749901573535718313e+01
8.418117634532384841e+01,8.599421817233219656e+01,7.407703868916594558e+01
7.178337403266274919e+01,5.031774562051109712e+01,7.336087535011452587e+01
6.198161529711379103e+01,6.132567430138996656e+01,5.606144796819067722e+01
4.988197910648217714e+01,4.010684473234937997e+01,4.883952391166180007e+01
8.687678707350470120e+01,8.762639076723597498e+01,7.805648060954339940e+01
2.143715190091084111e+01,3.229089244504956469e+01,3.267875107323258987e+01
4.726881087913689328e+01,4.024868470216922134e+01,4.222860731609444684e+01
8.869994123657592411e+01,9.188373362515805809e+01,9.668186868498031572e+01
2.660042948019715325e+01,3.718158682631900547e+01,2.721822625700606579e+01
5.237289128610859734e+01,4.707027969009568835e+01,3.689751451700581697e+01
5.928267591026726535e+01,3.529408297874547884e+01,4.318505341606658732e+01
5.489283949386413042e+01,6.490663589336665495e+01,7.392023699504565570e+01
5.838032115549263068e+01,6.583970439161488741e+01,6.096076349638566683e+01
6.680465445365091171e+01,6.676970721914008777e+01,6.324143528612812304e+01
8.395519501501317450e+01,7.476808951362713174e+01,8.375184400952522878e+01
5.077858593290847011e+01,5.440792480550989296e+01,4.358513715701364788e+01
6.143247239243800806e+01,6.523734246608812271e+01,6.121032818745639048e+01
5.057708715262781141e+01,4.508674670612745672e+01,3.047612996249315742e+01
5.383846524847110260e+01,8.125025378434823153e+01,7.245757080021671470e+01
8.806626844624662453e+01,4.496648064282966573e+01,6.686517597068360885e+01
7.289624562399144736e+01,8.893758752485138075e+01,8.901416020621465464e+01
4.857050275498085767e+01,3.151445995014540102e+01,2.383408108926866120e+01
7.342048869804808930e+01,6.810407911864618313e+01,5.537511042287989937e+01
8.898679894790181777e+01,9.474791937442580547e+01,8.175931865764898987e+01
4.950180074609549052e+01,3.183501584389330219e+01,2.512131674763497102e+01
7.109200177739153048e+01,6.056221820315902704e+01,7.850223829464259495e+01
5.050653172396211232e+01,7.313572043510291110e+01,5.745179967272807176e+01
4.064066099698468548e+01,2.299991900077586848e+01,4.487112413261624511e+01
6.082133060618102860e+01,6.026957782654583440e+01,4.858968435162378796e+01
8.854207517027646190e+01,8.730749559314745056e+01,9.200469338494089300e+01
4.582228920248151383e+01,3.957633069069577658e+01,4.929387832011759230e+01
3.213518457873379930e+01,4.221131491403003366e+01,4.796431462530145495e+01
6.203586472504652249e+01,5.731434280419539817e+01,8.077545481575521080e+01
4.231133333734965163e+01,4.995957902917156446e+01,3.654928449408391344e+01
7.093546341192197247e+01,7.242860893250475840e+01,7.538801324955420569e+01
8.414538211260320111e+01,9.596375717925062077e+01,9.264481448247251194e+01
3.875895768374079609e+01,5.144735215059481703e+01,5.094775515012103995e+01
3.304659273015478504e+01,3.791590276640224744e+01,4.758279875347244570e+01
7.634908249651162748e+01,7.257948509243259139e+01,5.524746482035933326e+01
6.697842311277163674e+01,6.352737695402146301e+01,6.186778525078633351e+01
4.279646358905647929e+01,3.630405598116590937e+01,4.039980779765276253e+01
2.685402424115626729e+01,4.489875936078760787e+01,4.766809003024084745e+01
8.206328849028264472e+01,7.728522064691017590e+01,6.089829555092440927e+01
2.785307881968007138e+01,2.892701258393176289e+01,3.680828179738466588e+01
6.704292894144447246e+01,6.152307044015788051e+01,6.687383753156936450e+01
5.656866079373291711e+01,4.023800595727089302e+01,3.788796406185763033e+01
5.060027626948438950e+01,6.209587996505492669e+01,6.443827227781254408e+01
2.528276008158028532e+01,2.813146651158717404e+01,4.530572352205196296e+01
5.959391668295175037e+01,4.812996627231662927e+01,6.014642904744177088e+01
8.079513703001302360e+01,9.644706098817299278e+01,8.699208565939676419e+01
4.610341185869549463e+01,4.358479491148963092e+01,2.651522146092153420e+01
3.297795147577138408e+01,5.284959328013192703e+01,4.833884253623747895e+01
8.911713459087444278e+01,7.634126114554648268e+01,8.850606415811273564e+01
4.176949188272934066e+01,3.667131902986776737e+01,4.270141614963755927e+01
4.148866314952238810e+01,2.804675754760266670e+01,3.908203435199927611e+01
8.065075283252210170e+01,8.643674587262226794e+01,7.502756559020636473e+01
3.695075753838056443e+01,4.807748590815057810e+01,2.838837340501382300e+01
9.530627532142929681e+01,8.521228225829590031e+01,7.900785772391722617e+01
6.729770664903637112e+01,6.938832889082591748e+01,4.863210555674330493e+01
6.326293526277991930e+01,7.379296829240702493e+01,5.783261499042166776e+01
8.721324152772371008e+01,9.060551438549940428e+01,8.667179281173605432e+01
3.269697610624938022e+01,4.181428836887308620e+01,5.055210558193117265e+01
7.505056442303310860e+01,8.804435823472563527e+01,6.795687837832551281e+01
3.951161611431274423e+01,4.051107380402665115e+01,5.346998498099987529e+01
6.693300513747240643e+01,5.717018109802796744e+01,5.104639898092783312e+01
5.642147985556712797e+01,4.137568265949647639e+01,3.730139870345195163e+01
7.135941590180010508e+01,6.495804061991880474e+01,6.904847216394428244e+01
4.259745322583079741e+01,4.893684649164825373e+01,4.918796238864280923e+01
8.526222229036005729e+01,8.920466863882721498e+01,8.582756083723980112e+01
5.314474621521735287e+01,6.600379038731617243e+01,6.398138544802016270e+01
3.287983400189117589e+01,1.789859595461005526e+01,3.652240421021492978e+01
6.826737348990857868e+01,6.141091557714909044e+01,7.725032142333274976e+01
4.220625129540671594e+01,5.643200230777473791e+01,4.366588381828688625e+01
8.710023613718477975e+01,8.915511264995784302e+01,8.715788179309176087e+01
6.685042633745489127e+01,5.820940490750358975e+01,6.310750405161444121e+01
7.980851874904320198e+01,6.902994371242103000e+01,7.704078851354347535e+01
3.714988823150859076e+01,4.590012454773669504e+01,3.253105855992098583e+01
7.541731418436700096e+01,6.436456033894233997e+01,7.984166537494601812e+01
4.246810691690632211e+01,2.650427009113167998e+01,3.848543741945681518e+01
4.906209844885321303e+01,4.738451761501319481e+01,3.153567678896567372e+01
4.278648078832704016e+01,2.824800495282310209e+01,3.693177765422563397e+01
5.237053523078539996e+01,7.384457074513287012e+01,6.921744648617578832e+01
5.624949994647832341e+01,5.424402380594254680e+01,5.300822123161351840e+01
3.654432499476866525e+01,3.234803349138910278e+01,5.647812719471792775e+01
6.111849055066286951e+01,5.014647805449291695e+01,7.517654309341763508e+01
6.229925223641494370e+01,7.292181593649323190e+01,7.949325749228761140e+01
4.342108975103796098e+01,3.743807406158853723e+01,5.407637815559439787e+01
9.085979775988688800e+01,9.076056066162971092e+01,8.495370471648509181e+01
4.613458297427394683e+01,4.096942359439569259e+01,4.104611350329235364e+01
5.165523880262536238e+01,5.939657294967561540e+01,5.632508047280856545e+01
3.267011999137019984e+01,5.015156113146500161e+01,4.000424166026479611e+01
4.005774765380141389e+01,3.779702136194271134e+01,4.522931186891857180e+01
3.853720082152565851e+01,4.141021628582549141e+01,4.719298787199289791e+01
4.729140301523769807e+01,7.498516041159714973e+01,6.217204951949374703e+01
6.276766105949253927e+01,7.312524850038352042e+01,5.626524306457474012e+01
3.970141296760210992e+01,3.745255740427244007e+01,3.061720915772735907e+01
7.550789810464193863e+01,9.285620591520714129e+01,8.877771090266708143e+01
4.971457042197040010e+01,6.032367093735183516e+01,7.277483176466758152e+01
8.938508101803562056e+01,8.822694011454306917e+01,8.508396286076823856e+01
6.293562138743274659e+01,7.378065963803506122e+01,7.016893163957337265e+01
8.202460909760944219e+01,6.163897956078144347e+01,7.722063340684049138e+01
4.796612665330825109e+01,4.123038144428961971e+01,5.269943462512917876e+01
3.052044986866380327e+01,3.227906590214102778e+01,3.419819148371397688e+01
4.824156322522184581e+01,4.147246265017252398e+01,4.770126057989472912e+01
6.467305488561781601e+01,5.468538855014098488e+01,8.485816203585929429e+01
5.691873861030953208e+01,5.576973007583575281e+01,6.548509518072224012e+01
5.732492126799041898e+01,7.843379674170428473e+01,8.311756742878442594e+01
5.819689359953088115e+01,7.170230204256687045e+01,5.661090120459668640e+01
6.766177686585575657e+01,6.105048343041153913e+01,7.207317227852351493e+01
8.160944951808598091e+01,6.746809457000649957e+01,6.032741488730989943e+01
5.027670642783042609e+01,7.072561872527238336e+01,6.617113735251646744e+01
2.861919480973586261e+01,2.704907765375848072e+01,3.337156677253118175e+01
4.631493244535764120e+01,4.486761389143742917e+01,3.828580045956427824e+01
3.469838873315789129e+01,5.538356955253262015e+01,4.901883809313937945e+01
8.144152362560451763e+01,8.732415567946753754e+01,8.604910473073147159e+01
7.893745316817677349e+01,8.848514955076836941e+01,8.545563271594835442e+01
9.345985116293122985e+01,1.000000000000000000e+02,7.836121983584530426e+01
9.338033573042319802e+01,7.834283932813379181e+01,8.686174262004008995e+01
7.915029806958925462e+01,5.760320206452615821e+01,5.918143349857155044e+01
6.654010409704886797e+01,5.660723206130371921e+01,5.855454849393976247e+01
7.174809875248119795e+01,6.110607442667335931e+01,6.268825037666636035e+01
5.357770265616167649e+01,6.520238309252894737e+01,5.781757003974419717e+01
7.899101991955070901e+01,1.000000000000000000e+02,9.252830189059899624e+01
6.647514990070897056e+01,6.360798535131552711e+01,6.108404470994383217e+01
7.503905063922050545e+01,6.515829882533668638e+01,9.427752055687746235e+01
6.696460338884132568e+01,5.846612060599373706e+01,7.694404069566526516e+01
5.610013241421031438e+01,7.134985863783822424e+01,6.282252804264835788e+01
3.364808457734464753e+01,3.850894059231586652e+01,2.651702508146644277e+01
7.143678449648921003e+01,6.512898965061066292e+01,6.786113130806889160e+01
9.647376943704871621e+01,7.988515203563261480e+01,8.629895888252808334e+01
9.637046751979521275e+01,7.675087296071733078e+01,9.535199471511285196e+01
6.486090890954632471e+01,7.580486223205463148e+01,6.156228866076860129e+01
7.050974730889926434e+01,6.071712957383252274e+01,6.827288159304032433e+01
3.101634360714296079e+01,4.613493834663248805e+01,3.020236177879567663e+01
6.362321692601014433e+01,8.239048084703439656e+01,8.675677004602374609e+01
3.859906437862799322e+01,5.287706961847275267e+01,3.906338671134852092e+01
3.552423405480877960e+01,3.642392432070516151e+01,3.022396490432165450e+01
9.212263596399060361e+01,8.745250533289585348e+01,9.282531785009366843e+01
8.791509735372039813e+01,1.000000000000000000e+02,8.945628202994393519e+01
3.053022937787774538e+01,2.683013048824015812e+01,5.594194240668255702e+01
6.870446368338033949e+01,5.118148369838361589e+01,5.105245071704827353e+01
9.523330532557218930e+01,9.767472171511600720e+01,8.875856562890817258e+01
5.297855238434561187e+01,5.804405153032151077e+01,6.600781773206269065e+01
7.750209400194768250e+01,5.175247268542763379e+01,5.542565410578910701e+01
6.460506713252144095e+01,6.039287186376053995e+01,5.519163121691516949e+01
6.762150963929457248e+01,6.125284269257407033e+01,6.335336516415378583e+01
6.133356304132513515e+01,6.727740852238719071e+01,5.450456751029296498e+01
3.496524412532396298e+01,4.374255826327726027e+01,4.156083178514310106e+01
6.831072747313467630e+01,6.348477865754803418e+01,6.952649257669460781e+01
8.634017429613581385e+01,8.888329935002114723e+01,8.617905901742469155e+01
8.562049379852710729e+01,8.451699323111539286e+01,8.334785617378508960e+01
4.740239651175660640e+01,4.203352541246125895e+01,2.814263600895582584e+01
5.647361132770088687e+01,4.713787729138425675e+01,6.691307889865629477e+01
2.124561684969058106e+01,5.272361838332818706e+01,4.300049721513872214e+01
9.221101948327549280e+01,8.435149845788285461e+01,8.874100334738325557e+01
3.150314312994315102e+01,3.993428015666808051e+01,4.538529284033174349e+01
8.472473375594009326e+01,9.181947100576992682e+01,8.522025512902592936e+01
6.050357256763739855e+01,5.157768323559055546e+01,8.239876765942460679e+01
5.102226130140190463e+01,6.241071204005089612e+01,6.092648135910589957e+01
4.320247926647738268e+01,1.710785303919461597e+01,4.241806574788368778e+01
5.014225193897679844e+01,7.148308831497058691e+01,5.349036162036806275e+01
3.620389653104768968e+01,3.462521808191035433e+01,3.747368411075995454e+01
5.598935311845937690e+01,6.556816558669139283e+01,6.683971009723055090e+01
8.443325211453560541e+01,7.798140643892607216e+01,8.552902780422279250e+01
9.396757635325569424e+01,7.797267082790055781e+01,8.773694818686820440e+01
6.275293232713776348e+01,7.530493774264827778e+01,6.306582803360994660e+01
7.541159789775603883e+01,5.663539566131721870e+01,7.560156886923158481e+01
4.659002505500945546e+01,3.952573883179254466e+01,3.416570450901070899e+01
7.630779213756281365e+01,6.963595270348429267e+01,5.764567806631792735e+01
9.080017315792832733e+01,8.282010988200377710e+01,7.943400688842518775e+01
7.119388353215036602e+01,7.075046056930382576e+01,5.301559885188772370e+01
6.484874770501092200e+01,6.672925443681018010e+01,6.679406564906658161e+01
7.935404482727008713e+01,7.668650848610565163e+01,5.859549653804130287e+01
5.971007105153420724e+01,7.998038222579056367e+01,6.361226642065827974e+01
7.763734261514568402e+01,6.357604575295994920e+01,6.751709672458495959e+01
3.515999429753015448e+01,3.572879809301156229e+01,3.144198070968248260e+01
8.635298062309830414e+01,8.281208701005937201e+01,8.555118634906990849e+01
9.344665721478220632e+01,9.177136895955815987e+01,7.258266508387120552e+01
6.164121444083238543e+01,6.576907978996599979e+01,7.724651221276501190e+01
6.317520834125408413e+01,7.572045291797039113e+01,5.031134771573601938e+01
2.938921065560524326e+01,3.823293434759312959e+01,3.635419991327591305e+01
6.217448890296230246e+01,7.251987056533464227e+01,6.039241848527044709e+01
7.142168150159986340e+01,6.309995936734460997e+01,6.027935766194138267e+01
6.680895684116482869e+01,5.825602103418290767e+01,6.558022442108773475e+01
8.032070177945664113e+01,8.463276111631567744e+01,7.697349132131722627e+01
4.029154980661047603e+01,4.676540294762657624e+01,2.446948703522127389e+01
8.565035498058833241e+01,1.000000000000000000e+02,9.152800862682826732e+01
4.952680835406471971e+01,3.707829172128931816e+01,4.805942088493858222e+01
5.387771952046275459e+01,6.388555918275406498e+01,6.229326807958899082e+01
4.229848482060793913e+01,4.496603856512605546e+01,4.349958747889226629e+01
6.139372582653598442e+01,6.903509561170150732e+01,6.924972791872798439e+01
4.090152960332432031e+01,5.268208971348229852e+01,3.391509637591615700e+01
2.732626928902517705e+01,3.070951836221923159e+01,3.102747150977872792e+01
6.253868160653134822e+01,7.373645620101045495e+01,6.046320821597768003e+01
4.421965847317589748e+01,2.577863951069286585e+01,5.129754702666329536e+01
5.298272997891356084e+01,2.484443081666288577e+01,3.358885792608675303e+01
8.459019083562628794e+01,8.553254488879217377e+01,9.528619151166694223e+01
6.375597224592152656e+01,6.087195549090016300e+01,5.953374325870094452e+01
4.259907775059667756e+01,5.502703305594503291e+01,3.464872527997264484e+01
6.366639684962244417e+01,7.391637192704709491e+01,5.726786486917597330e+01
3.411193679848182825e+01,3.896143862661957513e+01,4.310509538646543604e+01
6.530688114466117611e+01,6.549993213440116335e+01,5.874963774559482488e+01
3.949595987330578595e+01,2.695473902200479444e+01,5.128610283449763330e+01
4.671767949247973206e+01,4.119166832993879268e+01,4.631076570521818780e+01
7.486572325215567503e+01,4.966753697038583937e+01,7.136488530178256440e+01
7.300195649933407083e+01,8.274971571613917831e+01,7.716778734385269445e+01
5.139135923580390397e+01,5.544624951271941882e+01,5.407453546165456260e+01
3.762743237172233535e+01,4.053236652687363772e+01,3.442060941359778781e+01
6.596364494729033368e+01,5.126961674767110821e+01,5.927068909461883095e+01
8.168378208858712242e+01,8.149803708749915643e+01,8.310398468028630248e+01
8.932319154408608597e+01,9.088947426774331007e+01,9.057683897658668570e+01
6.852021049311507284e+01,6.014990360681717618e+01,7.443402187302440609e+01
7.404031957031575928e+01,6.764308395697258902e+01,6.816914867472624451e+01
6.343065466466383384e+01,6.312262247614510358e+01,7.794440672842270601e+01
7.848640714198884893e+01,8.320266856302008307e+01,7.437172756349103508e+01
3.863689261315111168e+01,2.292245066018515232e+01,4.493825264393807117e+01
3.776327077185977998e+01,3.990967322431335873e+01,4.383786012418009648e+01
3.221973733407669016e+01,3.051940765357395335e+01,5.581110989464959005e+01
7.253361793706433502e+01,6.891275759383843535e+01,7.274340103511438826e+01
4.129219721723077186e+01,5.318489729459103899e+01,3.855015172362639220e+01
4.534558274846104808e+01,3.882341200393116765e+01,4.064486220496416990e+01
4.009139612289050092e+01,3.194369420571912599e+01,5.318859778379093228e+01
5.634622412234615751e+01,6.796177748951330955e+01,5.866610554672223543e+01
4.840426919925200622e+01,3.901455763392876008e+01,4.489263492016645074e+01
3.118868631055373086e+01,3.167102826085915268e+01,3.180619783121566257e+01
4.616828973407844217e+01,3.669512037762628154e+01,4.218042098377173943e+01
4.740886200358834657e+01,5.714198831958997005e+01,4.167746107447158010e+01
4.412328322320648510e+01,3.537968890115479326e+01,5.019557773552990909e+01
6.970788762760186330e+01,5.363595456181306531e+01,6.227250040648687701e+01
4.572430441363199805e+01,3.498694752389973672e+01,3.452333048937715887e+01
4.615916785019811641e+01,4.774180309423579160e+01,4.461366689234721150e+01
5.754109385287240741e+01,5.544484965965943246e+01,6.374178685495507324e+01
8.464249994795171972e+01,7.393800889295340539e+01,8.898906589159621205e+01
2.970474047570900211e+01,5.266263557418666608e+01,3.261216176053356719e+01
3.610567426593298990e+01,5.416454087229585213e+01,4.114696136063602694e+01
9.490181585227000483e+01,9.350522463190466738e+01,8.934124465825000527e+01
7.476815408303950505e+01,6.134203835887127099e+01,6.171552068932478363e+01
3.847490024326432234e+01,3.719000864932606731e+01,4.906650615646567815e+01
9.167168422224456492e+01,7.070518985857712835e+01,7.839100605136030708e+01
4.444465670920099853e+01,3.502265839796593383e+01,4.789924116037120427e+01
4.746664016691200061e+01,3.301549778951798686e+01,2.943582405304400496e+01
3.741099807321207749e+01,4.340082507250744470e+01,5.312226248603998613e+01
8.333300843059356566e+01,8.226871658539134557e+01,8.404273207990645744e+01
5.340590092174898729e+01,6.558076037681605897e+01,5.799826937391833326e+01
4.720147651215970797e+01,4.591530137840757675e+01,3.872281354062386072e+01
7.359229670390091371e+01,5.844309472112228576e+01,7.661269897476790902e+01
9.227144291331033799e+01,7.108044712483550143e+01,8.310475330588276677e+01
3.642341926505708471e+01,4.168427736631397096e+01,5.268803064767893574e+01
6.851183106881460105e+01,7.270512778540042120e+01,6.441316164338580563e+01
4.200238138131871324e+01,4.052786641534596868e+01,3.628470544615055360e+01
4.841938410239336577e+01,4.364809745687302467e+01,2.934684191954013244e+01
8.701162116442799288e+01,8.370701369045488605e+01,8.796248635006163852e+01
7.519827363282928445e+01,7.482925029121531679e+01,7.929644886747672672e+01
9.274602656372607612e+01,9.049038394043911637e+01,8.411099031086244793e+01
6.327510804040483094e+01,7.171034958694262684e+01,5.014149389018381697e+01
4.469806129395872318e+01,4.475961966541441228e+01,3.420340937449673646e+01
5.642804841789880754e+01,6.343681276596736751e+01,6.152442010051106536e+01
7.273407065693187690e+01,6.795660112313797185e+01,7.163036304128544884e+01
7.817883866116265779e+01,7.968584537923538846e+01,8.137006334179356770e+01
4.033904982956900653e+01,3.731100317898925312e+01,2.513209649807215840e+01
6.604047643775868437e+01,6.359457680542907809e+01,5.331172546248063782e+01
6.178576369831646531e+01,6.851977249720943064e+01,7.487966047763293886e+01
7.611169348619489483e+01,8.581042749024172167e+01,9.048958147088103487e+01
5.738026748294072377e+01,7.434608667380922498e+01,5.477023427502646769e+01
3.324952017180221731e+01,2.920106070163426892e+01,4.697878943969414678e+01
